-- phpMyAdmin SQL Dump
-- version 5.2.1
-- https://www.phpmyadmin.net/
--
-- Host: localhost:3306
-- Generation Time: Oct 07, 2025 at 07:07 PM
-- Server version: 5.7.23-23
-- PHP Version: 8.1.33

SET SQL_MODE = "NO_AUTO_VALUE_ON_ZERO";
START TRANSACTION;
SET time_zone = "+00:00";


/*!40101 SET @OLD_CHARACTER_SET_CLIENT=@@CHARACTER_SET_CLIENT */;
/*!40101 SET @OLD_CHARACTER_SET_RESULTS=@@CHARACTER_SET_RESULTS */;
/*!40101 SET @OLD_COLLATION_CONNECTION=@@COLLATION_CONNECTION */;
/*!40101 SET NAMES utf8mb4 */;

--
-- Database: `getdemo_Drivingschool`
--

-- --------------------------------------------------------

--
-- Table structure for table `Batch-Schedule-master`
--

CREATE TABLE `Batch-Schedule-master` (
  `Schedule_master_id` int(11) NOT NULL,
  `SchoolId` int(11) DEFAULT NULL,
  `driver_id` int(11) DEFAULT NULL,
  `car_id` int(255) NOT NULL DEFAULT '0',
  `fromtime` varchar(45) DEFAULT NULL,
  `Totime` varchar(45) DEFAULT NULL,
  `fromdate` varchar(45) DEFAULT NULL,
  `Todate` varchar(45) DEFAULT NULL,
  `iStatus` int(11) DEFAULT '1',
  `isDelete` int(11) DEFAULT '0',
  `strIP` varchar(45) DEFAULT NULL,
  `created_at` timestamp NULL DEFAULT NULL,
  `updated_at` timestamp NULL DEFAULT NULL
) ENGINE=InnoDB DEFAULT CHARSET=utf8mb4;

--
-- Dumping data for table `Batch-Schedule-master`
--

INSERT INTO `Batch-Schedule-master` (`Schedule_master_id`, `SchoolId`, `driver_id`, `car_id`, `fromtime`, `Totime`, `fromdate`, `Todate`, `iStatus`, `isDelete`, `strIP`, `created_at`, `updated_at`) VALUES
(1, 1, NULL, 1, '16:00:00', '17:00:00', NULL, NULL, 1, 0, '103.1.100.226', '2025-03-26 10:40:28', '2025-03-26 10:40:28'),
(2, 1, NULL, 1, '17:00:00', '18:00:00', NULL, NULL, 1, 0, '103.1.100.226', '2025-03-26 10:40:41', '2025-03-26 10:40:41'),
(3, 1, NULL, 2, '18:00:00', '19:00:00', NULL, NULL, 1, 0, '103.1.100.226', '2025-03-26 10:40:55', '2025-03-26 10:40:55'),
(4, 1, NULL, 2, '20:00:00', '21:00:00', NULL, NULL, 1, 0, '103.1.100.226', '2025-03-26 10:41:11', '2025-03-26 10:41:11'),
(5, 13, NULL, 6, '12:00:00', '13:00:00', NULL, NULL, 1, 0, '103.1.100.226', '2025-03-26 11:33:58', '2025-03-26 11:33:58'),
(6, 13, NULL, 7, '14:00:00', '16:00:00', NULL, NULL, 1, 0, '103.1.100.226', '2025-03-26 11:34:11', '2025-03-26 11:34:11'),
(7, 13, NULL, 8, '17:00:00', '18:00:00', NULL, NULL, 1, 0, '103.1.100.226', '2025-03-26 11:34:24', '2025-03-26 11:34:24'),
(8, 13, NULL, 6, '18:00:00', '19:00:00', NULL, NULL, 1, 0, '103.1.100.226', '2025-03-26 11:34:48', '2025-03-26 11:34:48'),
(9, 15, NULL, 9, '09:00:00', '10:00:00', NULL, NULL, 1, 0, '103.1.100.226', '2025-03-27 06:57:58', '2025-03-27 06:57:58');

-- --------------------------------------------------------

--
-- Table structure for table `Bookings`
--

CREATE TABLE `Bookings` (
  `booking_id` int(11) NOT NULL,
  `SchoolId` int(11) DEFAULT NULL,
  `vehicles_id` int(11) DEFAULT NULL,
  `Customer_id` int(11) DEFAULT NULL,
  `Driver_id` int(11) DEFAULT NULL,
  `time` time DEFAULT NULL,
  `status` varchar(50) DEFAULT NULL,
  `date` date DEFAULT NULL,
  `plan_amount` int(11) DEFAULT NULL,
  `Plan_id` int(11) DEFAULT NULL,
  `iStatus` int(11) DEFAULT '1',
  `isDelete` int(11) DEFAULT '0',
  `strIP` varchar(45) DEFAULT NULL,
  `created_at` timestamp NULL DEFAULT NULL,
  `updated_at` timestamp NULL DEFAULT NULL
) ENGINE=InnoDB DEFAULT CHARSET=utf8mb4;

-- --------------------------------------------------------

--
-- Table structure for table `booking_payment_history`
--

CREATE TABLE `booking_payment_history` (
  `booking_payment_id` int(11) NOT NULL,
  `booking_id` int(11) DEFAULT NULL,
  `Customer_id` int(11) DEFAULT NULL,
  `amount` int(11) DEFAULT NULL,
  `payment_method` varchar(45) DEFAULT NULL,
  `payment_status` varchar(45) DEFAULT NULL,
  `payment_date` date DEFAULT NULL,
  `created_at` timestamp NULL DEFAULT NULL,
  `updated_at` timestamp NULL DEFAULT NULL,
  `strIP` varchar(50) DEFAULT NULL,
  `iStatus` int(11) DEFAULT '1',
  `isDelete` int(11) DEFAULT '0'
) ENGINE=InnoDB DEFAULT CHARSET=utf8mb4;

-- --------------------------------------------------------

--
-- Table structure for table `cache`
--

CREATE TABLE `cache` (
  `key` varchar(255) NOT NULL,
  `value` text NOT NULL,
  `expiration` int(10) UNSIGNED DEFAULT NULL
) ENGINE=InnoDB DEFAULT CHARSET=utf8mb4;

-- --------------------------------------------------------

--
-- Table structure for table `Car`
--

CREATE TABLE `Car` (
  `car_id` int(11) NOT NULL,
  `SchoolId` int(100) DEFAULT NULL,
  `type` varchar(45) DEFAULT NULL,
  `model` varchar(45) DEFAULT NULL,
  `CarBrandName` varchar(45) DEFAULT NULL,
  `car_registration_no` varchar(45) DEFAULT NULL,
  `fueltype` varchar(255) DEFAULT NULL,
  `iStatus` int(11) DEFAULT '1',
  `isDelete` int(11) DEFAULT '0',
  `strIP` varchar(45) DEFAULT NULL,
  `created_at` timestamp NULL DEFAULT NULL,
  `updated_at` timestamp NULL DEFAULT NULL
) ENGINE=InnoDB DEFAULT CHARSET=utf8mb4;

--
-- Dumping data for table `Car`
--

INSERT INTO `Car` (`car_id`, `SchoolId`, `type`, `model`, `CarBrandName`, `car_registration_no`, `fueltype`, `iStatus`, `isDelete`, `strIP`, `created_at`, `updated_at`) VALUES
(1, 1, '3', 'iX1 LWB', 'BMW', 'GJ01MD1604', '1', 1, 0, '103.1.100.226', '2025-01-27 06:57:08', '2025-01-27 06:57:08'),
(2, 1, '3', 'Toyota SW4', 'Fortuner', 'GJ11MD4316', '4', 1, 0, '103.1.100.226', '2025-01-27 06:58:30', '2025-01-27 06:58:30'),
(3, 1, '3', 'xyz', 'Abc', 'Gj11MP1404', '1', 1, 0, '42.106.22.55', '2025-01-27 11:22:23', '2025-01-27 11:22:23'),
(4, 7, '4', 'Santro', 'Suzuki', 'GJ01DJ630', '1', 1, 0, '122.170.2.14', '2025-01-29 06:40:01', '2025-01-29 06:40:01'),
(5, 9, '4', 'I10', 'Hyundai', 'GJ01VD7603', '1', 1, 0, '122.170.2.14', '2025-01-30 07:51:06', '2025-01-30 07:51:06'),
(6, 13, '3', '118d Hatchback', 'BMW', 'GJ01MD4316', '1', 1, 0, '103.1.100.226', '2025-03-26 11:30:50', '2025-03-26 11:30:50'),
(7, 13, '3', 'Huracan 580', 'Lamborghini', 'GJ11HG1221', '1', 1, 0, '103.1.100.226', '2025-03-26 11:32:06', '2025-03-26 11:32:06'),
(8, 13, '3', 'Jaguar E-pace R Dynamic HSE', 'Jaguar', 'GJ05hd3456', '1', 1, 0, '103.1.100.226', '2025-03-26 11:33:34', '2025-03-26 11:33:34'),
(9, 15, '3', 'Santro', 'Maruti', 'gj1fp4165', '1', 1, 0, '103.1.100.226', '2025-03-27 06:57:06', '2025-03-27 06:57:06');

-- --------------------------------------------------------

--
-- Table structure for table `card_payment`
--

CREATE TABLE `card_payment` (
  `id` int(11) NOT NULL,
  `order_id` varchar(255) DEFAULT NULL,
  `oid` int(11) DEFAULT '0',
  `razorpay_payment_id` varchar(255) DEFAULT NULL,
  `razorpay_order_id` varchar(255) DEFAULT NULL,
  `razorpay_signature` varchar(500) DEFAULT NULL,
  `receipt` varchar(255) DEFAULT NULL,
  `amount` int(11) DEFAULT '0',
  `advance_payment` int(11) NOT NULL DEFAULT '0',
  `currency` varchar(50) DEFAULT NULL,
  `status` varchar(50) DEFAULT 'Pending',
  `iPaymentType` int(11) DEFAULT '0' COMMENT '1:Online\\\\r\\\\n2:Offline\\\\r\\\\n3:Free',
  `Remarks` text,
  `created_at` timestamp NULL DEFAULT NULL,
  `updated_at` timestamp NULL DEFAULT NULL,
  `json` text,
  `customer_id` int(11) DEFAULT NULL,
  `package_id` int(11) DEFAULT '0',
  `full_payment` int(11) NOT NULL DEFAULT '0'
) ENGINE=InnoDB DEFAULT CHARSET=utf8mb4;

--
-- Dumping data for table `card_payment`
--

INSERT INTO `card_payment` (`id`, `order_id`, `oid`, `razorpay_payment_id`, `razorpay_order_id`, `razorpay_signature`, `receipt`, `amount`, `advance_payment`, `currency`, `status`, `iPaymentType`, `Remarks`, `created_at`, `updated_at`, `json`, `customer_id`, `package_id`, `full_payment`) VALUES
(1, '0', 1, 'pay_QBOYKWzLABbW5w', 'order_QBOXbRiyfy6eWQ', 'c7fb6abe99c78ad61e7047f692e584a260a6c7e74e4adacdfb50cd22c064f2bd', 'PAY-1-1742986817', 350, 0, 'INR', 'Success', 1, NULL, '2025-03-26 11:00:17', '2025-03-26 11:01:17', '{\"paymentId\":\"pay_QBOYKWzLABbW5w\",\"orderId\":\"order_QBOXbRiyfy6eWQ\",\"signature\":\"c7fb6abe99c78ad61e7047f692e584a260a6c7e74e4adacdfb50cd22c064f2bd\",\"data\":{\"razorpay_signature\":\"c7fb6abe99c78ad61e7047f692e584a260a6c7e74e4adacdfb50cd22c064f2bd\",\"razorpay_order_id\":\"order_QBOXbRiyfy6eWQ\",\"razorpay_payment_id\":\"pay_QBOYKWzLABbW5w\"}}', 16, 0, 1),
(2, '0', 2, NULL, NULL, NULL, 'PAY-2-1742987376', 120, 0, 'INR', 'Fail', 1, NULL, '2025-03-26 11:09:36', '2025-03-26 11:09:45', '{\"message\":\"Payment Error\",\"error\":{\"reason\":\"payment_error\",\"metadata\":{},\"code\":\"BAD_REQUEST_ERROR\",\"contact\":\"+917486984607\",\"description\":\"Payment Error\",\"step\":\"payment_authentication\",\"source\":\"customer\",\"email\":null},\"code\":2}', 16, 0, 0),
(3, '0', 2, NULL, NULL, NULL, '', 600, 0, 'INR', 'Fail', 1, NULL, '2025-03-26 11:11:17', '2025-03-26 11:11:25', '{\"message\":\"Payment Error\",\"error\":{\"reason\":\"payment_error\",\"metadata\":{},\"code\":\"BAD_REQUEST_ERROR\",\"contact\":\"+917486984607\",\"description\":\"Payment Error\",\"step\":\"payment_authentication\",\"source\":\"customer\",\"email\":null},\"code\":2}', 16, 0, 0),
(4, '0', 2, NULL, NULL, NULL, '', 600, 0, 'INR', 'Fail', 1, NULL, '2025-03-26 11:11:40', '2025-03-26 11:12:10', '{\"message\":\"Payment Error\",\"error\":{\"reason\":\"payment_error\",\"metadata\":{},\"code\":\"BAD_REQUEST_ERROR\",\"contact\":\"+917486984607\",\"description\":\"Payment Error\",\"step\":\"payment_authentication\",\"source\":\"customer\",\"email\":null},\"code\":2}', 16, 0, 0),
(5, '0', 2, NULL, NULL, NULL, '', 600, 0, 'INR', 'Fail', 1, NULL, '2025-03-26 11:18:24', '2025-03-26 11:18:41', '{\"message\":\"undefined\",\"error\":{\"reason\":\"payment_error\",\"metadata\":{},\"code\":\"BAD_REQUEST_ERROR\",\"contact\":\"+917486984607\",\"description\":\"undefined\",\"step\":\"payment_authentication\",\"source\":\"customer\",\"email\":null},\"code\":2}', 16, 0, 0),
(6, '0', 3, 'pay_QBQXPAF7rYeMXu', 'order_QBQWToYpQQtaFA', '8c954c3ab07b8ae4fc847f9870237fa9639b75456ef07e164ddd3e75db1bd40e', 'PAY-3-1742993796', 800, 0, 'INR', 'Success', 1, NULL, '2025-03-26 12:56:36', '2025-03-26 12:58:06', '{\"paymentId\":\"pay_QBQXPAF7rYeMXu\",\"orderId\":\"order_QBQWToYpQQtaFA\",\"signature\":\"8c954c3ab07b8ae4fc847f9870237fa9639b75456ef07e164ddd3e75db1bd40e\",\"data\":{\"razorpay_signature\":\"8c954c3ab07b8ae4fc847f9870237fa9639b75456ef07e164ddd3e75db1bd40e\",\"razorpay_order_id\":\"order_QBQWToYpQQtaFA\",\"razorpay_payment_id\":\"pay_QBQXPAF7rYeMXu\"}}', 16, 0, 0),
(7, '0', 3, 'pay_QBQs1sszsJ1Lox', 'order_QBQr9TLgQQzjMo', '0465378f13d3d6054a678b61729eacb58b48a84800a13220b8003955fa75194b', '7-26032025184610', 800, 0, 'INR', 'Success', 1, NULL, '2025-03-26 13:16:10', '2025-03-26 13:17:27', '{\"paymentId\":\"pay_QBQs1sszsJ1Lox\",\"orderId\":\"order_QBQr9TLgQQzjMo\",\"signature\":\"0465378f13d3d6054a678b61729eacb58b48a84800a13220b8003955fa75194b\",\"data\":{\"razorpay_signature\":\"0465378f13d3d6054a678b61729eacb58b48a84800a13220b8003955fa75194b\",\"razorpay_order_id\":\"order_QBQr9TLgQQzjMo\",\"razorpay_payment_id\":\"pay_QBQs1sszsJ1Lox\"}}', 16, 0, 1),
(8, '0', 4, 'pay_QBj82kzlXFHTzV', 'order_QBj4gzvA4ko9oi', 'f89e9596a90062b375914790e9f134cd52bc4587a2636b15b0ca9846788a2520', 'PAY-4-1743059129', 5000, 0, 'INR', 'Success', 1, NULL, '2025-03-27 07:05:29', '2025-03-27 07:09:11', '{\"paymentId\":\"pay_QBj82kzlXFHTzV\",\"orderId\":\"order_QBj4gzvA4ko9oi\",\"signature\":\"f89e9596a90062b375914790e9f134cd52bc4587a2636b15b0ca9846788a2520\",\"data\":{\"razorpay_signature\":\"f89e9596a90062b375914790e9f134cd52bc4587a2636b15b0ca9846788a2520\",\"razorpay_order_id\":\"order_QBj4gzvA4ko9oi\",\"razorpay_payment_id\":\"pay_QBj82kzlXFHTzV\"}}', 17, 0, 0),
(9, '0', 4, 'pay_QBjBbUEpD6sBrP', 'order_QBjBAzBTxqnUWx', 'c78acf225f52e3ec9ebd5989ce2184a955e60c683a68b2ce0caa92742350789d', '9-27032025124138', 5000, 0, 'INR', 'Success', 1, NULL, '2025-03-27 07:11:38', '2025-03-27 07:12:23', '{\"paymentId\":\"pay_QBjBbUEpD6sBrP\",\"orderId\":\"order_QBjBAzBTxqnUWx\",\"signature\":\"c78acf225f52e3ec9ebd5989ce2184a955e60c683a68b2ce0caa92742350789d\",\"data\":{\"razorpay_signature\":\"c78acf225f52e3ec9ebd5989ce2184a955e60c683a68b2ce0caa92742350789d\",\"razorpay_order_id\":\"order_QBjBAzBTxqnUWx\",\"razorpay_payment_id\":\"pay_QBjBbUEpD6sBrP\"}}', 17, 0, 1),
(10, '0', 5, 'pay_QC5wfcBTQMXD66', 'order_QC5vmLxuYfGWoA', '4ebc9e0a3618fe8f050204b211280d355fe7ef875c13de6a16825c6dd622a9bb', 'PAY-5-1743139619', 320, 0, 'INR', 'Success', 1, NULL, '2025-03-28 05:26:59', '2025-03-28 05:28:12', '{\"paymentId\":\"pay_QC5wfcBTQMXD66\",\"orderId\":\"order_QC5vmLxuYfGWoA\",\"signature\":\"4ebc9e0a3618fe8f050204b211280d355fe7ef875c13de6a16825c6dd622a9bb\",\"data\":{\"razorpay_signature\":\"4ebc9e0a3618fe8f050204b211280d355fe7ef875c13de6a16825c6dd622a9bb\",\"razorpay_order_id\":\"order_QC5vmLxuYfGWoA\",\"razorpay_payment_id\":\"pay_QC5wfcBTQMXD66\"}}', 11, 0, 0),
(11, '0', 6, NULL, NULL, NULL, 'PAY-6-1743143840', 200, 0, 'INR', 'Pending', 1, NULL, '2025-03-28 06:37:20', NULL, NULL, 11, 0, 0),
(12, '0', 7, 'pay_QC7CCiPlmy1bhE', 'order_QC7BfJyY19hhoz', '3555b5979d6e7c5508ba455de0e936ae4b6d0cd4fc138c028be8f538b53e6f9c', 'PAY-7-1743144044', 200, 0, 'INR', 'Success', 1, NULL, '2025-03-28 06:40:44', '2025-03-28 06:41:35', '{\"paymentId\":\"pay_QC7CCiPlmy1bhE\",\"orderId\":\"order_QC7BfJyY19hhoz\",\"signature\":\"3555b5979d6e7c5508ba455de0e936ae4b6d0cd4fc138c028be8f538b53e6f9c\",\"data\":{\"razorpay_signature\":\"3555b5979d6e7c5508ba455de0e936ae4b6d0cd4fc138c028be8f538b53e6f9c\",\"razorpay_order_id\":\"order_QC7BfJyY19hhoz\",\"razorpay_payment_id\":\"pay_QC7CCiPlmy1bhE\"}}', 11, 0, 0),
(13, '0', 8, NULL, NULL, NULL, 'PAY-8-1743146997', 320, 0, 'INR', 'Fail', 1, NULL, '2025-03-28 07:29:57', '2025-03-28 07:30:10', '{\"message\":\"undefined\",\"error\":{\"reason\":\"payment_error\",\"metadata\":{},\"code\":\"BAD_REQUEST_ERROR\",\"contact\":\"+919904500629\",\"description\":\"undefined\",\"step\":\"payment_authentication\",\"source\":\"customer\",\"email\":null},\"code\":2}', 11, 0, 0),
(14, '0', 9, NULL, NULL, NULL, 'PAY-9-1743151052', 1000, 0, 'INR', 'Fail', 1, NULL, '2025-03-28 08:37:32', '2025-03-28 08:37:46', '{\"message\":\"undefined\",\"error\":{\"reason\":\"payment_error\",\"metadata\":{},\"code\":\"BAD_REQUEST_ERROR\",\"contact\":\"+919904500629\",\"description\":\"undefined\",\"step\":\"payment_authentication\",\"source\":\"customer\",\"email\":null},\"code\":2}', 11, 0, 0),
(15, '0', 10, NULL, NULL, NULL, 'PAY-10-1743152803', 70, 0, 'INR', 'Fail', 1, NULL, '2025-03-28 09:06:43', '2025-03-28 09:08:35', '{\"message\":\"undefined\",\"error\":{\"reason\":\"payment_error\",\"metadata\":{},\"code\":\"BAD_REQUEST_ERROR\",\"contact\":\"+919904500629\",\"description\":\"undefined\",\"step\":\"payment_authentication\",\"source\":\"customer\",\"email\":null},\"code\":2}', 11, 0, 0),
(16, '0', 11, NULL, NULL, NULL, 'PAY-11-1743153101', 160, 0, 'INR', 'Pending', 1, NULL, '2025-03-28 09:11:41', NULL, NULL, 11, 0, 0),
(17, '0', 12, 'pay_QCA1N7UYfH0T6y', 'order_QCA0uLYkdK091i', 'f04d12673287277e152f21443c642758c93a6b36a4845d6a8fa129951b9735b6', 'PAY-12-1743153997', 160, 0, 'INR', 'Success', 1, NULL, '2025-03-28 09:26:37', '2025-03-28 09:27:28', '{\"paymentId\":\"pay_QCA1N7UYfH0T6y\",\"orderId\":\"order_QCA0uLYkdK091i\",\"signature\":\"f04d12673287277e152f21443c642758c93a6b36a4845d6a8fa129951b9735b6\",\"data\":{\"razorpay_signature\":\"f04d12673287277e152f21443c642758c93a6b36a4845d6a8fa129951b9735b6\",\"razorpay_order_id\":\"order_QCA0uLYkdK091i\",\"razorpay_payment_id\":\"pay_QCA1N7UYfH0T6y\"}}', 11, 0, 0),
(18, '0', 13, NULL, NULL, NULL, 'PAY-13-1743154663', 1000, 0, 'INR', 'Fail', 1, NULL, '2025-03-28 09:37:43', '2025-03-28 09:37:54', '{\"message\":\"undefined\",\"error\":{\"reason\":\"payment_error\",\"metadata\":{},\"code\":\"BAD_REQUEST_ERROR\",\"contact\":\"+919904500629\",\"description\":\"undefined\",\"step\":\"payment_authentication\",\"source\":\"customer\",\"email\":null},\"code\":2}', 11, 0, 0),
(19, '0', 14, NULL, NULL, NULL, 'PAY-14-1743155211', 240, 0, 'INR', 'Fail', 1, NULL, '2025-03-28 09:46:51', '2025-03-28 09:47:02', '{\"message\":\"undefined\",\"error\":{\"reason\":\"payment_error\",\"metadata\":{},\"code\":\"BAD_REQUEST_ERROR\",\"contact\":\"+919904500629\",\"description\":\"undefined\",\"step\":\"payment_authentication\",\"source\":\"customer\",\"email\":null},\"code\":2}', 11, 0, 0),
(20, '0', 15, 'pay_QCANsnYmDIzbqW', 'order_QCANWxA8y2LucY', '2126e621bfc4021a3b9d6bf4999e455e67cf28938d9b3fa33bded5935cd8bc67', 'PAY-15-1743155283', 400, 0, 'INR', 'Success', 1, NULL, '2025-03-28 09:48:03', '2025-03-28 09:48:45', '{\"paymentId\":\"pay_QCANsnYmDIzbqW\",\"orderId\":\"order_QCANWxA8y2LucY\",\"signature\":\"2126e621bfc4021a3b9d6bf4999e455e67cf28938d9b3fa33bded5935cd8bc67\",\"data\":{\"razorpay_signature\":\"2126e621bfc4021a3b9d6bf4999e455e67cf28938d9b3fa33bded5935cd8bc67\",\"razorpay_order_id\":\"order_QCANWxA8y2LucY\",\"razorpay_payment_id\":\"pay_QCANsnYmDIzbqW\"}}', 11, 0, 0),
(21, '0', 16, 'pay_QDL5jL617C65tM', 'order_QDL56Adzu5WIeB', 'fb5f33fac2c9742a74afde356ef8335a7821413b74716197fea6c250824ad776', 'PAY-16-1743411313', 1600, 0, 'INR', 'Success', 1, NULL, '2025-03-31 08:55:13', '2025-03-31 08:56:16', '{\"paymentId\":\"pay_QDL5jL617C65tM\",\"orderId\":\"order_QDL56Adzu5WIeB\",\"signature\":\"fb5f33fac2c9742a74afde356ef8335a7821413b74716197fea6c250824ad776\",\"data\":{\"razorpay_signature\":\"fb5f33fac2c9742a74afde356ef8335a7821413b74716197fea6c250824ad776\",\"razorpay_order_id\":\"order_QDL56Adzu5WIeB\",\"razorpay_payment_id\":\"pay_QDL5jL617C65tM\"}}', 11, 0, 1);

-- --------------------------------------------------------

--
-- Table structure for table `Cartype`
--

CREATE TABLE `Cartype` (
  `cartype_id` int(11) NOT NULL,
  `type` varchar(45) DEFAULT NULL,
  `iStatus` int(11) DEFAULT '1',
  `isDelete` int(11) DEFAULT '0',
  `strIP` varchar(45) DEFAULT NULL,
  `created_at` timestamp NULL DEFAULT NULL,
  `updated_at` timestamp NULL DEFAULT NULL
) ENGINE=InnoDB DEFAULT CHARSET=utf8mb4;

--
-- Dumping data for table `Cartype`
--

INSERT INTO `Cartype` (`cartype_id`, `type`, `iStatus`, `isDelete`, `strIP`, `created_at`, `updated_at`) VALUES
(3, 'Automatic', 1, 0, '127.0.0.1', '2025-01-09 09:37:39', '2025-01-09 09:37:39'),
(4, 'Manual', 1, 0, '127.0.0.1', '2025-01-09 09:37:39', '2025-01-09 09:37:39');

-- --------------------------------------------------------

--
-- Table structure for table `company_profit`
--

CREATE TABLE `company_profit` (
  `id` int(11) NOT NULL,
  `percentage` int(11) DEFAULT NULL,
  `iStatus` int(11) DEFAULT '1',
  `isDelete` int(11) DEFAULT '0',
  `strIP` varchar(45) DEFAULT NULL,
  `created_at` timestamp NULL DEFAULT NULL,
  `updated_at` timestamp NULL DEFAULT NULL
) ENGINE=InnoDB DEFAULT CHARSET=utf8mb4;

--
-- Dumping data for table `company_profit`
--

INSERT INTO `company_profit` (`id`, `percentage`, `iStatus`, `isDelete`, `strIP`, `created_at`, `updated_at`) VALUES
(8, 10, 1, 0, '103.1.100.226', '2025-03-29 07:27:48', '2025-04-01 09:35:01');

-- --------------------------------------------------------

--
-- Table structure for table `Customer`
--

CREATE TABLE `Customer` (
  `Customer_id` int(11) NOT NULL,
  `Customer_name` varchar(50) DEFAULT NULL,
  `Customer_address` varchar(50) DEFAULT NULL,
  `DOB` date DEFAULT NULL,
  `Customer_email` varchar(50) DEFAULT NULL,
  `Customer_phone` bigint(11) DEFAULT NULL,
  `Customer_image` varchar(255) DEFAULT NULL,
  `LandMark` varchar(50) DEFAULT NULL,
  `startride_otp` int(11) DEFAULT NULL,
  `otp_end_datetime` datetime DEFAULT NULL,
  `state_id` int(11) DEFAULT NULL,
  `created_at` timestamp NULL DEFAULT NULL,
  `updated_at` timestamp NULL DEFAULT NULL,
  `strIP` varchar(45) DEFAULT NULL,
  `iStatus` int(11) DEFAULT '1',
  `isDelete` int(11) DEFAULT '0',
  `otp` int(11) DEFAULT NULL,
  `expiry_time` datetime DEFAULT NULL,
  `isOtpVerified` int(11) NOT NULL DEFAULT '0',
  `latitude` varchar(255) DEFAULT NULL,
  `longitude` varchar(255) DEFAULT NULL,
  `password` varchar(255) DEFAULT NULL
) ENGINE=InnoDB DEFAULT CHARSET=utf8mb4;

--
-- Dumping data for table `Customer`
--

INSERT INTO `Customer` (`Customer_id`, `Customer_name`, `Customer_address`, `DOB`, `Customer_email`, `Customer_phone`, `Customer_image`, `LandMark`, `startride_otp`, `otp_end_datetime`, `state_id`, `created_at`, `updated_at`, `strIP`, `iStatus`, `isDelete`, `otp`, `expiry_time`, `isOtpVerified`, `latitude`, `longitude`, `password`) VALUES
(1, 'Nitesh', 'Isanpur', NULL, 'nitesh@gmail.com', 9723151289, '1740984508_03032025121828.jpeg', NULL, NULL, NULL, NULL, '2025-02-25 10:34:45', '2025-03-03 06:48:28', '103.1.100.226', 1, 0, 366355, '2025-02-25 16:09:45', 1, NULL, NULL, NULL),
(11, 'Mignesh patel', 'Star bazar jodhpur cross road', NULL, 'migneshpatel202@gmail.com', 9904500629, '1741409876_08032025102756.jpg', NULL, NULL, NULL, NULL, '2025-02-26 05:09:52', '2025-03-25 04:49:40', '103.1.100.226', 1, 0, 703450, '2025-02-26 10:44:52', 1, '22.982546480428255', '72.58866624114657', '$2y$12$o8CiK0W2Aj5T0TSqYtTc3uOk9o5TFmqKbzNQDTmwY63PtZKk5XYE6'),
(14, 'Nisha', NULL, NULL, 'ai.dev.laravel10@gmail.com', 9723151288, NULL, NULL, NULL, NULL, NULL, '2025-03-10 10:05:33', '2025-03-10 10:05:56', '103.1.100.226', 1, 0, 479693, '2025-03-10 15:40:33', 1, '22.982546480428255', '72.58866624114657', '$2y$12$o8CiK0W2Aj5T0TSqYtTc3uOk9o5TFmqKbzNQDTmwY63PtZKk5XYE6'),
(16, 'Nisha', 'Narol', NULL, 'nisha@gmail.com', 7486984607, NULL, NULL, NULL, NULL, NULL, '2025-03-26 06:32:48', '2025-03-26 06:40:32', '106.205.213.168', 1, 0, 396234, '2025-03-26 12:07:47', 1, '22.9958187', '72.596334', '$2y$12$nezlZiSI36tYwROMwfRGi.fQQZvgUhFzNSoHs0Z/AtdbAI83XNYJK'),
(17, 'Dharmik Chhatrala', 'India colony, thakkar Nagar, Ahmedabad', NULL, 'migneshchhatrala8412@gmail.com', 7777777777, '1743058687_27032025122807.png', NULL, NULL, NULL, NULL, '2025-03-27 06:53:11', '2025-03-27 06:58:07', '103.1.100.226', 1, 0, 246780, '2025-03-27 12:28:11', 1, '22.9959923', '72.5964581', '$2y$12$w2X856pyBvCA4jI3XnoxY.sdo/oOb64zCsSu6tZE8.hdxQ6A5SFiC');

-- --------------------------------------------------------

--
-- Table structure for table `Customer_ledger`
--

CREATE TABLE `Customer_ledger` (
  `customerledger_id` int(11) NOT NULL,
  `Customer_id` int(11) DEFAULT NULL,
  `Cr` int(11) DEFAULT NULL,
  `Dr` int(11) DEFAULT NULL,
  `opening_bal` int(11) DEFAULT NULL,
  `closing_bal` int(11) DEFAULT NULL,
  `PlanId` int(11) DEFAULT NULL,
  `sessionid` int(11) DEFAULT NULL,
  `created_at` timestamp NULL DEFAULT NULL,
  `updated_at` timestamp NULL DEFAULT NULL,
  `strIP` varchar(45) DEFAULT NULL,
  `iStatus` int(11) DEFAULT '1',
  `isDelete` int(11) DEFAULT '0'
) ENGINE=InnoDB DEFAULT CHARSET=utf8mb4;

-- --------------------------------------------------------

--
-- Table structure for table `Driver`
--

CREATE TABLE `Driver` (
  `Driver_id` int(11) NOT NULL,
  `Driver_name` varchar(50) DEFAULT NULL,
  `Driver_email` varchar(50) DEFAULT NULL,
  `Driver_address` varchar(50) DEFAULT NULL,
  `License_No` varchar(50) DEFAULT NULL,
  `mobile_number` bigint(11) DEFAULT NULL,
  `licencesexpiry_date` date DEFAULT NULL,
  `password` varchar(100) DEFAULT NULL,
  `confirm_password` varchar(100) DEFAULT NULL,
  `gender` varchar(50) DEFAULT NULL,
  `SchoolId` int(11) DEFAULT NULL,
  `experience` int(100) DEFAULT NULL,
  `women_allow_ride` int(100) DEFAULT NULL,
  `otp` int(100) DEFAULT NULL,
  `expiry_time` datetime DEFAULT NULL,
  `is_login` int(11) DEFAULT NULL,
  `last_login` varchar(50) DEFAULT NULL,
  `created_at` timestamp NULL DEFAULT NULL,
  `updated_at` timestamp NULL DEFAULT NULL,
  `strIP` varchar(45) DEFAULT NULL,
  `iStatus` int(11) DEFAULT '1',
  `isDelete` int(11) DEFAULT '0'
) ENGINE=InnoDB DEFAULT CHARSET=utf8mb4;

-- --------------------------------------------------------

--
-- Table structure for table `drivingschool`
--

CREATE TABLE `drivingschool` (
  `SchoolId` int(11) NOT NULL,
  `name` varchar(100) DEFAULT NULL,
  `mobile_number` varchar(50) DEFAULT NULL,
  `email` varchar(50) DEFAULT NULL,
  `password` varchar(100) DEFAULT NULL,
  `confirmpassword` varchar(50) DEFAULT NULL,
  `BrandName` varchar(50) DEFAULT NULL COMMENT 'ContactName',
  `Logo` varchar(250) DEFAULT NULL,
  `Ac_no` varchar(50) DEFAULT NULL,
  `Ac_holdername` varchar(50) DEFAULT NULL,
  `ifsc_code` varchar(50) DEFAULT NULL,
  `isAdminApproved` int(11) DEFAULT '0',
  `Certificate` varchar(250) DEFAULT NULL,
  `bank_name` varchar(50) DEFAULT NULL,
  `City` varchar(45) DEFAULT NULL,
  `state_id` varchar(45) DEFAULT NULL,
  `Address` varchar(100) DEFAULT NULL,
  `GST_No` varchar(50) DEFAULT NULL,
  `latitude` varchar(255) DEFAULT NULL,
  `longitude` varchar(255) DEFAULT NULL,
  `created_at` timestamp NULL DEFAULT NULL,
  `updated_at` timestamp NULL DEFAULT NULL,
  `strIP` varchar(50) DEFAULT NULL,
  `iStatus` int(11) DEFAULT '1',
  `isDelete` int(11) DEFAULT '0',
  `otp` varchar(45) DEFAULT NULL,
  `expiry_time` timestamp NULL DEFAULT NULL,
  `isOtpVerified` int(11) DEFAULT NULL,
  `is_login` int(11) DEFAULT NULL COMMENT '1=School owner,2= Driver',
  `License_No` varchar(100) DEFAULT NULL,
  `licencesexpiry_date` date DEFAULT NULL,
  `driver_schoolid` int(11) DEFAULT NULL,
  `gender` varchar(100) DEFAULT NULL,
  `experience` int(100) DEFAULT NULL,
  `women_allow_ride` int(100) DEFAULT NULL
) ENGINE=InnoDB DEFAULT CHARSET=utf8mb4;

--
-- Dumping data for table `drivingschool`
--

INSERT INTO `drivingschool` (`SchoolId`, `name`, `mobile_number`, `email`, `password`, `confirmpassword`, `BrandName`, `Logo`, `Ac_no`, `Ac_holdername`, `ifsc_code`, `isAdminApproved`, `Certificate`, `bank_name`, `City`, `state_id`, `Address`, `GST_No`, `latitude`, `longitude`, `created_at`, `updated_at`, `strIP`, `iStatus`, `isDelete`, `otp`, `expiry_time`, `isOtpVerified`, `is_login`, `License_No`, `licencesexpiry_date`, `driver_schoolid`, `gender`, `experience`, `women_allow_ride`) VALUES
(1, 'Mahesh Motor driving', '9904500629', 'migneshpatel202@gmail.com', '$2y$12$wIKHM6t.9yOLh5dpMFgGsOKIYfMEiIsUKpv4OkmxTfaT6hPJgIuV6', NULL, 'Apollo Infotech', '1743162937_28032025172537.png', '1234567890', 'Mignesh patel', 'HDFC1234', 0, '1743160915_28032025165155.png', 'HDFC', 'Ahmedabad', '5', 'Stat bazar, jodhpur cross road', 'GSTNO12345678', '22.9957854', '72.5962953', '2025-01-27 04:56:08', '2025-03-28 11:56:48', '103.1.100.226', 1, 0, '3344', '2025-02-24 07:21:03', 1, 1, NULL, NULL, NULL, NULL, NULL, NULL),
(3, 'Prit chhatrala', '2222222222', 'pritpatel123@gmail.com', '$2y$12$ecVAMlJAA3BSld3gDSSop.RagRRJJ1tGfh/M4SN/l/90.i0c2bW4W', NULL, NULL, NULL, NULL, NULL, NULL, 0, NULL, NULL, NULL, NULL, 'Rajkot', NULL, NULL, NULL, '2025-01-27 05:12:33', '2025-01-27 06:04:37', '103.1.100.226', 1, 0, NULL, NULL, NULL, 2, 'LIC2222PRIT22', '2029-01-27', 1, 'Male', 3, 1),
(5, 'Apollo ptv. ltd.', '1010101010', 'migneshchhatrala8412@gmail.com', '$2y$12$d11CiQ1nV0g3aHK5VqiF2../7YeFdnu06D87m0Rf75BCjkvXJpnG.', NULL, 'Apollo Infotech', '1737967503_27012025141503.jpg', '112233445566', 'Tarang Parmar', 'BOBIFSC1234', 0, '1737967503_27012025141503.pdf', 'BOB bank', 'Ahmedabad', '5', 'Star bazar', 'GSTNO1212121', '22.9957896', '72.596305', '2025-01-27 08:45:03', '2025-01-27 08:45:41', '103.1.100.226', 1, 0, '759458', '2025-01-27 08:48:03', 1, 1, NULL, NULL, NULL, NULL, NULL, NULL),
(6, 'Vivek', '1111111111', 'migneshpatel202@gmail.com', '$2y$12$ckrGBlm3c4aOuxcQsg7iTuRqUcJ8MjhZL7rP5hI3gTdNKZoA.39sm', NULL, NULL, NULL, NULL, NULL, NULL, 0, NULL, NULL, NULL, NULL, 'star bazaar Ahmedabad', NULL, NULL, NULL, '2025-01-27 11:18:50', '2025-01-27 11:18:50', '42.106.22.55', 1, 0, NULL, NULL, NULL, 2, 'LICGJ12345', '2026-06-30', 1, 'Male', 5, 1),
(7, 'Maharshi Driving School', '7698913508', 'parin1905@gmail.com', '$2y$12$lanzWbfeB7JyH1ygr07dee7Wx.FtR.pCekXKNTUiOaoGClnpF6c8y', NULL, 'Maharshi Driving School', '1738132658_29012025120738.jpg', '0005210000048', 'Parin Pandya', 'HDFC0000048', 0, '1738132658_29012025120738.jpg', 'HDFC Bank', 'Ahmedabad', '5', 'Naranpura', 'AWMPP1535Z1', '23.0414209', '72.5684479', '2025-01-29 06:37:38', '2025-01-29 06:37:58', '122.170.2.14', 1, 0, '211944', '2025-01-29 06:40:37', 1, 1, NULL, NULL, NULL, NULL, NULL, NULL),
(8, 'Sukhnath', '9426303441', 'parin.pandya@swastikconsultants.com', '$2y$12$P8CbrrQIQMPe97CLUJkFfuv72D4YPdEPkECWVVo97E1jW.8QpoH7u', NULL, NULL, NULL, NULL, NULL, NULL, 0, NULL, NULL, NULL, NULL, 'GHATLODIA', NULL, NULL, NULL, '2025-01-29 06:44:12', '2025-01-29 06:44:12', '122.170.2.14', 1, 0, NULL, NULL, NULL, 2, 'JHHDOOWKKZ', '2030-01-29', 7, 'Male', 5, 1),
(9, 'Test School', '9910796397', 'mohanish.marathe@live.com', '$2y$12$kmI7JwbWufKKS.uviv.dWeftQmkjzgWiOHv/77BlKHSwzftZj/zPe', NULL, 'Test School', '1738220765_30012025123605.jpg', '12345678911', 'MOHANISH MARATHE', 'ICIC0000555', 0, '1738220765_30012025123605.jpg', 'ICICI BANK', 'Ahmedabad', '5', 'B 103, Gopalanand Residency, Sneh Plaza Road, Chandkheda, Ahmedabad', 'AZT666666666666666666666', '23.0414008', '72.5684991', '2025-01-30 07:06:05', '2025-01-30 07:07:08', '122.170.2.14', 1, 0, '252564', '2025-01-30 07:09:05', 1, 1, NULL, NULL, NULL, NULL, NULL, NULL),
(10, 'Test Driver', '7698913505', 'mohanish@swastikconsultants.com', '$2y$12$l852lMpqXIgp3JfEph5Hhua7Q8pDkXZAau.vL9/PvYg4PbNsbCUR2', NULL, NULL, NULL, NULL, NULL, NULL, 0, NULL, NULL, NULL, NULL, 'Ashram Road', NULL, NULL, NULL, '2025-01-30 08:00:09', '2025-01-30 08:00:09', '219.91.134.144', 1, 0, NULL, NULL, NULL, 2, 'GJ01567468899', '2026-01-30', 9, 'Male', 2, 1),
(11, 'Meet Driver', '2020202020', 'migneshpatel202@gmail.com', '$2y$12$v8A6vp1My06UchTRjuJ3BOEpAxifA/83RLvZ2ox/oxJTaEBH4xoNy', NULL, NULL, NULL, NULL, NULL, NULL, 0, NULL, NULL, NULL, NULL, 'Star bazar jodhpur cross road ahmedabad', NULL, NULL, NULL, '2025-02-24 10:31:29', '2025-02-24 10:31:29', '103.1.100.226', 1, 0, NULL, NULL, NULL, 2, '11111', '2025-03-31', 5, 'Male', 5, 1),
(12, 'Rutvik Patel', '3333333333', 'rutvikpatel123@gmail.com', '$2y$12$.EtzNcgwNoA9.L8Q3hiBVeZlh926RUubXspNawKzv9ybCkpWA7CA2', NULL, NULL, NULL, NULL, NULL, NULL, 0, NULL, NULL, NULL, NULL, 'Star bazaar Ahmedabad', NULL, NULL, NULL, '2025-03-26 09:09:56', '2025-03-26 09:09:56', '103.1.100.226', 1, 0, NULL, NULL, NULL, 2, '123456789', '2030-03-31', 1, 'Male', 2, 1),
(13, 'Apollo School', '9999999999', 'dev7.apolloinfotech@gmail.com', '$2y$12$QRELED0MpZdpaEbFnyPJa.8QEMl1oBLdMs4UZWILu7IzBOaRNIF5a', NULL, 'Apollo infotech', '1742986927_26032025163207.jpg', '1234512345', 'apollo infotech Pvt Ltd', 'HDFC12345', 0, '1742986927_26032025163207.pdf', 'HDFC', 'Ahmedabad', '5', 'Bhairavnath road maninagar', 'GSTNo1234', '22.9958049', '72.5963192', '2025-03-26 11:02:07', '2025-03-26 11:02:32', '103.1.100.226', 1, 0, '308219', '2025-03-26 11:05:07', 1, 1, NULL, NULL, NULL, NULL, NULL, NULL),
(14, 'Divyesh jethva', '4444444444', 'divyesh123@gmail.com', '$2y$12$JNSftzZZLgXomaWL7yIIJ.tiykRNQaaxUqCjSywX.VQ5KmBs76sOO', NULL, NULL, NULL, NULL, NULL, NULL, 0, NULL, NULL, NULL, NULL, 'thaltej Ahmedabad', NULL, NULL, NULL, '2025-03-26 13:25:34', '2025-03-26 13:25:34', '103.1.100.226', 1, 0, NULL, NULL, NULL, 2, '11223355', '2032-03-26', 13, 'Male', 3, 1),
(15, 'Apollo Infotech', '9824773136', 'shahkrunal83@gmail.com', '$2y$12$r9pqVFN.2hbZaFiQFVfzseYNmjlqmucbs5XwD5IPy5oR.iFaD2Ndm', NULL, 'Apollo Infotech', '1743058528_27032025122528.jpg', '50200001150931', 'Apollo Infotech', 'HDFC005927', 0, '1743058528_27032025122528.jpg', 'HDFC', 'Ahmedabad', '5', '1,Anurag flats, Bhairavnath cross road, Maninagar', '24bqgps4162l1zh', '22.9958095', '72.5962261', '2025-03-27 06:55:28', '2025-03-27 06:55:54', '103.1.100.226', 1, 0, '500559', '2025-03-27 06:58:28', 1, 1, NULL, NULL, NULL, NULL, NULL, NULL),
(16, 'Krupa Shah', '9427534693', 'shahkrunal83@gmail.com', '$2y$12$n0wLU.tDiROd12tk51c9ZOaoAKRp7bJSfMbFslpx6icJk0Y.6KMo.', NULL, NULL, NULL, NULL, NULL, NULL, 0, NULL, NULL, NULL, NULL, 'maninagar', NULL, NULL, NULL, '2025-03-27 07:01:50', '2025-03-27 07:01:50', '103.1.100.226', 1, 0, NULL, NULL, NULL, 2, 'tt', '2030-03-27', 15, 'Female', 3, 1),
(17, 'Bharat', '5555555555', 'bharat123@gmail.com', '$2y$12$IRXSC7dobKyUOta/p6HfzOZJ0zSL5lF8s74ZrDEsRZeBELszDcoOy', NULL, NULL, NULL, NULL, NULL, NULL, 0, NULL, NULL, NULL, NULL, 'iskon cross road', NULL, NULL, NULL, '2025-03-28 06:48:40', '2025-03-28 06:48:40', '103.1.100.226', 1, 0, NULL, NULL, NULL, 2, '23456', '2025-03-31', 13, 'Male', 2, 1),
(18, 'Mignesh', '8888888888', 'dev8.apolloinfotech@gmail.com', '$2y$12$YCpkTPqmtrbhs59Oek5uVe2OrG8/WBOk7eYovdhdSKM.N8t0meZw.', NULL, 'Ganesh Driving School', '1743169446_28032025191406.jpg', '1234678', 'mignesh chhatrala', 'HDFC1234', 0, '1743169446_28032025191406.pdf', 'HDFC', 'Ahmedabad', '5', 'Nikol', '12asdf1234', '22.9958162', '72.5963335', '2025-03-28 13:44:06', '2025-03-28 13:44:21', '103.1.100.226', 1, 0, '878428', '2025-03-28 13:47:06', 1, 1, NULL, NULL, NULL, NULL, NULL, NULL),
(19, 'Somnath Driving School', '8080808080', 'vivekpatel123@gmail.com', '$2y$12$Lpc554ZjAW4epQodX4IkeOentC1QdD8m1VVJr2W8SKhM//FOESYma', NULL, 'Vivek patel', '1743224871_29032025103751.jpg', '101010101010', 'Vivek Chhatrala', 'HDFC1234', 0, '1743224871_29032025103751.jpg', 'HDFC', 'Surat', '5', 'surat road near me', 'GST12345', '22.9958116', '72.5963331', '2025-03-29 05:07:51', '2025-03-29 05:07:51', '103.1.100.226', 1, 0, '822041', '2025-03-29 05:10:51', NULL, 1, NULL, NULL, NULL, NULL, NULL, NULL),
(20, 'Somnath Driving School', '9090909090', 'dev1.apolloinfotech@gmail.com', '$2y$12$dF8qIjhWnzaBkWKFSC3zhuOOqrfvPheD8nEds/ElFL0b2YeJCmvwe', NULL, 'Vivek patel', '1743224994_29032025103954.jpg', '101010101010', 'Vivek Chhatrala', 'HDFC1234', 0, '1743224994_29032025103954.jpg', 'HDFC', 'Surat', '5', 'surat road near me', 'GST12345', '22.9958116', '72.5963331', '2025-03-29 05:09:54', '2025-03-29 05:10:11', '103.1.100.226', 1, 0, '519488', '2025-03-29 05:12:54', 1, 1, NULL, NULL, NULL, NULL, NULL, NULL);

-- --------------------------------------------------------

--
-- Table structure for table `Feedback`
--

CREATE TABLE `Feedback` (
  `feedback_id` int(11) NOT NULL,
  `Customer_id` int(11) DEFAULT NULL,
  `Driver_id` int(11) DEFAULT NULL,
  `rating` int(11) DEFAULT NULL,
  `comments` varchar(50) DEFAULT NULL,
  `SchoolId` int(11) DEFAULT NULL,
  `created_at` timestamp NULL DEFAULT NULL,
  `updated_at` timestamp NULL DEFAULT NULL,
  `strIP` varchar(50) DEFAULT NULL,
  `iStatus` int(11) DEFAULT '1',
  `isDelete` int(11) DEFAULT '0'
) ENGINE=InnoDB DEFAULT CHARSET=utf8mb4;

-- --------------------------------------------------------

--
-- Table structure for table `FuelType`
--

CREATE TABLE `FuelType` (
  `fueltype_id` int(11) NOT NULL,
  `fueltype_name` varchar(45) DEFAULT NULL,
  `iStatus` int(11) DEFAULT '1',
  `isDelete` int(11) DEFAULT '0',
  `strIP` varchar(45) DEFAULT NULL,
  `created_at` timestamp NULL DEFAULT NULL,
  `updated_at` timestamp NULL DEFAULT NULL
) ENGINE=InnoDB DEFAULT CHARSET=utf8mb4;

--
-- Dumping data for table `FuelType`
--

INSERT INTO `FuelType` (`fueltype_id`, `fueltype_name`, `iStatus`, `isDelete`, `strIP`, `created_at`, `updated_at`) VALUES
(1, 'Petrol', 1, 0, '127.0.0.1', '2025-01-09 09:35:45', '2025-01-09 09:35:57'),
(2, 'LPG', 1, 0, '127.0.0.1', '2025-01-09 09:36:04', '2025-01-09 09:36:10'),
(3, 'Diesel', 1, 0, '127.0.0.1', '2025-01-09 06:13:19', '2025-01-09 06:13:19'),
(4, 'CNG', 1, 0, '127.0.0.1', '2025-01-09 06:13:19', '2025-01-09 06:13:19');

-- --------------------------------------------------------

--
-- Table structure for table `package_order`
--

CREATE TABLE `package_order` (
  `package_order_id` int(11) NOT NULL,
  `car_id` int(11) DEFAULT NULL,
  `package_id` int(11) DEFAULT NULL,
  `start_date` date DEFAULT NULL,
  `schedule_id` int(11) DEFAULT NULL,
  `customer_name` varchar(45) DEFAULT NULL,
  `customer_phone` bigint(20) DEFAULT NULL,
  `landmark` varchar(100) DEFAULT NULL,
  `Address` varchar(100) DEFAULT NULL,
  `pincode` int(11) DEFAULT NULL,
  `strIP` text,
  `customer_id` int(11) DEFAULT NULL,
  `iAmount` int(11) DEFAULT '0',
  `car_schedule_id` int(11) DEFAULT NULL,
  `iDiscount` int(11) DEFAULT NULL,
  `iNetAmount` int(11) DEFAULT NULL,
  `isPayment` int(11) DEFAULT '0' COMMENT '0=pending,1=success,2=failed',
  `payment_mode` int(11) DEFAULT NULL COMMENT '1=online,2=cash',
  `Advance_payment_percentage` int(11) DEFAULT '0' COMMENT '1 = 20%,2 = 50%, 3= 100%',
  `status` int(11) DEFAULT '0' COMMENT '0=Available, 1=Ongoing, 2=Compeleted',
  `iStatus` int(11) DEFAULT '1',
  `start_ride_otp` int(255) NOT NULL DEFAULT '0',
  `isDelete` int(11) DEFAULT '0',
  `created_at` timestamp NULL DEFAULT NULL,
  `updated_at` timestamp NULL DEFAULT NULL,
  `start_ride` int(100) NOT NULL DEFAULT '0',
  `pickup_drop` int(11) NOT NULL DEFAULT '0',
  `pickup_drop_amount` int(255) DEFAULT '0',
  `is_schedule` int(255) NOT NULL DEFAULT '0' COMMENT '0 = pending, 1=assign -1=cancel order',
  `SchoolId` int(100) NOT NULL DEFAULT '0',
  `package_amount` int(11) NOT NULL DEFAULT '0',
  `advance_payment` int(11) NOT NULL DEFAULT '0',
  `AdminShare` int(11) NOT NULL DEFAULT '0',
  `IsPaidToCompany` int(11) NOT NULL DEFAULT '0',
  `CompanyPaymentId` int(11) NOT NULL DEFAULT '0'
) ENGINE=InnoDB DEFAULT CHARSET=utf8mb4;

--
-- Dumping data for table `package_order`
--

INSERT INTO `package_order` (`package_order_id`, `car_id`, `package_id`, `start_date`, `schedule_id`, `customer_name`, `customer_phone`, `landmark`, `Address`, `pincode`, `strIP`, `customer_id`, `iAmount`, `car_schedule_id`, `iDiscount`, `iNetAmount`, `isPayment`, `payment_mode`, `Advance_payment_percentage`, `status`, `iStatus`, `start_ride_otp`, `isDelete`, `created_at`, `updated_at`, `start_ride`, `pickup_drop`, `pickup_drop_amount`, `is_schedule`, `SchoolId`, `package_amount`, `advance_payment`, `AdminShare`, `IsPaidToCompany`, `CompanyPaymentId`) VALUES
(1, 2, 9, '2025-03-26', 3, 'Nisha', 7486984607, 'AHMEDABAD', 'Narol', 382405, '106.205.213.168', 16, 0, NULL, 100, 350, 1, NULL, 100, 0, 1, 467543, 0, '2025-03-26 11:00:17', '2025-03-27 04:48:45', 1, 1, 150, 1, 1, 200, 350, 0, 0, 0),
(2, 2, 10, '2025-03-26', 4, 'Nisha', 7486984607, 'AHMEDABAD', 'Narol', 382405, '106.205.213.168', 16, 0, NULL, 20, 600, 2, NULL, 20, 0, 1, 0, 0, '2025-03-26 11:09:36', '2025-03-26 13:25:46', 0, 1, 100, 1, 1, 500, 120, 0, 0, 0),
(3, 7, 12, '2025-03-26', 6, 'Nisha', 7486984607, 'Ahmedabad', 'Narol', 382405, '106.205.213.168', 16, 0, NULL, 50, 1600, 1, NULL, 50, 0, 1, 915169, 0, '2025-03-26 12:56:36', '2025-04-01 09:03:15', 1, 1, 400, 1, 13, 1200, 800, 0, 1, 1),
(4, 9, 14, '2025-03-28', 9, 'Dharmik Chhatrala', 7777777777, 'lotus school', 'India colony, thakkar Nagar, Ahmedabad', 382743, '103.1.100.226', 17, 0, NULL, 50, 10000, 1, NULL, 50, 0, 1, 295814, 0, '2025-03-27 07:05:29', '2025-03-27 07:14:23', 0, 1, 2500, 1, 15, 7500, 5000, 0, 0, 0),
(5, 8, 12, '2025-03-29', 7, 'Mignesh patel', 9904500629, '904, manax complex', 'Star bazar jodhpur cross road', 340082, '103.1.100.226', 11, 0, NULL, 20, 1600, 1, NULL, 20, 0, 1, 0, 0, '2025-03-28 05:26:59', '2025-04-01 09:03:15', 0, 1, 400, 1, 13, 1200, 320, 0, 1, 1),
(6, 7, 11, '2025-03-28', 6, 'Mignesh patel', 9904500629, '904, manax complex', 'Star bazar jodhpur cross road', 380040, '103.1.100.226', 11, 0, NULL, 20, 1000, 0, NULL, 20, 0, 1, 0, 0, '2025-03-28 06:37:20', '2025-04-01 09:03:15', 0, 1, 200, 1, 13, 800, 200, 0, 1, 1),
(7, 6, 11, '2025-03-28', 5, 'Mignesh patel', 9904500629, '904, manax complex', 'Star bazar jodhpur cross road', 380040, '103.1.100.226', 11, 0, NULL, 20, 1000, 1, NULL, 20, 0, 1, 0, 0, '2025-03-28 06:40:44', '2025-04-01 09:03:15', 0, 1, 200, 1, 13, 800, 200, 0, 1, 1),
(8, 6, 12, '2025-03-30', 5, 'Mignesh patel', 9904500629, '5001, krishn nagar', 'Star bazar jodhpur cross road', 380040, '103.1.100.226', 11, 0, NULL, 20, 1600, 2, NULL, 20, 0, 1, 0, 0, '2025-03-28 07:29:57', '2025-04-01 09:03:15', 0, 1, 400, -1, 13, 1200, 320, 0, 1, 1),
(9, 1, 2, '2025-03-31', 1, 'Mignesh patel', 9904500629, '5001, krishn nagar', 'Star bazar jodhpur cross road', 380040, '103.1.100.226', 11, 0, NULL, 20, 5001, 2, NULL, 20, 0, 1, 0, 0, '2025-03-28 08:37:32', '2025-03-28 08:57:15', 0, 0, 0, -1, 1, 5001, 1000, 0, 0, 0),
(10, 2, 9, '2025-04-01', 4, 'Mignesh patel', 9904500629, '5001, krishn nagar', 'Star bazar jodhpur cross road', 380040, '103.1.100.226', 11, 0, NULL, 20, 350, 2, NULL, 20, 0, 1, 0, 0, '2025-03-28 09:06:43', '2025-03-28 09:08:35', 0, 1, 150, 0, 1, 200, 70, 0, 0, 0),
(11, 7, 11, '2025-04-01', 6, 'Mignesh patel', 9904500629, '5001, krishn nagar', 'Star bazar jodhpur cross road', 380040, '103.1.100.226', 11, 0, NULL, 20, 800, 0, NULL, 20, 0, 1, 0, 0, '2025-03-28 09:11:41', '2025-04-01 09:03:15', 0, 0, 0, 0, 13, 800, 160, 0, 1, 1),
(12, 6, 11, '2025-04-05', 5, 'Mignesh patel', 9904500629, '5001, krishn nagar', 'Star bazar jodhpur cross road', 380040, '103.1.100.226', 11, 0, NULL, 20, 800, 1, NULL, 20, 0, 1, 0, 0, '2025-03-28 09:26:37', '2025-04-01 09:03:15', 0, 0, 0, 0, 13, 800, 160, 0, 1, 1),
(13, 7, 13, '2025-04-10', 6, 'Mignesh patel', 9904500629, '5001, krishn nagar', 'Star bazar jodhpur cross road', 380040, '103.1.100.226', 11, 0, NULL, 20, 5000, 2, NULL, 20, 0, 1, 0, 0, '2025-03-28 09:37:43', '2025-04-01 09:03:15', 0, 0, 0, 0, 13, 5000, 1000, 0, 1, 1),
(14, 7, 12, '2025-04-12', 6, 'Mignesh patel', 9904500629, '5001, krishn nagar', 'Star bazar jodhpur cross road', 380040, '103.1.100.226', 11, 0, NULL, 20, 1200, 2, NULL, 20, 0, 1, 0, 0, '2025-03-28 09:46:51', '2025-04-01 09:03:15', 0, 0, 0, 0, 13, 1200, 240, 0, 1, 1),
(15, 8, 11, '2025-04-15', 7, 'Mignesh patel', 9904500629, '5001, krishn nagar', 'Star bazar jodhpur cross road', 380040, '103.1.100.226', 11, 0, NULL, 50, 800, 1, NULL, 50, 0, 1, 0, 0, '2025-03-28 09:48:03', '2025-04-01 09:03:15', 0, 0, 0, 0, 13, 800, 400, 0, 1, 1),
(16, 6, 12, '2025-04-01', 5, 'Mignesh patel', 9904500629, '904, Manax complax', 'Ahmedabad', 340080, '103.1.100.226', 11, 0, NULL, 100, 1600, 1, NULL, 100, 0, 1, 0, 0, '2025-03-31 08:55:13', '2025-04-01 09:03:15', 0, 1, 400, 0, 13, 1200, 1600, 176, 1, 1);

-- --------------------------------------------------------

--
-- Table structure for table `PayToSchool`
--

CREATE TABLE `PayToSchool` (
  `PayToSchool_id` int(11) NOT NULL,
  `School_id` int(11) DEFAULT '0',
  `School_Name` varchar(45) DEFAULT NULL,
  `Amount` int(11) DEFAULT '0',
  `iStatus` int(11) DEFAULT '1',
  `isDelete` int(11) DEFAULT '0',
  `created_at` timestamp NULL DEFAULT NULL,
  `updated_at` timestamp NULL DEFAULT NULL,
  `strIP` text,
  `date` date DEFAULT NULL,
  `ref_no` varchar(45) DEFAULT NULL,
  `mode` int(11) DEFAULT '0' COMMENT 'Cash =1,Online =2,UPI =3'
) ENGINE=InnoDB DEFAULT CHARSET=utf8mb4;

--
-- Dumping data for table `PayToSchool`
--

INSERT INTO `PayToSchool` (`PayToSchool_id`, `School_id`, `School_Name`, `Amount`, `iStatus`, `isDelete`, `created_at`, `updated_at`, `strIP`, `date`, `ref_no`, `mode`) VALUES
(1, 13, 'Apollo School', 3200, 1, 0, '2025-04-01 09:03:15', '2025-04-01 09:03:15', '103.1.100.226', '2025-03-26', 'BANKTXN20250401123456', 3);

-- --------------------------------------------------------

--
-- Table structure for table `Plan`
--

CREATE TABLE `Plan` (
  `PlanId` int(11) NOT NULL,
  `name` varchar(45) DEFAULT NULL,
  `description` text,
  `price` int(11) DEFAULT NULL,
  `pickup_drop_amount` int(100) NOT NULL DEFAULT '0',
  `session` varchar(50) DEFAULT NULL,
  `SchoolId` int(11) DEFAULT NULL,
  `created_at` timestamp NULL DEFAULT NULL,
  `updated_at` timestamp NULL DEFAULT NULL,
  `strIP` varchar(45) DEFAULT NULL,
  `iStatus` int(11) DEFAULT '1',
  `isDelete` int(11) DEFAULT '0'
) ENGINE=InnoDB DEFAULT CHARSET=utf8mb4;

--
-- Dumping data for table `Plan`
--

INSERT INTO `Plan` (`PlanId`, `name`, `description`, `price`, `pickup_drop_amount`, `session`, `SchoolId`, `created_at`, `updated_at`, `strIP`, `iStatus`, `isDelete`) VALUES
(1, 'Plan 12', 'Testing...', 10000, 0, '30', 1, '2025-01-27 06:29:39', '2025-01-27 06:30:01', '103.1.100.226', 1, 0),
(2, 'Best Premium Plan', 'This new plan offers unlimited driving sessions1.', 5001, 1500, '16', 1, '2025-01-27 06:30:37', '2025-03-18 09:11:15', '103.1.100.226', 1, 0),
(4, 'Regular', 'Driving Training', 2500, 0, '15', 7, '2025-01-29 06:47:14', '2025-01-29 06:47:14', '122.170.2.14', 1, 0),
(5, 'One Day Per Week', 'Any day From Monday to Sunday', 300, 0, '120', 9, '2025-01-30 07:54:30', '2025-01-30 07:54:45', '122.170.2.14', 1, 0),
(7, 'Best Premium Plan', 'This new plan offers unlimited driving sessions1.', 5001, 1500, '16', 5, '2025-03-18 09:09:07', '2025-03-18 09:12:50', '103.1.100.226', 1, 0),
(8, 'Holi Plan', 'This new plan offers unlimited driving sessions.', 2000, 1000, '13', 1, '2025-03-18 09:43:49', '2025-03-18 09:43:49', '103.1.100.226', 1, 0),
(9, 'Plan test 1', 'Only 2 session test', 200, 150, '2', 1, '2025-03-18 11:43:26', '2025-03-18 11:43:26', '103.1.100.226', 1, 0),
(10, 'Test plan 1', 'this test plan', 500, 100, '1', 1, '2025-03-26 09:40:35', '2025-03-26 09:40:35', '103.1.100.226', 1, 0),
(11, 'Test Plan 1', 'testing 1 session', 800, 200, '1', 13, '2025-03-26 12:53:56', '2025-03-26 12:53:56', '103.1.100.226', 1, 0),
(12, 'Vacation Plan 2', 'vacation plan', 1200, 400, '2', 13, '2025-03-26 12:54:39', '2025-03-26 12:54:39', '103.1.100.226', 1, 0),
(13, 'Diwali Plan', 'Diwali Plan', 5000, 500, '5', 13, '2025-03-26 12:55:20', '2025-03-26 12:55:20', '103.1.100.226', 1, 0),
(14, 'Plan 1 25 session', '25 session will driving licence', 7500, 2500, '25', 15, '2025-03-27 06:59:03', '2025-03-27 06:59:03', '103.1.100.226', 1, 0);

-- --------------------------------------------------------

--
-- Table structure for table `Schedule`
--

CREATE TABLE `Schedule` (
  `Schedule_id` int(11) NOT NULL,
  `Customer_id` int(11) DEFAULT NULL,
  `driver_id` int(45) NOT NULL DEFAULT '0',
  `status` varchar(45) DEFAULT NULL,
  `fromtime` time DEFAULT NULL,
  `Totime` time DEFAULT NULL,
  `fromdate` date DEFAULT NULL,
  `Todate` date DEFAULT NULL,
  `car_id` int(11) DEFAULT NULL,
  `SchoolId` int(11) DEFAULT NULL,
  `package_order_id` int(11) NOT NULL DEFAULT '0',
  `iStatus` int(11) DEFAULT '1',
  `isDelete` int(11) DEFAULT '0',
  `strIP` varchar(45) DEFAULT NULL,
  `created_at` timestamp NULL DEFAULT NULL,
  `updated_at` timestamp NULL DEFAULT NULL,
  `pickup_drop_point` int(11) DEFAULT NULL,
  `day` varchar(255) DEFAULT NULL,
  `Schedulemasterid` int(11) DEFAULT NULL,
  `Schedule_date` date DEFAULT NULL,
  `attendance` int(11) NOT NULL DEFAULT '0'
) ENGINE=InnoDB DEFAULT CHARSET=utf8mb4;

--
-- Dumping data for table `Schedule`
--

INSERT INTO `Schedule` (`Schedule_id`, `Customer_id`, `driver_id`, `status`, `fromtime`, `Totime`, `fromdate`, `Todate`, `car_id`, `SchoolId`, `package_order_id`, `iStatus`, `isDelete`, `strIP`, `created_at`, `updated_at`, `pickup_drop_point`, `day`, `Schedulemasterid`, `Schedule_date`, `attendance`) VALUES
(1, 16, 3, NULL, '16:00:00', '17:00:00', NULL, NULL, 1, 1, 2, 1, 0, '103.1.100.226', '2025-03-26 10:40:28', '2025-03-26 10:45:14', NULL, NULL, 1, '2025-03-26', 0),
(2, 16, 3, NULL, '16:00:00', '17:00:00', NULL, NULL, 1, 1, 2, 1, 0, '103.1.100.226', '2025-03-26 10:40:28', '2025-03-26 10:45:14', NULL, NULL, 1, '2025-03-27', 0),
(3, 0, 0, NULL, '16:00:00', '17:00:00', NULL, NULL, 1, 1, 0, 1, 0, '103.1.100.226', '2025-03-26 10:40:28', '2025-03-26 10:40:28', NULL, NULL, 1, '2025-03-28', 0),
(4, 0, 0, NULL, '16:00:00', '17:00:00', NULL, NULL, 1, 1, 0, 1, 0, '103.1.100.226', '2025-03-26 10:40:28', '2025-03-26 10:40:28', NULL, NULL, 1, '2025-03-29', 0),
(5, 0, 0, NULL, '16:00:00', '17:00:00', NULL, NULL, 1, 1, 0, 1, 0, '103.1.100.226', '2025-03-26 10:40:28', '2025-03-26 10:40:28', NULL, NULL, 1, '2025-03-30', 0),
(6, 0, 0, NULL, '16:00:00', '17:00:00', NULL, NULL, 1, 1, 0, 1, 0, '103.1.100.226', '2025-03-26 10:40:28', '2025-03-26 10:40:28', NULL, NULL, 1, '2025-03-31', 0),
(7, 0, 0, NULL, '16:00:00', '17:00:00', NULL, NULL, 1, 1, 0, 1, 0, '103.1.100.226', '2025-03-26 10:40:28', '2025-03-26 10:40:28', NULL, NULL, 1, '2025-04-01', 0),
(8, 0, 0, NULL, '16:00:00', '17:00:00', NULL, NULL, 1, 1, 0, 1, 0, '103.1.100.226', '2025-03-26 10:40:28', '2025-03-26 10:40:28', NULL, NULL, 1, '2025-04-02', 0),
(9, 0, 0, NULL, '16:00:00', '17:00:00', NULL, NULL, 1, 1, 0, 1, 0, '103.1.100.226', '2025-03-26 10:40:28', '2025-03-26 10:40:28', NULL, NULL, 1, '2025-04-03', 0),
(10, 0, 0, NULL, '16:00:00', '17:00:00', NULL, NULL, 1, 1, 0, 1, 0, '103.1.100.226', '2025-03-26 10:40:28', '2025-03-26 10:40:28', NULL, NULL, 1, '2025-04-04', 0),
(11, 0, 0, NULL, '16:00:00', '17:00:00', NULL, NULL, 1, 1, 0, 1, 0, '103.1.100.226', '2025-03-26 10:40:28', '2025-03-26 10:40:28', NULL, NULL, 1, '2025-04-05', 0),
(12, 0, 0, NULL, '16:00:00', '17:00:00', NULL, NULL, 1, 1, 0, 1, 0, '103.1.100.226', '2025-03-26 10:40:28', '2025-03-26 10:40:28', NULL, NULL, 1, '2025-04-06', 0),
(13, 0, 0, NULL, '16:00:00', '17:00:00', NULL, NULL, 1, 1, 0, 1, 0, '103.1.100.226', '2025-03-26 10:40:28', '2025-03-26 10:40:28', NULL, NULL, 1, '2025-04-07', 0),
(14, 0, 0, NULL, '16:00:00', '17:00:00', NULL, NULL, 1, 1, 0, 1, 0, '103.1.100.226', '2025-03-26 10:40:28', '2025-03-26 10:40:28', NULL, NULL, 1, '2025-04-08', 0),
(15, 0, 0, NULL, '16:00:00', '17:00:00', NULL, NULL, 1, 1, 0, 1, 0, '103.1.100.226', '2025-03-26 10:40:28', '2025-03-26 10:40:28', NULL, NULL, 1, '2025-04-09', 0),
(16, 0, 0, NULL, '16:00:00', '17:00:00', NULL, NULL, 1, 1, 0, 1, 0, '103.1.100.226', '2025-03-26 10:40:28', '2025-03-26 10:40:28', NULL, NULL, 1, '2025-04-10', 0),
(17, 0, 0, NULL, '16:00:00', '17:00:00', NULL, NULL, 1, 1, 0, 1, 0, '103.1.100.226', '2025-03-26 10:40:28', '2025-03-26 10:40:28', NULL, NULL, 1, '2025-04-11', 0),
(18, 0, 0, NULL, '16:00:00', '17:00:00', NULL, NULL, 1, 1, 0, 1, 0, '103.1.100.226', '2025-03-26 10:40:28', '2025-03-26 10:40:28', NULL, NULL, 1, '2025-04-12', 0),
(19, 0, 0, NULL, '16:00:00', '17:00:00', NULL, NULL, 1, 1, 0, 1, 0, '103.1.100.226', '2025-03-26 10:40:28', '2025-03-26 10:40:28', NULL, NULL, 1, '2025-04-13', 0),
(20, 0, 0, NULL, '16:00:00', '17:00:00', NULL, NULL, 1, 1, 0, 1, 0, '103.1.100.226', '2025-03-26 10:40:28', '2025-03-26 10:40:28', NULL, NULL, 1, '2025-04-14', 0),
(21, 0, 0, NULL, '16:00:00', '17:00:00', NULL, NULL, 1, 1, 0, 1, 0, '103.1.100.226', '2025-03-26 10:40:28', '2025-03-26 10:40:28', NULL, NULL, 1, '2025-04-15', 0),
(22, 0, 0, NULL, '16:00:00', '17:00:00', NULL, NULL, 1, 1, 0, 1, 0, '103.1.100.226', '2025-03-26 10:40:28', '2025-03-26 10:40:28', NULL, NULL, 1, '2025-04-16', 0),
(23, 0, 0, NULL, '16:00:00', '17:00:00', NULL, NULL, 1, 1, 0, 1, 0, '103.1.100.226', '2025-03-26 10:40:28', '2025-03-26 10:40:28', NULL, NULL, 1, '2025-04-17', 0),
(24, 0, 0, NULL, '16:00:00', '17:00:00', NULL, NULL, 1, 1, 0, 1, 0, '103.1.100.226', '2025-03-26 10:40:28', '2025-03-26 10:40:28', NULL, NULL, 1, '2025-04-18', 0),
(25, 0, 0, NULL, '16:00:00', '17:00:00', NULL, NULL, 1, 1, 0, 1, 0, '103.1.100.226', '2025-03-26 10:40:28', '2025-03-26 10:40:28', NULL, NULL, 1, '2025-04-19', 0),
(26, 0, 0, NULL, '16:00:00', '17:00:00', NULL, NULL, 1, 1, 0, 1, 0, '103.1.100.226', '2025-03-26 10:40:28', '2025-03-26 10:40:28', NULL, NULL, 1, '2025-04-20', 0),
(27, 0, 0, NULL, '16:00:00', '17:00:00', NULL, NULL, 1, 1, 0, 1, 0, '103.1.100.226', '2025-03-26 10:40:28', '2025-03-26 10:40:28', NULL, NULL, 1, '2025-04-21', 0),
(28, 0, 0, NULL, '16:00:00', '17:00:00', NULL, NULL, 1, 1, 0, 1, 0, '103.1.100.226', '2025-03-26 10:40:28', '2025-03-26 10:40:28', NULL, NULL, 1, '2025-04-22', 0),
(29, 0, 0, NULL, '16:00:00', '17:00:00', NULL, NULL, 1, 1, 0, 1, 0, '103.1.100.226', '2025-03-26 10:40:28', '2025-03-26 10:40:28', NULL, NULL, 1, '2025-04-23', 0),
(30, 0, 0, NULL, '16:00:00', '17:00:00', NULL, NULL, 1, 1, 0, 1, 0, '103.1.100.226', '2025-03-26 10:40:28', '2025-03-26 10:40:28', NULL, NULL, 1, '2025-04-24', 0),
(31, 0, 0, NULL, '16:00:00', '17:00:00', NULL, NULL, 1, 1, 0, 1, 0, '103.1.100.226', '2025-03-26 10:40:28', '2025-03-26 10:40:28', NULL, NULL, 1, '2025-04-25', 0),
(32, 0, 0, NULL, '16:00:00', '17:00:00', NULL, NULL, 1, 1, 0, 1, 0, '103.1.100.226', '2025-03-26 10:40:28', '2025-03-26 10:40:28', NULL, NULL, 1, '2025-04-26', 0),
(33, 0, 0, NULL, '16:00:00', '17:00:00', NULL, NULL, 1, 1, 0, 1, 0, '103.1.100.226', '2025-03-26 10:40:28', '2025-03-26 10:40:28', NULL, NULL, 1, '2025-04-27', 0),
(34, 0, 0, NULL, '16:00:00', '17:00:00', NULL, NULL, 1, 1, 0, 1, 0, '103.1.100.226', '2025-03-26 10:40:28', '2025-03-26 10:40:28', NULL, NULL, 1, '2025-04-28', 0),
(35, 0, 0, NULL, '16:00:00', '17:00:00', NULL, NULL, 1, 1, 0, 1, 0, '103.1.100.226', '2025-03-26 10:40:28', '2025-03-26 10:40:28', NULL, NULL, 1, '2025-04-29', 0),
(36, 0, 0, NULL, '16:00:00', '17:00:00', NULL, NULL, 1, 1, 0, 1, 0, '103.1.100.226', '2025-03-26 10:40:28', '2025-03-26 10:40:28', NULL, NULL, 1, '2025-04-30', 0),
(37, 0, 0, NULL, '16:00:00', '17:00:00', NULL, NULL, 1, 1, 0, 1, 0, '103.1.100.226', '2025-03-26 10:40:28', '2025-03-26 10:40:28', NULL, NULL, 1, '2025-05-01', 0),
(38, 0, 0, NULL, '16:00:00', '17:00:00', NULL, NULL, 1, 1, 0, 1, 0, '103.1.100.226', '2025-03-26 10:40:28', '2025-03-26 10:40:28', NULL, NULL, 1, '2025-05-02', 0),
(39, 0, 0, NULL, '16:00:00', '17:00:00', NULL, NULL, 1, 1, 0, 1, 0, '103.1.100.226', '2025-03-26 10:40:28', '2025-03-26 10:40:28', NULL, NULL, 1, '2025-05-03', 0),
(40, 0, 0, NULL, '16:00:00', '17:00:00', NULL, NULL, 1, 1, 0, 1, 0, '103.1.100.226', '2025-03-26 10:40:28', '2025-03-26 10:40:28', NULL, NULL, 1, '2025-05-04', 0),
(41, 0, 0, NULL, '16:00:00', '17:00:00', NULL, NULL, 1, 1, 0, 1, 0, '103.1.100.226', '2025-03-26 10:40:28', '2025-03-26 10:40:28', NULL, NULL, 1, '2025-05-05', 0),
(42, 0, 0, NULL, '16:00:00', '17:00:00', NULL, NULL, 1, 1, 0, 1, 0, '103.1.100.226', '2025-03-26 10:40:28', '2025-03-26 10:40:28', NULL, NULL, 1, '2025-05-06', 0),
(43, 0, 0, NULL, '16:00:00', '17:00:00', NULL, NULL, 1, 1, 0, 1, 0, '103.1.100.226', '2025-03-26 10:40:28', '2025-03-26 10:40:28', NULL, NULL, 1, '2025-05-07', 0),
(44, 0, 0, NULL, '16:00:00', '17:00:00', NULL, NULL, 1, 1, 0, 1, 0, '103.1.100.226', '2025-03-26 10:40:28', '2025-03-26 10:40:28', NULL, NULL, 1, '2025-05-08', 0),
(45, 0, 0, NULL, '16:00:00', '17:00:00', NULL, NULL, 1, 1, 0, 1, 0, '103.1.100.226', '2025-03-26 10:40:28', '2025-03-26 10:40:28', NULL, NULL, 1, '2025-05-09', 0),
(46, 0, 0, NULL, '16:00:00', '17:00:00', NULL, NULL, 1, 1, 0, 1, 0, '103.1.100.226', '2025-03-26 10:40:28', '2025-03-26 10:40:28', NULL, NULL, 1, '2025-05-10', 0),
(47, 0, 0, NULL, '16:00:00', '17:00:00', NULL, NULL, 1, 1, 0, 1, 0, '103.1.100.226', '2025-03-26 10:40:28', '2025-03-26 10:40:28', NULL, NULL, 1, '2025-05-11', 0),
(48, 0, 0, NULL, '16:00:00', '17:00:00', NULL, NULL, 1, 1, 0, 1, 0, '103.1.100.226', '2025-03-26 10:40:28', '2025-03-26 10:40:28', NULL, NULL, 1, '2025-05-12', 0),
(49, 0, 0, NULL, '16:00:00', '17:00:00', NULL, NULL, 1, 1, 0, 1, 0, '103.1.100.226', '2025-03-26 10:40:28', '2025-03-26 10:40:28', NULL, NULL, 1, '2025-05-13', 0),
(50, 0, 0, NULL, '16:00:00', '17:00:00', NULL, NULL, 1, 1, 0, 1, 0, '103.1.100.226', '2025-03-26 10:40:28', '2025-03-26 10:40:28', NULL, NULL, 1, '2025-05-14', 0),
(51, 0, 0, NULL, '16:00:00', '17:00:00', NULL, NULL, 1, 1, 0, 1, 0, '103.1.100.226', '2025-03-26 10:40:28', '2025-03-26 10:40:28', NULL, NULL, 1, '2025-05-15', 0),
(52, 0, 0, NULL, '16:00:00', '17:00:00', NULL, NULL, 1, 1, 0, 1, 0, '103.1.100.226', '2025-03-26 10:40:28', '2025-03-26 10:40:28', NULL, NULL, 1, '2025-05-16', 0),
(53, 0, 0, NULL, '16:00:00', '17:00:00', NULL, NULL, 1, 1, 0, 1, 0, '103.1.100.226', '2025-03-26 10:40:28', '2025-03-26 10:40:28', NULL, NULL, 1, '2025-05-17', 0),
(54, 0, 0, NULL, '16:00:00', '17:00:00', NULL, NULL, 1, 1, 0, 1, 0, '103.1.100.226', '2025-03-26 10:40:28', '2025-03-26 10:40:28', NULL, NULL, 1, '2025-05-18', 0),
(55, 0, 0, NULL, '16:00:00', '17:00:00', NULL, NULL, 1, 1, 0, 1, 0, '103.1.100.226', '2025-03-26 10:40:28', '2025-03-26 10:40:28', NULL, NULL, 1, '2025-05-19', 0),
(56, 0, 0, NULL, '16:00:00', '17:00:00', NULL, NULL, 1, 1, 0, 1, 0, '103.1.100.226', '2025-03-26 10:40:28', '2025-03-26 10:40:28', NULL, NULL, 1, '2025-05-20', 0),
(57, 0, 0, NULL, '16:00:00', '17:00:00', NULL, NULL, 1, 1, 0, 1, 0, '103.1.100.226', '2025-03-26 10:40:28', '2025-03-26 10:40:28', NULL, NULL, 1, '2025-05-21', 0),
(58, 0, 0, NULL, '16:00:00', '17:00:00', NULL, NULL, 1, 1, 0, 1, 0, '103.1.100.226', '2025-03-26 10:40:28', '2025-03-26 10:40:28', NULL, NULL, 1, '2025-05-22', 0),
(59, 0, 0, NULL, '16:00:00', '17:00:00', NULL, NULL, 1, 1, 0, 1, 0, '103.1.100.226', '2025-03-26 10:40:28', '2025-03-26 10:40:28', NULL, NULL, 1, '2025-05-23', 0),
(60, 0, 0, NULL, '16:00:00', '17:00:00', NULL, NULL, 1, 1, 0, 1, 0, '103.1.100.226', '2025-03-26 10:40:28', '2025-03-26 10:40:28', NULL, NULL, 1, '2025-05-24', 0),
(61, 0, 0, NULL, '16:00:00', '17:00:00', NULL, NULL, 1, 1, 0, 1, 0, '103.1.100.226', '2025-03-26 10:40:28', '2025-03-26 10:40:28', NULL, NULL, 1, '2025-05-25', 0),
(62, 0, 0, NULL, '16:00:00', '17:00:00', NULL, NULL, 1, 1, 0, 1, 0, '103.1.100.226', '2025-03-26 10:40:28', '2025-03-26 10:40:28', NULL, NULL, 1, '2025-05-26', 0),
(63, 0, 0, NULL, '16:00:00', '17:00:00', NULL, NULL, 1, 1, 0, 1, 0, '103.1.100.226', '2025-03-26 10:40:28', '2025-03-26 10:40:28', NULL, NULL, 1, '2025-05-27', 0),
(64, 0, 0, NULL, '16:00:00', '17:00:00', NULL, NULL, 1, 1, 0, 1, 0, '103.1.100.226', '2025-03-26 10:40:28', '2025-03-26 10:40:28', NULL, NULL, 1, '2025-05-28', 0),
(65, 0, 0, NULL, '16:00:00', '17:00:00', NULL, NULL, 1, 1, 0, 1, 0, '103.1.100.226', '2025-03-26 10:40:28', '2025-03-26 10:40:28', NULL, NULL, 1, '2025-05-29', 0),
(66, 0, 0, NULL, '16:00:00', '17:00:00', NULL, NULL, 1, 1, 0, 1, 0, '103.1.100.226', '2025-03-26 10:40:28', '2025-03-26 10:40:28', NULL, NULL, 1, '2025-05-30', 0),
(67, 0, 0, NULL, '16:00:00', '17:00:00', NULL, NULL, 1, 1, 0, 1, 0, '103.1.100.226', '2025-03-26 10:40:28', '2025-03-26 10:40:28', NULL, NULL, 1, '2025-05-31', 0),
(68, 0, 0, NULL, '16:00:00', '17:00:00', NULL, NULL, 1, 1, 0, 1, 0, '103.1.100.226', '2025-03-26 10:40:28', '2025-03-26 10:40:28', NULL, NULL, 1, '2025-06-01', 0),
(69, 0, 0, NULL, '16:00:00', '17:00:00', NULL, NULL, 1, 1, 0, 1, 0, '103.1.100.226', '2025-03-26 10:40:28', '2025-03-26 10:40:28', NULL, NULL, 1, '2025-06-02', 0),
(70, 0, 0, NULL, '16:00:00', '17:00:00', NULL, NULL, 1, 1, 0, 1, 0, '103.1.100.226', '2025-03-26 10:40:28', '2025-03-26 10:40:28', NULL, NULL, 1, '2025-06-03', 0),
(71, 0, 0, NULL, '16:00:00', '17:00:00', NULL, NULL, 1, 1, 0, 1, 0, '103.1.100.226', '2025-03-26 10:40:28', '2025-03-26 10:40:28', NULL, NULL, 1, '2025-06-04', 0),
(72, 0, 0, NULL, '16:00:00', '17:00:00', NULL, NULL, 1, 1, 0, 1, 0, '103.1.100.226', '2025-03-26 10:40:28', '2025-03-26 10:40:28', NULL, NULL, 1, '2025-06-05', 0),
(73, 0, 0, NULL, '16:00:00', '17:00:00', NULL, NULL, 1, 1, 0, 1, 0, '103.1.100.226', '2025-03-26 10:40:28', '2025-03-26 10:40:28', NULL, NULL, 1, '2025-06-06', 0),
(74, 0, 0, NULL, '16:00:00', '17:00:00', NULL, NULL, 1, 1, 0, 1, 0, '103.1.100.226', '2025-03-26 10:40:28', '2025-03-26 10:40:28', NULL, NULL, 1, '2025-06-07', 0),
(75, 0, 0, NULL, '16:00:00', '17:00:00', NULL, NULL, 1, 1, 0, 1, 0, '103.1.100.226', '2025-03-26 10:40:28', '2025-03-26 10:40:28', NULL, NULL, 1, '2025-06-08', 0),
(76, 0, 0, NULL, '16:00:00', '17:00:00', NULL, NULL, 1, 1, 0, 1, 0, '103.1.100.226', '2025-03-26 10:40:28', '2025-03-26 10:40:28', NULL, NULL, 1, '2025-06-09', 0),
(77, 0, 0, NULL, '16:00:00', '17:00:00', NULL, NULL, 1, 1, 0, 1, 0, '103.1.100.226', '2025-03-26 10:40:28', '2025-03-26 10:40:28', NULL, NULL, 1, '2025-06-10', 0),
(78, 0, 0, NULL, '16:00:00', '17:00:00', NULL, NULL, 1, 1, 0, 1, 0, '103.1.100.226', '2025-03-26 10:40:28', '2025-03-26 10:40:28', NULL, NULL, 1, '2025-06-11', 0),
(79, 0, 0, NULL, '16:00:00', '17:00:00', NULL, NULL, 1, 1, 0, 1, 0, '103.1.100.226', '2025-03-26 10:40:28', '2025-03-26 10:40:28', NULL, NULL, 1, '2025-06-12', 0),
(80, 0, 0, NULL, '16:00:00', '17:00:00', NULL, NULL, 1, 1, 0, 1, 0, '103.1.100.226', '2025-03-26 10:40:28', '2025-03-26 10:40:28', NULL, NULL, 1, '2025-06-13', 0),
(81, 0, 0, NULL, '16:00:00', '17:00:00', NULL, NULL, 1, 1, 0, 1, 0, '103.1.100.226', '2025-03-26 10:40:28', '2025-03-26 10:40:28', NULL, NULL, 1, '2025-06-14', 0),
(82, 0, 0, NULL, '16:00:00', '17:00:00', NULL, NULL, 1, 1, 0, 1, 0, '103.1.100.226', '2025-03-26 10:40:28', '2025-03-26 10:40:28', NULL, NULL, 1, '2025-06-15', 0),
(83, 0, 0, NULL, '16:00:00', '17:00:00', NULL, NULL, 1, 1, 0, 1, 0, '103.1.100.226', '2025-03-26 10:40:28', '2025-03-26 10:40:28', NULL, NULL, 1, '2025-06-16', 0),
(84, 0, 0, NULL, '16:00:00', '17:00:00', NULL, NULL, 1, 1, 0, 1, 0, '103.1.100.226', '2025-03-26 10:40:28', '2025-03-26 10:40:28', NULL, NULL, 1, '2025-06-17', 0),
(85, 0, 0, NULL, '16:00:00', '17:00:00', NULL, NULL, 1, 1, 0, 1, 0, '103.1.100.226', '2025-03-26 10:40:28', '2025-03-26 10:40:28', NULL, NULL, 1, '2025-06-18', 0),
(86, 0, 0, NULL, '16:00:00', '17:00:00', NULL, NULL, 1, 1, 0, 1, 0, '103.1.100.226', '2025-03-26 10:40:28', '2025-03-26 10:40:28', NULL, NULL, 1, '2025-06-19', 0),
(87, 0, 0, NULL, '16:00:00', '17:00:00', NULL, NULL, 1, 1, 0, 1, 0, '103.1.100.226', '2025-03-26 10:40:28', '2025-03-26 10:40:28', NULL, NULL, 1, '2025-06-20', 0),
(88, 0, 0, NULL, '16:00:00', '17:00:00', NULL, NULL, 1, 1, 0, 1, 0, '103.1.100.226', '2025-03-26 10:40:28', '2025-03-26 10:40:28', NULL, NULL, 1, '2025-06-21', 0),
(89, 0, 0, NULL, '16:00:00', '17:00:00', NULL, NULL, 1, 1, 0, 1, 0, '103.1.100.226', '2025-03-26 10:40:28', '2025-03-26 10:40:28', NULL, NULL, 1, '2025-06-22', 0),
(90, 0, 0, NULL, '16:00:00', '17:00:00', NULL, NULL, 1, 1, 0, 1, 0, '103.1.100.226', '2025-03-26 10:40:28', '2025-03-26 10:40:28', NULL, NULL, 1, '2025-06-23', 0),
(91, 0, 0, NULL, '16:00:00', '17:00:00', NULL, NULL, 1, 1, 0, 1, 0, '103.1.100.226', '2025-03-26 10:40:28', '2025-03-26 10:40:28', NULL, NULL, 1, '2025-06-24', 0),
(92, 0, 0, NULL, '17:00:00', '18:00:00', NULL, NULL, 1, 1, 0, 1, 0, '103.1.100.226', '2025-03-26 10:40:41', '2025-03-26 10:40:41', NULL, NULL, 2, '2025-03-26', 0),
(93, 0, 0, NULL, '17:00:00', '18:00:00', NULL, NULL, 1, 1, 0, 1, 0, '103.1.100.226', '2025-03-26 10:40:41', '2025-03-26 10:40:41', NULL, NULL, 2, '2025-03-27', 0),
(94, 0, 0, NULL, '17:00:00', '18:00:00', NULL, NULL, 1, 1, 0, 1, 0, '103.1.100.226', '2025-03-26 10:40:41', '2025-03-26 10:40:41', NULL, NULL, 2, '2025-03-28', 0),
(95, 0, 0, NULL, '17:00:00', '18:00:00', NULL, NULL, 1, 1, 0, 1, 0, '103.1.100.226', '2025-03-26 10:40:41', '2025-03-26 10:40:41', NULL, NULL, 2, '2025-03-29', 0),
(96, 0, 0, NULL, '17:00:00', '18:00:00', NULL, NULL, 1, 1, 0, 1, 0, '103.1.100.226', '2025-03-26 10:40:41', '2025-03-26 10:40:41', NULL, NULL, 2, '2025-03-30', 0),
(97, 0, 0, NULL, '17:00:00', '18:00:00', NULL, NULL, 1, 1, 0, 1, 0, '103.1.100.226', '2025-03-26 10:40:41', '2025-03-26 10:40:41', NULL, NULL, 2, '2025-03-31', 0),
(98, 0, 0, NULL, '17:00:00', '18:00:00', NULL, NULL, 1, 1, 0, 1, 0, '103.1.100.226', '2025-03-26 10:40:41', '2025-03-26 10:40:41', NULL, NULL, 2, '2025-04-01', 0),
(99, 0, 0, NULL, '17:00:00', '18:00:00', NULL, NULL, 1, 1, 0, 1, 0, '103.1.100.226', '2025-03-26 10:40:41', '2025-03-26 10:40:41', NULL, NULL, 2, '2025-04-02', 0),
(100, 0, 0, NULL, '17:00:00', '18:00:00', NULL, NULL, 1, 1, 0, 1, 0, '103.1.100.226', '2025-03-26 10:40:41', '2025-03-26 10:40:41', NULL, NULL, 2, '2025-04-03', 0),
(101, 0, 0, NULL, '17:00:00', '18:00:00', NULL, NULL, 1, 1, 0, 1, 0, '103.1.100.226', '2025-03-26 10:40:41', '2025-03-26 10:40:41', NULL, NULL, 2, '2025-04-04', 0),
(102, 0, 0, NULL, '17:00:00', '18:00:00', NULL, NULL, 1, 1, 0, 1, 0, '103.1.100.226', '2025-03-26 10:40:41', '2025-03-26 10:40:41', NULL, NULL, 2, '2025-04-05', 0),
(103, 0, 0, NULL, '17:00:00', '18:00:00', NULL, NULL, 1, 1, 0, 1, 0, '103.1.100.226', '2025-03-26 10:40:41', '2025-03-26 10:40:41', NULL, NULL, 2, '2025-04-06', 0),
(104, 0, 0, NULL, '17:00:00', '18:00:00', NULL, NULL, 1, 1, 0, 1, 0, '103.1.100.226', '2025-03-26 10:40:41', '2025-03-26 10:40:41', NULL, NULL, 2, '2025-04-07', 0),
(105, 0, 0, NULL, '17:00:00', '18:00:00', NULL, NULL, 1, 1, 0, 1, 0, '103.1.100.226', '2025-03-26 10:40:41', '2025-03-26 10:40:41', NULL, NULL, 2, '2025-04-08', 0),
(106, 0, 0, NULL, '17:00:00', '18:00:00', NULL, NULL, 1, 1, 0, 1, 0, '103.1.100.226', '2025-03-26 10:40:41', '2025-03-26 10:40:41', NULL, NULL, 2, '2025-04-09', 0),
(107, 0, 0, NULL, '17:00:00', '18:00:00', NULL, NULL, 1, 1, 0, 1, 0, '103.1.100.226', '2025-03-26 10:40:41', '2025-03-26 10:40:41', NULL, NULL, 2, '2025-04-10', 0),
(108, 0, 0, NULL, '17:00:00', '18:00:00', NULL, NULL, 1, 1, 0, 1, 0, '103.1.100.226', '2025-03-26 10:40:41', '2025-03-26 10:40:41', NULL, NULL, 2, '2025-04-11', 0),
(109, 0, 0, NULL, '17:00:00', '18:00:00', NULL, NULL, 1, 1, 0, 1, 0, '103.1.100.226', '2025-03-26 10:40:41', '2025-03-26 10:40:41', NULL, NULL, 2, '2025-04-12', 0),
(110, 0, 0, NULL, '17:00:00', '18:00:00', NULL, NULL, 1, 1, 0, 1, 0, '103.1.100.226', '2025-03-26 10:40:41', '2025-03-26 10:40:41', NULL, NULL, 2, '2025-04-13', 0),
(111, 0, 0, NULL, '17:00:00', '18:00:00', NULL, NULL, 1, 1, 0, 1, 0, '103.1.100.226', '2025-03-26 10:40:41', '2025-03-26 10:40:41', NULL, NULL, 2, '2025-04-14', 0),
(112, 0, 0, NULL, '17:00:00', '18:00:00', NULL, NULL, 1, 1, 0, 1, 0, '103.1.100.226', '2025-03-26 10:40:41', '2025-03-26 10:40:41', NULL, NULL, 2, '2025-04-15', 0),
(113, 0, 0, NULL, '17:00:00', '18:00:00', NULL, NULL, 1, 1, 0, 1, 0, '103.1.100.226', '2025-03-26 10:40:41', '2025-03-26 10:40:41', NULL, NULL, 2, '2025-04-16', 0),
(114, 0, 0, NULL, '17:00:00', '18:00:00', NULL, NULL, 1, 1, 0, 1, 0, '103.1.100.226', '2025-03-26 10:40:41', '2025-03-26 10:40:41', NULL, NULL, 2, '2025-04-17', 0),
(115, 0, 0, NULL, '17:00:00', '18:00:00', NULL, NULL, 1, 1, 0, 1, 0, '103.1.100.226', '2025-03-26 10:40:41', '2025-03-26 10:40:41', NULL, NULL, 2, '2025-04-18', 0),
(116, 0, 0, NULL, '17:00:00', '18:00:00', NULL, NULL, 1, 1, 0, 1, 0, '103.1.100.226', '2025-03-26 10:40:41', '2025-03-26 10:40:41', NULL, NULL, 2, '2025-04-19', 0),
(117, 0, 0, NULL, '17:00:00', '18:00:00', NULL, NULL, 1, 1, 0, 1, 0, '103.1.100.226', '2025-03-26 10:40:41', '2025-03-26 10:40:41', NULL, NULL, 2, '2025-04-20', 0),
(118, 0, 0, NULL, '17:00:00', '18:00:00', NULL, NULL, 1, 1, 0, 1, 0, '103.1.100.226', '2025-03-26 10:40:41', '2025-03-26 10:40:41', NULL, NULL, 2, '2025-04-21', 0),
(119, 0, 0, NULL, '17:00:00', '18:00:00', NULL, NULL, 1, 1, 0, 1, 0, '103.1.100.226', '2025-03-26 10:40:41', '2025-03-26 10:40:41', NULL, NULL, 2, '2025-04-22', 0),
(120, 0, 0, NULL, '17:00:00', '18:00:00', NULL, NULL, 1, 1, 0, 1, 0, '103.1.100.226', '2025-03-26 10:40:41', '2025-03-26 10:40:41', NULL, NULL, 2, '2025-04-23', 0),
(121, 0, 0, NULL, '17:00:00', '18:00:00', NULL, NULL, 1, 1, 0, 1, 0, '103.1.100.226', '2025-03-26 10:40:41', '2025-03-26 10:40:41', NULL, NULL, 2, '2025-04-24', 0),
(122, 0, 0, NULL, '17:00:00', '18:00:00', NULL, NULL, 1, 1, 0, 1, 0, '103.1.100.226', '2025-03-26 10:40:41', '2025-03-26 10:40:41', NULL, NULL, 2, '2025-04-25', 0),
(123, 0, 0, NULL, '17:00:00', '18:00:00', NULL, NULL, 1, 1, 0, 1, 0, '103.1.100.226', '2025-03-26 10:40:41', '2025-03-26 10:40:41', NULL, NULL, 2, '2025-04-26', 0),
(124, 0, 0, NULL, '17:00:00', '18:00:00', NULL, NULL, 1, 1, 0, 1, 0, '103.1.100.226', '2025-03-26 10:40:41', '2025-03-26 10:40:41', NULL, NULL, 2, '2025-04-27', 0),
(125, 0, 0, NULL, '17:00:00', '18:00:00', NULL, NULL, 1, 1, 0, 1, 0, '103.1.100.226', '2025-03-26 10:40:41', '2025-03-26 10:40:41', NULL, NULL, 2, '2025-04-28', 0),
(126, 0, 0, NULL, '17:00:00', '18:00:00', NULL, NULL, 1, 1, 0, 1, 0, '103.1.100.226', '2025-03-26 10:40:41', '2025-03-26 10:40:41', NULL, NULL, 2, '2025-04-29', 0),
(127, 0, 0, NULL, '17:00:00', '18:00:00', NULL, NULL, 1, 1, 0, 1, 0, '103.1.100.226', '2025-03-26 10:40:41', '2025-03-26 10:40:41', NULL, NULL, 2, '2025-04-30', 0),
(128, 0, 0, NULL, '17:00:00', '18:00:00', NULL, NULL, 1, 1, 0, 1, 0, '103.1.100.226', '2025-03-26 10:40:41', '2025-03-26 10:40:41', NULL, NULL, 2, '2025-05-01', 0),
(129, 0, 0, NULL, '17:00:00', '18:00:00', NULL, NULL, 1, 1, 0, 1, 0, '103.1.100.226', '2025-03-26 10:40:41', '2025-03-26 10:40:41', NULL, NULL, 2, '2025-05-02', 0),
(130, 0, 0, NULL, '17:00:00', '18:00:00', NULL, NULL, 1, 1, 0, 1, 0, '103.1.100.226', '2025-03-26 10:40:41', '2025-03-26 10:40:41', NULL, NULL, 2, '2025-05-03', 0),
(131, 0, 0, NULL, '17:00:00', '18:00:00', NULL, NULL, 1, 1, 0, 1, 0, '103.1.100.226', '2025-03-26 10:40:41', '2025-03-26 10:40:41', NULL, NULL, 2, '2025-05-04', 0),
(132, 0, 0, NULL, '17:00:00', '18:00:00', NULL, NULL, 1, 1, 0, 1, 0, '103.1.100.226', '2025-03-26 10:40:41', '2025-03-26 10:40:41', NULL, NULL, 2, '2025-05-05', 0),
(133, 0, 0, NULL, '17:00:00', '18:00:00', NULL, NULL, 1, 1, 0, 1, 0, '103.1.100.226', '2025-03-26 10:40:41', '2025-03-26 10:40:41', NULL, NULL, 2, '2025-05-06', 0),
(134, 0, 0, NULL, '17:00:00', '18:00:00', NULL, NULL, 1, 1, 0, 1, 0, '103.1.100.226', '2025-03-26 10:40:41', '2025-03-26 10:40:41', NULL, NULL, 2, '2025-05-07', 0),
(135, 0, 0, NULL, '17:00:00', '18:00:00', NULL, NULL, 1, 1, 0, 1, 0, '103.1.100.226', '2025-03-26 10:40:41', '2025-03-26 10:40:41', NULL, NULL, 2, '2025-05-08', 0),
(136, 0, 0, NULL, '17:00:00', '18:00:00', NULL, NULL, 1, 1, 0, 1, 0, '103.1.100.226', '2025-03-26 10:40:41', '2025-03-26 10:40:41', NULL, NULL, 2, '2025-05-09', 0),
(137, 0, 0, NULL, '17:00:00', '18:00:00', NULL, NULL, 1, 1, 0, 1, 0, '103.1.100.226', '2025-03-26 10:40:41', '2025-03-26 10:40:41', NULL, NULL, 2, '2025-05-10', 0),
(138, 0, 0, NULL, '17:00:00', '18:00:00', NULL, NULL, 1, 1, 0, 1, 0, '103.1.100.226', '2025-03-26 10:40:41', '2025-03-26 10:40:41', NULL, NULL, 2, '2025-05-11', 0),
(139, 0, 0, NULL, '17:00:00', '18:00:00', NULL, NULL, 1, 1, 0, 1, 0, '103.1.100.226', '2025-03-26 10:40:41', '2025-03-26 10:40:41', NULL, NULL, 2, '2025-05-12', 0),
(140, 0, 0, NULL, '17:00:00', '18:00:00', NULL, NULL, 1, 1, 0, 1, 0, '103.1.100.226', '2025-03-26 10:40:41', '2025-03-26 10:40:41', NULL, NULL, 2, '2025-05-13', 0),
(141, 0, 0, NULL, '17:00:00', '18:00:00', NULL, NULL, 1, 1, 0, 1, 0, '103.1.100.226', '2025-03-26 10:40:41', '2025-03-26 10:40:41', NULL, NULL, 2, '2025-05-14', 0),
(142, 0, 0, NULL, '17:00:00', '18:00:00', NULL, NULL, 1, 1, 0, 1, 0, '103.1.100.226', '2025-03-26 10:40:41', '2025-03-26 10:40:41', NULL, NULL, 2, '2025-05-15', 0),
(143, 0, 0, NULL, '17:00:00', '18:00:00', NULL, NULL, 1, 1, 0, 1, 0, '103.1.100.226', '2025-03-26 10:40:41', '2025-03-26 10:40:41', NULL, NULL, 2, '2025-05-16', 0),
(144, 0, 0, NULL, '17:00:00', '18:00:00', NULL, NULL, 1, 1, 0, 1, 0, '103.1.100.226', '2025-03-26 10:40:41', '2025-03-26 10:40:41', NULL, NULL, 2, '2025-05-17', 0),
(145, 0, 0, NULL, '17:00:00', '18:00:00', NULL, NULL, 1, 1, 0, 1, 0, '103.1.100.226', '2025-03-26 10:40:41', '2025-03-26 10:40:41', NULL, NULL, 2, '2025-05-18', 0),
(146, 0, 0, NULL, '17:00:00', '18:00:00', NULL, NULL, 1, 1, 0, 1, 0, '103.1.100.226', '2025-03-26 10:40:41', '2025-03-26 10:40:41', NULL, NULL, 2, '2025-05-19', 0),
(147, 0, 0, NULL, '17:00:00', '18:00:00', NULL, NULL, 1, 1, 0, 1, 0, '103.1.100.226', '2025-03-26 10:40:41', '2025-03-26 10:40:41', NULL, NULL, 2, '2025-05-20', 0),
(148, 0, 0, NULL, '17:00:00', '18:00:00', NULL, NULL, 1, 1, 0, 1, 0, '103.1.100.226', '2025-03-26 10:40:41', '2025-03-26 10:40:41', NULL, NULL, 2, '2025-05-21', 0),
(149, 0, 0, NULL, '17:00:00', '18:00:00', NULL, NULL, 1, 1, 0, 1, 0, '103.1.100.226', '2025-03-26 10:40:41', '2025-03-26 10:40:41', NULL, NULL, 2, '2025-05-22', 0),
(150, 0, 0, NULL, '17:00:00', '18:00:00', NULL, NULL, 1, 1, 0, 1, 0, '103.1.100.226', '2025-03-26 10:40:41', '2025-03-26 10:40:41', NULL, NULL, 2, '2025-05-23', 0),
(151, 0, 0, NULL, '17:00:00', '18:00:00', NULL, NULL, 1, 1, 0, 1, 0, '103.1.100.226', '2025-03-26 10:40:41', '2025-03-26 10:40:41', NULL, NULL, 2, '2025-05-24', 0),
(152, 0, 0, NULL, '17:00:00', '18:00:00', NULL, NULL, 1, 1, 0, 1, 0, '103.1.100.226', '2025-03-26 10:40:41', '2025-03-26 10:40:41', NULL, NULL, 2, '2025-05-25', 0),
(153, 0, 0, NULL, '17:00:00', '18:00:00', NULL, NULL, 1, 1, 0, 1, 0, '103.1.100.226', '2025-03-26 10:40:41', '2025-03-26 10:40:41', NULL, NULL, 2, '2025-05-26', 0),
(154, 0, 0, NULL, '17:00:00', '18:00:00', NULL, NULL, 1, 1, 0, 1, 0, '103.1.100.226', '2025-03-26 10:40:41', '2025-03-26 10:40:41', NULL, NULL, 2, '2025-05-27', 0),
(155, 0, 0, NULL, '17:00:00', '18:00:00', NULL, NULL, 1, 1, 0, 1, 0, '103.1.100.226', '2025-03-26 10:40:41', '2025-03-26 10:40:41', NULL, NULL, 2, '2025-05-28', 0),
(156, 0, 0, NULL, '17:00:00', '18:00:00', NULL, NULL, 1, 1, 0, 1, 0, '103.1.100.226', '2025-03-26 10:40:41', '2025-03-26 10:40:41', NULL, NULL, 2, '2025-05-29', 0),
(157, 0, 0, NULL, '17:00:00', '18:00:00', NULL, NULL, 1, 1, 0, 1, 0, '103.1.100.226', '2025-03-26 10:40:41', '2025-03-26 10:40:41', NULL, NULL, 2, '2025-05-30', 0),
(158, 0, 0, NULL, '17:00:00', '18:00:00', NULL, NULL, 1, 1, 0, 1, 0, '103.1.100.226', '2025-03-26 10:40:41', '2025-03-26 10:40:41', NULL, NULL, 2, '2025-05-31', 0),
(159, 0, 0, NULL, '17:00:00', '18:00:00', NULL, NULL, 1, 1, 0, 1, 0, '103.1.100.226', '2025-03-26 10:40:41', '2025-03-26 10:40:41', NULL, NULL, 2, '2025-06-01', 0),
(160, 0, 0, NULL, '17:00:00', '18:00:00', NULL, NULL, 1, 1, 0, 1, 0, '103.1.100.226', '2025-03-26 10:40:41', '2025-03-26 10:40:41', NULL, NULL, 2, '2025-06-02', 0),
(161, 0, 0, NULL, '17:00:00', '18:00:00', NULL, NULL, 1, 1, 0, 1, 0, '103.1.100.226', '2025-03-26 10:40:41', '2025-03-26 10:40:41', NULL, NULL, 2, '2025-06-03', 0),
(162, 0, 0, NULL, '17:00:00', '18:00:00', NULL, NULL, 1, 1, 0, 1, 0, '103.1.100.226', '2025-03-26 10:40:41', '2025-03-26 10:40:41', NULL, NULL, 2, '2025-06-04', 0),
(163, 0, 0, NULL, '17:00:00', '18:00:00', NULL, NULL, 1, 1, 0, 1, 0, '103.1.100.226', '2025-03-26 10:40:41', '2025-03-26 10:40:41', NULL, NULL, 2, '2025-06-05', 0),
(164, 0, 0, NULL, '17:00:00', '18:00:00', NULL, NULL, 1, 1, 0, 1, 0, '103.1.100.226', '2025-03-26 10:40:41', '2025-03-26 10:40:41', NULL, NULL, 2, '2025-06-06', 0),
(165, 0, 0, NULL, '17:00:00', '18:00:00', NULL, NULL, 1, 1, 0, 1, 0, '103.1.100.226', '2025-03-26 10:40:41', '2025-03-26 10:40:41', NULL, NULL, 2, '2025-06-07', 0),
(166, 0, 0, NULL, '17:00:00', '18:00:00', NULL, NULL, 1, 1, 0, 1, 0, '103.1.100.226', '2025-03-26 10:40:41', '2025-03-26 10:40:41', NULL, NULL, 2, '2025-06-08', 0),
(167, 0, 0, NULL, '17:00:00', '18:00:00', NULL, NULL, 1, 1, 0, 1, 0, '103.1.100.226', '2025-03-26 10:40:41', '2025-03-26 10:40:41', NULL, NULL, 2, '2025-06-09', 0),
(168, 0, 0, NULL, '17:00:00', '18:00:00', NULL, NULL, 1, 1, 0, 1, 0, '103.1.100.226', '2025-03-26 10:40:41', '2025-03-26 10:40:41', NULL, NULL, 2, '2025-06-10', 0),
(169, 0, 0, NULL, '17:00:00', '18:00:00', NULL, NULL, 1, 1, 0, 1, 0, '103.1.100.226', '2025-03-26 10:40:41', '2025-03-26 10:40:41', NULL, NULL, 2, '2025-06-11', 0),
(170, 0, 0, NULL, '17:00:00', '18:00:00', NULL, NULL, 1, 1, 0, 1, 0, '103.1.100.226', '2025-03-26 10:40:41', '2025-03-26 10:40:41', NULL, NULL, 2, '2025-06-12', 0),
(171, 0, 0, NULL, '17:00:00', '18:00:00', NULL, NULL, 1, 1, 0, 1, 0, '103.1.100.226', '2025-03-26 10:40:41', '2025-03-26 10:40:41', NULL, NULL, 2, '2025-06-13', 0),
(172, 0, 0, NULL, '17:00:00', '18:00:00', NULL, NULL, 1, 1, 0, 1, 0, '103.1.100.226', '2025-03-26 10:40:41', '2025-03-26 10:40:41', NULL, NULL, 2, '2025-06-14', 0),
(173, 0, 0, NULL, '17:00:00', '18:00:00', NULL, NULL, 1, 1, 0, 1, 0, '103.1.100.226', '2025-03-26 10:40:41', '2025-03-26 10:40:41', NULL, NULL, 2, '2025-06-15', 0),
(174, 0, 0, NULL, '17:00:00', '18:00:00', NULL, NULL, 1, 1, 0, 1, 0, '103.1.100.226', '2025-03-26 10:40:41', '2025-03-26 10:40:41', NULL, NULL, 2, '2025-06-16', 0),
(175, 0, 0, NULL, '17:00:00', '18:00:00', NULL, NULL, 1, 1, 0, 1, 0, '103.1.100.226', '2025-03-26 10:40:41', '2025-03-26 10:40:41', NULL, NULL, 2, '2025-06-17', 0),
(176, 0, 0, NULL, '17:00:00', '18:00:00', NULL, NULL, 1, 1, 0, 1, 0, '103.1.100.226', '2025-03-26 10:40:41', '2025-03-26 10:40:41', NULL, NULL, 2, '2025-06-18', 0),
(177, 0, 0, NULL, '17:00:00', '18:00:00', NULL, NULL, 1, 1, 0, 1, 0, '103.1.100.226', '2025-03-26 10:40:41', '2025-03-26 10:40:41', NULL, NULL, 2, '2025-06-19', 0),
(178, 0, 0, NULL, '17:00:00', '18:00:00', NULL, NULL, 1, 1, 0, 1, 0, '103.1.100.226', '2025-03-26 10:40:41', '2025-03-26 10:40:41', NULL, NULL, 2, '2025-06-20', 0),
(179, 0, 0, NULL, '17:00:00', '18:00:00', NULL, NULL, 1, 1, 0, 1, 0, '103.1.100.226', '2025-03-26 10:40:41', '2025-03-26 10:40:41', NULL, NULL, 2, '2025-06-21', 0),
(180, 0, 0, NULL, '17:00:00', '18:00:00', NULL, NULL, 1, 1, 0, 1, 0, '103.1.100.226', '2025-03-26 10:40:41', '2025-03-26 10:40:41', NULL, NULL, 2, '2025-06-22', 0),
(181, 0, 0, NULL, '17:00:00', '18:00:00', NULL, NULL, 1, 1, 0, 1, 0, '103.1.100.226', '2025-03-26 10:40:41', '2025-03-26 10:40:41', NULL, NULL, 2, '2025-06-23', 0),
(182, 0, 0, NULL, '17:00:00', '18:00:00', NULL, NULL, 1, 1, 0, 1, 0, '103.1.100.226', '2025-03-26 10:40:41', '2025-03-26 10:40:41', NULL, NULL, 2, '2025-06-24', 0),
(183, 16, 12, NULL, '18:00:00', '19:00:00', NULL, NULL, 2, 1, 1, 1, 0, '103.1.100.226', '2025-03-26 10:40:55', '2025-03-26 11:04:50', NULL, NULL, 3, '2025-03-26', 1),
(184, 16, 12, NULL, '18:00:00', '19:00:00', NULL, NULL, 2, 1, 1, 1, 0, '103.1.100.226', '2025-03-26 10:40:55', '2025-03-27 04:48:53', NULL, NULL, 3, '2025-03-27', 1),
(185, 16, 0, NULL, '18:00:00', '19:00:00', NULL, NULL, 2, 1, 0, 1, 0, '103.1.100.226', '2025-03-26 10:40:55', '2025-03-26 11:06:20', NULL, NULL, 3, '2025-03-28', 0),
(186, 16, 0, NULL, '18:00:00', '19:00:00', NULL, NULL, 2, 1, 0, 1, 0, '103.1.100.226', '2025-03-26 10:40:55', '2025-03-26 11:08:41', NULL, NULL, 3, '2025-03-29', 0),
(187, 0, 0, NULL, '18:00:00', '19:00:00', NULL, NULL, 2, 1, 0, 1, 0, '103.1.100.226', '2025-03-26 10:40:55', '2025-03-26 10:40:55', NULL, NULL, 3, '2025-03-30', 0),
(188, 0, 0, NULL, '18:00:00', '19:00:00', NULL, NULL, 2, 1, 0, 1, 0, '103.1.100.226', '2025-03-26 10:40:55', '2025-03-26 10:40:55', NULL, NULL, 3, '2025-03-31', 0),
(189, 0, 0, NULL, '18:00:00', '19:00:00', NULL, NULL, 2, 1, 0, 1, 0, '103.1.100.226', '2025-03-26 10:40:55', '2025-03-26 10:40:55', NULL, NULL, 3, '2025-04-01', 0),
(190, 0, 0, NULL, '18:00:00', '19:00:00', NULL, NULL, 2, 1, 0, 1, 0, '103.1.100.226', '2025-03-26 10:40:55', '2025-03-26 10:40:55', NULL, NULL, 3, '2025-04-02', 0),
(191, 0, 0, NULL, '18:00:00', '19:00:00', NULL, NULL, 2, 1, 0, 1, 0, '103.1.100.226', '2025-03-26 10:40:55', '2025-03-26 10:40:55', NULL, NULL, 3, '2025-04-03', 0),
(192, 0, 0, NULL, '18:00:00', '19:00:00', NULL, NULL, 2, 1, 0, 1, 0, '103.1.100.226', '2025-03-26 10:40:55', '2025-03-26 10:40:55', NULL, NULL, 3, '2025-04-04', 0),
(193, 0, 0, NULL, '18:00:00', '19:00:00', NULL, NULL, 2, 1, 0, 1, 0, '103.1.100.226', '2025-03-26 10:40:55', '2025-03-26 10:40:55', NULL, NULL, 3, '2025-04-05', 0),
(194, 0, 0, NULL, '18:00:00', '19:00:00', NULL, NULL, 2, 1, 0, 1, 0, '103.1.100.226', '2025-03-26 10:40:55', '2025-03-26 10:40:55', NULL, NULL, 3, '2025-04-06', 0),
(195, 0, 0, NULL, '18:00:00', '19:00:00', NULL, NULL, 2, 1, 0, 1, 0, '103.1.100.226', '2025-03-26 10:40:55', '2025-03-26 10:40:55', NULL, NULL, 3, '2025-04-07', 0),
(196, 0, 0, NULL, '18:00:00', '19:00:00', NULL, NULL, 2, 1, 0, 1, 0, '103.1.100.226', '2025-03-26 10:40:55', '2025-03-26 10:40:55', NULL, NULL, 3, '2025-04-08', 0),
(197, 0, 0, NULL, '18:00:00', '19:00:00', NULL, NULL, 2, 1, 0, 1, 0, '103.1.100.226', '2025-03-26 10:40:55', '2025-03-26 10:40:55', NULL, NULL, 3, '2025-04-09', 0),
(198, 0, 0, NULL, '18:00:00', '19:00:00', NULL, NULL, 2, 1, 0, 1, 0, '103.1.100.226', '2025-03-26 10:40:55', '2025-03-26 10:40:55', NULL, NULL, 3, '2025-04-10', 0),
(199, 0, 0, NULL, '18:00:00', '19:00:00', NULL, NULL, 2, 1, 0, 1, 0, '103.1.100.226', '2025-03-26 10:40:55', '2025-03-26 10:40:55', NULL, NULL, 3, '2025-04-11', 0),
(200, 0, 0, NULL, '18:00:00', '19:00:00', NULL, NULL, 2, 1, 0, 1, 0, '103.1.100.226', '2025-03-26 10:40:55', '2025-03-26 10:40:55', NULL, NULL, 3, '2025-04-12', 0),
(201, 0, 0, NULL, '18:00:00', '19:00:00', NULL, NULL, 2, 1, 0, 1, 0, '103.1.100.226', '2025-03-26 10:40:55', '2025-03-26 10:40:55', NULL, NULL, 3, '2025-04-13', 0),
(202, 0, 0, NULL, '18:00:00', '19:00:00', NULL, NULL, 2, 1, 0, 1, 0, '103.1.100.226', '2025-03-26 10:40:55', '2025-03-26 10:40:55', NULL, NULL, 3, '2025-04-14', 0),
(203, 0, 0, NULL, '18:00:00', '19:00:00', NULL, NULL, 2, 1, 0, 1, 0, '103.1.100.226', '2025-03-26 10:40:55', '2025-03-26 10:40:55', NULL, NULL, 3, '2025-04-15', 0),
(204, 0, 0, NULL, '18:00:00', '19:00:00', NULL, NULL, 2, 1, 0, 1, 0, '103.1.100.226', '2025-03-26 10:40:55', '2025-03-26 10:40:55', NULL, NULL, 3, '2025-04-16', 0),
(205, 0, 0, NULL, '18:00:00', '19:00:00', NULL, NULL, 2, 1, 0, 1, 0, '103.1.100.226', '2025-03-26 10:40:55', '2025-03-26 10:40:55', NULL, NULL, 3, '2025-04-17', 0),
(206, 0, 0, NULL, '18:00:00', '19:00:00', NULL, NULL, 2, 1, 0, 1, 0, '103.1.100.226', '2025-03-26 10:40:55', '2025-03-26 10:40:55', NULL, NULL, 3, '2025-04-18', 0),
(207, 0, 0, NULL, '18:00:00', '19:00:00', NULL, NULL, 2, 1, 0, 1, 0, '103.1.100.226', '2025-03-26 10:40:55', '2025-03-26 10:40:55', NULL, NULL, 3, '2025-04-19', 0),
(208, 0, 0, NULL, '18:00:00', '19:00:00', NULL, NULL, 2, 1, 0, 1, 0, '103.1.100.226', '2025-03-26 10:40:55', '2025-03-26 10:40:55', NULL, NULL, 3, '2025-04-20', 0),
(209, 0, 0, NULL, '18:00:00', '19:00:00', NULL, NULL, 2, 1, 0, 1, 0, '103.1.100.226', '2025-03-26 10:40:55', '2025-03-26 10:40:55', NULL, NULL, 3, '2025-04-21', 0),
(210, 0, 0, NULL, '18:00:00', '19:00:00', NULL, NULL, 2, 1, 0, 1, 0, '103.1.100.226', '2025-03-26 10:40:55', '2025-03-26 10:40:55', NULL, NULL, 3, '2025-04-22', 0),
(211, 0, 0, NULL, '18:00:00', '19:00:00', NULL, NULL, 2, 1, 0, 1, 0, '103.1.100.226', '2025-03-26 10:40:55', '2025-03-26 10:40:55', NULL, NULL, 3, '2025-04-23', 0),
(212, 0, 0, NULL, '18:00:00', '19:00:00', NULL, NULL, 2, 1, 0, 1, 0, '103.1.100.226', '2025-03-26 10:40:55', '2025-03-26 10:40:55', NULL, NULL, 3, '2025-04-24', 0),
(213, 0, 0, NULL, '18:00:00', '19:00:00', NULL, NULL, 2, 1, 0, 1, 0, '103.1.100.226', '2025-03-26 10:40:55', '2025-03-26 10:40:55', NULL, NULL, 3, '2025-04-25', 0),
(214, 0, 0, NULL, '18:00:00', '19:00:00', NULL, NULL, 2, 1, 0, 1, 0, '103.1.100.226', '2025-03-26 10:40:55', '2025-03-26 10:40:55', NULL, NULL, 3, '2025-04-26', 0),
(215, 0, 0, NULL, '18:00:00', '19:00:00', NULL, NULL, 2, 1, 0, 1, 0, '103.1.100.226', '2025-03-26 10:40:55', '2025-03-26 10:40:55', NULL, NULL, 3, '2025-04-27', 0),
(216, 0, 0, NULL, '18:00:00', '19:00:00', NULL, NULL, 2, 1, 0, 1, 0, '103.1.100.226', '2025-03-26 10:40:55', '2025-03-26 10:40:55', NULL, NULL, 3, '2025-04-28', 0),
(217, 0, 0, NULL, '18:00:00', '19:00:00', NULL, NULL, 2, 1, 0, 1, 0, '103.1.100.226', '2025-03-26 10:40:55', '2025-03-26 10:40:55', NULL, NULL, 3, '2025-04-29', 0),
(218, 0, 0, NULL, '18:00:00', '19:00:00', NULL, NULL, 2, 1, 0, 1, 0, '103.1.100.226', '2025-03-26 10:40:55', '2025-03-26 10:40:55', NULL, NULL, 3, '2025-04-30', 0),
(219, 0, 0, NULL, '18:00:00', '19:00:00', NULL, NULL, 2, 1, 0, 1, 0, '103.1.100.226', '2025-03-26 10:40:55', '2025-03-26 10:40:55', NULL, NULL, 3, '2025-05-01', 0),
(220, 0, 0, NULL, '18:00:00', '19:00:00', NULL, NULL, 2, 1, 0, 1, 0, '103.1.100.226', '2025-03-26 10:40:55', '2025-03-26 10:40:55', NULL, NULL, 3, '2025-05-02', 0),
(221, 0, 0, NULL, '18:00:00', '19:00:00', NULL, NULL, 2, 1, 0, 1, 0, '103.1.100.226', '2025-03-26 10:40:55', '2025-03-26 10:40:55', NULL, NULL, 3, '2025-05-03', 0),
(222, 0, 0, NULL, '18:00:00', '19:00:00', NULL, NULL, 2, 1, 0, 1, 0, '103.1.100.226', '2025-03-26 10:40:55', '2025-03-26 10:40:55', NULL, NULL, 3, '2025-05-04', 0),
(223, 0, 0, NULL, '18:00:00', '19:00:00', NULL, NULL, 2, 1, 0, 1, 0, '103.1.100.226', '2025-03-26 10:40:55', '2025-03-26 10:40:55', NULL, NULL, 3, '2025-05-05', 0),
(224, 0, 0, NULL, '18:00:00', '19:00:00', NULL, NULL, 2, 1, 0, 1, 0, '103.1.100.226', '2025-03-26 10:40:55', '2025-03-26 10:40:55', NULL, NULL, 3, '2025-05-06', 0),
(225, 0, 0, NULL, '18:00:00', '19:00:00', NULL, NULL, 2, 1, 0, 1, 0, '103.1.100.226', '2025-03-26 10:40:55', '2025-03-26 10:40:55', NULL, NULL, 3, '2025-05-07', 0),
(226, 0, 0, NULL, '18:00:00', '19:00:00', NULL, NULL, 2, 1, 0, 1, 0, '103.1.100.226', '2025-03-26 10:40:55', '2025-03-26 10:40:55', NULL, NULL, 3, '2025-05-08', 0),
(227, 0, 0, NULL, '18:00:00', '19:00:00', NULL, NULL, 2, 1, 0, 1, 0, '103.1.100.226', '2025-03-26 10:40:55', '2025-03-26 10:40:55', NULL, NULL, 3, '2025-05-09', 0),
(228, 0, 0, NULL, '18:00:00', '19:00:00', NULL, NULL, 2, 1, 0, 1, 0, '103.1.100.226', '2025-03-26 10:40:55', '2025-03-26 10:40:55', NULL, NULL, 3, '2025-05-10', 0),
(229, 0, 0, NULL, '18:00:00', '19:00:00', NULL, NULL, 2, 1, 0, 1, 0, '103.1.100.226', '2025-03-26 10:40:55', '2025-03-26 10:40:55', NULL, NULL, 3, '2025-05-11', 0),
(230, 0, 0, NULL, '18:00:00', '19:00:00', NULL, NULL, 2, 1, 0, 1, 0, '103.1.100.226', '2025-03-26 10:40:55', '2025-03-26 10:40:55', NULL, NULL, 3, '2025-05-12', 0),
(231, 0, 0, NULL, '18:00:00', '19:00:00', NULL, NULL, 2, 1, 0, 1, 0, '103.1.100.226', '2025-03-26 10:40:55', '2025-03-26 10:40:55', NULL, NULL, 3, '2025-05-13', 0),
(232, 0, 0, NULL, '18:00:00', '19:00:00', NULL, NULL, 2, 1, 0, 1, 0, '103.1.100.226', '2025-03-26 10:40:55', '2025-03-26 10:40:55', NULL, NULL, 3, '2025-05-14', 0),
(233, 0, 0, NULL, '18:00:00', '19:00:00', NULL, NULL, 2, 1, 0, 1, 0, '103.1.100.226', '2025-03-26 10:40:55', '2025-03-26 10:40:55', NULL, NULL, 3, '2025-05-15', 0),
(234, 0, 0, NULL, '18:00:00', '19:00:00', NULL, NULL, 2, 1, 0, 1, 0, '103.1.100.226', '2025-03-26 10:40:55', '2025-03-26 10:40:55', NULL, NULL, 3, '2025-05-16', 0),
(235, 0, 0, NULL, '18:00:00', '19:00:00', NULL, NULL, 2, 1, 0, 1, 0, '103.1.100.226', '2025-03-26 10:40:55', '2025-03-26 10:40:55', NULL, NULL, 3, '2025-05-17', 0),
(236, 0, 0, NULL, '18:00:00', '19:00:00', NULL, NULL, 2, 1, 0, 1, 0, '103.1.100.226', '2025-03-26 10:40:55', '2025-03-26 10:40:55', NULL, NULL, 3, '2025-05-18', 0),
(237, 0, 0, NULL, '18:00:00', '19:00:00', NULL, NULL, 2, 1, 0, 1, 0, '103.1.100.226', '2025-03-26 10:40:55', '2025-03-26 10:40:55', NULL, NULL, 3, '2025-05-19', 0),
(238, 0, 0, NULL, '18:00:00', '19:00:00', NULL, NULL, 2, 1, 0, 1, 0, '103.1.100.226', '2025-03-26 10:40:55', '2025-03-26 10:40:55', NULL, NULL, 3, '2025-05-20', 0),
(239, 0, 0, NULL, '18:00:00', '19:00:00', NULL, NULL, 2, 1, 0, 1, 0, '103.1.100.226', '2025-03-26 10:40:55', '2025-03-26 10:40:55', NULL, NULL, 3, '2025-05-21', 0),
(240, 0, 0, NULL, '18:00:00', '19:00:00', NULL, NULL, 2, 1, 0, 1, 0, '103.1.100.226', '2025-03-26 10:40:55', '2025-03-26 10:40:55', NULL, NULL, 3, '2025-05-22', 0),
(241, 0, 0, NULL, '18:00:00', '19:00:00', NULL, NULL, 2, 1, 0, 1, 0, '103.1.100.226', '2025-03-26 10:40:55', '2025-03-26 10:40:55', NULL, NULL, 3, '2025-05-23', 0),
(242, 0, 0, NULL, '18:00:00', '19:00:00', NULL, NULL, 2, 1, 0, 1, 0, '103.1.100.226', '2025-03-26 10:40:55', '2025-03-26 10:40:55', NULL, NULL, 3, '2025-05-24', 0),
(243, 0, 0, NULL, '18:00:00', '19:00:00', NULL, NULL, 2, 1, 0, 1, 0, '103.1.100.226', '2025-03-26 10:40:55', '2025-03-26 10:40:55', NULL, NULL, 3, '2025-05-25', 0),
(244, 0, 0, NULL, '18:00:00', '19:00:00', NULL, NULL, 2, 1, 0, 1, 0, '103.1.100.226', '2025-03-26 10:40:55', '2025-03-26 10:40:55', NULL, NULL, 3, '2025-05-26', 0),
(245, 0, 0, NULL, '18:00:00', '19:00:00', NULL, NULL, 2, 1, 0, 1, 0, '103.1.100.226', '2025-03-26 10:40:55', '2025-03-26 10:40:55', NULL, NULL, 3, '2025-05-27', 0),
(246, 0, 0, NULL, '18:00:00', '19:00:00', NULL, NULL, 2, 1, 0, 1, 0, '103.1.100.226', '2025-03-26 10:40:55', '2025-03-26 10:40:55', NULL, NULL, 3, '2025-05-28', 0),
(247, 0, 0, NULL, '18:00:00', '19:00:00', NULL, NULL, 2, 1, 0, 1, 0, '103.1.100.226', '2025-03-26 10:40:55', '2025-03-26 10:40:55', NULL, NULL, 3, '2025-05-29', 0),
(248, 0, 0, NULL, '18:00:00', '19:00:00', NULL, NULL, 2, 1, 0, 1, 0, '103.1.100.226', '2025-03-26 10:40:55', '2025-03-26 10:40:55', NULL, NULL, 3, '2025-05-30', 0),
(249, 0, 0, NULL, '18:00:00', '19:00:00', NULL, NULL, 2, 1, 0, 1, 0, '103.1.100.226', '2025-03-26 10:40:55', '2025-03-26 10:40:55', NULL, NULL, 3, '2025-05-31', 0),
(250, 0, 0, NULL, '18:00:00', '19:00:00', NULL, NULL, 2, 1, 0, 1, 0, '103.1.100.226', '2025-03-26 10:40:55', '2025-03-26 10:40:55', NULL, NULL, 3, '2025-06-01', 0),
(251, 0, 0, NULL, '18:00:00', '19:00:00', NULL, NULL, 2, 1, 0, 1, 0, '103.1.100.226', '2025-03-26 10:40:55', '2025-03-26 10:40:55', NULL, NULL, 3, '2025-06-02', 0),
(252, 0, 0, NULL, '18:00:00', '19:00:00', NULL, NULL, 2, 1, 0, 1, 0, '103.1.100.226', '2025-03-26 10:40:55', '2025-03-26 10:40:55', NULL, NULL, 3, '2025-06-03', 0),
(253, 0, 0, NULL, '18:00:00', '19:00:00', NULL, NULL, 2, 1, 0, 1, 0, '103.1.100.226', '2025-03-26 10:40:55', '2025-03-26 10:40:55', NULL, NULL, 3, '2025-06-04', 0),
(254, 0, 0, NULL, '18:00:00', '19:00:00', NULL, NULL, 2, 1, 0, 1, 0, '103.1.100.226', '2025-03-26 10:40:55', '2025-03-26 10:40:55', NULL, NULL, 3, '2025-06-05', 0),
(255, 0, 0, NULL, '18:00:00', '19:00:00', NULL, NULL, 2, 1, 0, 1, 0, '103.1.100.226', '2025-03-26 10:40:55', '2025-03-26 10:40:55', NULL, NULL, 3, '2025-06-06', 0),
(256, 0, 0, NULL, '18:00:00', '19:00:00', NULL, NULL, 2, 1, 0, 1, 0, '103.1.100.226', '2025-03-26 10:40:55', '2025-03-26 10:40:55', NULL, NULL, 3, '2025-06-07', 0),
(257, 0, 0, NULL, '18:00:00', '19:00:00', NULL, NULL, 2, 1, 0, 1, 0, '103.1.100.226', '2025-03-26 10:40:55', '2025-03-26 10:40:55', NULL, NULL, 3, '2025-06-08', 0),
(258, 0, 0, NULL, '18:00:00', '19:00:00', NULL, NULL, 2, 1, 0, 1, 0, '103.1.100.226', '2025-03-26 10:40:55', '2025-03-26 10:40:55', NULL, NULL, 3, '2025-06-09', 0),
(259, 0, 0, NULL, '18:00:00', '19:00:00', NULL, NULL, 2, 1, 0, 1, 0, '103.1.100.226', '2025-03-26 10:40:55', '2025-03-26 10:40:55', NULL, NULL, 3, '2025-06-10', 0),
(260, 0, 0, NULL, '18:00:00', '19:00:00', NULL, NULL, 2, 1, 0, 1, 0, '103.1.100.226', '2025-03-26 10:40:55', '2025-03-26 10:40:55', NULL, NULL, 3, '2025-06-11', 0),
(261, 0, 0, NULL, '18:00:00', '19:00:00', NULL, NULL, 2, 1, 0, 1, 0, '103.1.100.226', '2025-03-26 10:40:55', '2025-03-26 10:40:55', NULL, NULL, 3, '2025-06-12', 0),
(262, 0, 0, NULL, '18:00:00', '19:00:00', NULL, NULL, 2, 1, 0, 1, 0, '103.1.100.226', '2025-03-26 10:40:55', '2025-03-26 10:40:55', NULL, NULL, 3, '2025-06-13', 0),
(263, 0, 0, NULL, '18:00:00', '19:00:00', NULL, NULL, 2, 1, 0, 1, 0, '103.1.100.226', '2025-03-26 10:40:55', '2025-03-26 10:40:55', NULL, NULL, 3, '2025-06-14', 0),
(264, 0, 0, NULL, '18:00:00', '19:00:00', NULL, NULL, 2, 1, 0, 1, 0, '103.1.100.226', '2025-03-26 10:40:55', '2025-03-26 10:40:55', NULL, NULL, 3, '2025-06-15', 0),
(265, 0, 0, NULL, '18:00:00', '19:00:00', NULL, NULL, 2, 1, 0, 1, 0, '103.1.100.226', '2025-03-26 10:40:55', '2025-03-26 10:40:55', NULL, NULL, 3, '2025-06-16', 0),
(266, 0, 0, NULL, '18:00:00', '19:00:00', NULL, NULL, 2, 1, 0, 1, 0, '103.1.100.226', '2025-03-26 10:40:55', '2025-03-26 10:40:55', NULL, NULL, 3, '2025-06-17', 0),
(267, 0, 0, NULL, '18:00:00', '19:00:00', NULL, NULL, 2, 1, 0, 1, 0, '103.1.100.226', '2025-03-26 10:40:55', '2025-03-26 10:40:55', NULL, NULL, 3, '2025-06-18', 0),
(268, 0, 0, NULL, '18:00:00', '19:00:00', NULL, NULL, 2, 1, 0, 1, 0, '103.1.100.226', '2025-03-26 10:40:55', '2025-03-26 10:40:55', NULL, NULL, 3, '2025-06-19', 0),
(269, 0, 0, NULL, '18:00:00', '19:00:00', NULL, NULL, 2, 1, 0, 1, 0, '103.1.100.226', '2025-03-26 10:40:55', '2025-03-26 10:40:55', NULL, NULL, 3, '2025-06-20', 0),
(270, 0, 0, NULL, '18:00:00', '19:00:00', NULL, NULL, 2, 1, 0, 1, 0, '103.1.100.226', '2025-03-26 10:40:55', '2025-03-26 10:40:55', NULL, NULL, 3, '2025-06-21', 0),
(271, 0, 0, NULL, '18:00:00', '19:00:00', NULL, NULL, 2, 1, 0, 1, 0, '103.1.100.226', '2025-03-26 10:40:55', '2025-03-26 10:40:55', NULL, NULL, 3, '2025-06-22', 0),
(272, 0, 0, NULL, '18:00:00', '19:00:00', NULL, NULL, 2, 1, 0, 1, 0, '103.1.100.226', '2025-03-26 10:40:55', '2025-03-26 10:40:55', NULL, NULL, 3, '2025-06-23', 0),
(273, 0, 0, NULL, '18:00:00', '19:00:00', NULL, NULL, 2, 1, 0, 1, 0, '103.1.100.226', '2025-03-26 10:40:55', '2025-03-26 10:40:55', NULL, NULL, 3, '2025-06-24', 0),
(274, 16, 0, NULL, '20:00:00', '21:00:00', NULL, NULL, 2, 1, 0, 1, 0, '103.1.100.226', '2025-03-26 10:41:11', '2025-03-26 11:09:18', NULL, NULL, 4, '2025-03-26', 0),
(275, 16, 0, NULL, '20:00:00', '21:00:00', NULL, NULL, 2, 1, 0, 1, 0, '103.1.100.226', '2025-03-26 10:41:11', '2025-03-26 11:08:36', NULL, NULL, 4, '2025-03-27', 0),
(276, 0, 0, NULL, '20:00:00', '21:00:00', NULL, NULL, 2, 1, 0, 1, 0, '103.1.100.226', '2025-03-26 10:41:11', '2025-03-26 10:41:11', NULL, NULL, 4, '2025-03-28', 0),
(277, 0, 0, NULL, '20:00:00', '21:00:00', NULL, NULL, 2, 1, 0, 1, 0, '103.1.100.226', '2025-03-26 10:41:11', '2025-03-26 10:41:11', NULL, NULL, 4, '2025-03-29', 0),
(278, 0, 0, NULL, '20:00:00', '21:00:00', NULL, NULL, 2, 1, 0, 1, 0, '103.1.100.226', '2025-03-26 10:41:11', '2025-03-26 10:41:11', NULL, NULL, 4, '2025-03-30', 0),
(279, 0, 0, NULL, '20:00:00', '21:00:00', NULL, NULL, 2, 1, 0, 1, 0, '103.1.100.226', '2025-03-26 10:41:11', '2025-03-26 10:41:11', NULL, NULL, 4, '2025-03-31', 0),
(280, 0, 0, NULL, '20:00:00', '21:00:00', NULL, NULL, 2, 1, 0, 1, 0, '103.1.100.226', '2025-03-26 10:41:11', '2025-03-26 10:41:11', NULL, NULL, 4, '2025-04-01', 0),
(281, 0, 0, NULL, '20:00:00', '21:00:00', NULL, NULL, 2, 1, 0, 1, 0, '103.1.100.226', '2025-03-26 10:41:11', '2025-03-26 10:41:11', NULL, NULL, 4, '2025-04-02', 0),
(282, 0, 0, NULL, '20:00:00', '21:00:00', NULL, NULL, 2, 1, 0, 1, 0, '103.1.100.226', '2025-03-26 10:41:11', '2025-03-26 10:41:11', NULL, NULL, 4, '2025-04-03', 0),
(283, 0, 0, NULL, '20:00:00', '21:00:00', NULL, NULL, 2, 1, 0, 1, 0, '103.1.100.226', '2025-03-26 10:41:11', '2025-03-26 10:41:11', NULL, NULL, 4, '2025-04-04', 0),
(284, 0, 0, NULL, '20:00:00', '21:00:00', NULL, NULL, 2, 1, 0, 1, 0, '103.1.100.226', '2025-03-26 10:41:11', '2025-03-26 10:41:11', NULL, NULL, 4, '2025-04-05', 0),
(285, 0, 0, NULL, '20:00:00', '21:00:00', NULL, NULL, 2, 1, 0, 1, 0, '103.1.100.226', '2025-03-26 10:41:11', '2025-03-26 10:41:11', NULL, NULL, 4, '2025-04-06', 0),
(286, 0, 0, NULL, '20:00:00', '21:00:00', NULL, NULL, 2, 1, 0, 1, 0, '103.1.100.226', '2025-03-26 10:41:11', '2025-03-26 10:41:11', NULL, NULL, 4, '2025-04-07', 0),
(287, 0, 0, NULL, '20:00:00', '21:00:00', NULL, NULL, 2, 1, 0, 1, 0, '103.1.100.226', '2025-03-26 10:41:11', '2025-03-26 10:41:11', NULL, NULL, 4, '2025-04-08', 0),
(288, 0, 0, NULL, '20:00:00', '21:00:00', NULL, NULL, 2, 1, 0, 1, 0, '103.1.100.226', '2025-03-26 10:41:11', '2025-03-26 10:41:11', NULL, NULL, 4, '2025-04-09', 0),
(289, 0, 0, NULL, '20:00:00', '21:00:00', NULL, NULL, 2, 1, 0, 1, 0, '103.1.100.226', '2025-03-26 10:41:11', '2025-03-26 10:41:11', NULL, NULL, 4, '2025-04-10', 0),
(290, 0, 0, NULL, '20:00:00', '21:00:00', NULL, NULL, 2, 1, 0, 1, 0, '103.1.100.226', '2025-03-26 10:41:11', '2025-03-26 10:41:11', NULL, NULL, 4, '2025-04-11', 0),
(291, 0, 0, NULL, '20:00:00', '21:00:00', NULL, NULL, 2, 1, 0, 1, 0, '103.1.100.226', '2025-03-26 10:41:11', '2025-03-26 10:41:11', NULL, NULL, 4, '2025-04-12', 0),
(292, 0, 0, NULL, '20:00:00', '21:00:00', NULL, NULL, 2, 1, 0, 1, 0, '103.1.100.226', '2025-03-26 10:41:11', '2025-03-26 10:41:11', NULL, NULL, 4, '2025-04-13', 0),
(293, 0, 0, NULL, '20:00:00', '21:00:00', NULL, NULL, 2, 1, 0, 1, 0, '103.1.100.226', '2025-03-26 10:41:11', '2025-03-26 10:41:11', NULL, NULL, 4, '2025-04-14', 0),
(294, 0, 0, NULL, '20:00:00', '21:00:00', NULL, NULL, 2, 1, 0, 1, 0, '103.1.100.226', '2025-03-26 10:41:11', '2025-03-26 10:41:11', NULL, NULL, 4, '2025-04-15', 0),
(295, 0, 0, NULL, '20:00:00', '21:00:00', NULL, NULL, 2, 1, 0, 1, 0, '103.1.100.226', '2025-03-26 10:41:11', '2025-03-26 10:41:11', NULL, NULL, 4, '2025-04-16', 0),
(296, 0, 0, NULL, '20:00:00', '21:00:00', NULL, NULL, 2, 1, 0, 1, 0, '103.1.100.226', '2025-03-26 10:41:11', '2025-03-26 10:41:11', NULL, NULL, 4, '2025-04-17', 0),
(297, 0, 0, NULL, '20:00:00', '21:00:00', NULL, NULL, 2, 1, 0, 1, 0, '103.1.100.226', '2025-03-26 10:41:11', '2025-03-26 10:41:11', NULL, NULL, 4, '2025-04-18', 0),
(298, 0, 0, NULL, '20:00:00', '21:00:00', NULL, NULL, 2, 1, 0, 1, 0, '103.1.100.226', '2025-03-26 10:41:11', '2025-03-26 10:41:11', NULL, NULL, 4, '2025-04-19', 0),
(299, 0, 0, NULL, '20:00:00', '21:00:00', NULL, NULL, 2, 1, 0, 1, 0, '103.1.100.226', '2025-03-26 10:41:11', '2025-03-26 10:41:11', NULL, NULL, 4, '2025-04-20', 0),
(300, 0, 0, NULL, '20:00:00', '21:00:00', NULL, NULL, 2, 1, 0, 1, 0, '103.1.100.226', '2025-03-26 10:41:11', '2025-03-26 10:41:11', NULL, NULL, 4, '2025-04-21', 0),
(301, 0, 0, NULL, '20:00:00', '21:00:00', NULL, NULL, 2, 1, 0, 1, 0, '103.1.100.226', '2025-03-26 10:41:11', '2025-03-26 10:41:11', NULL, NULL, 4, '2025-04-22', 0),
(302, 0, 0, NULL, '20:00:00', '21:00:00', NULL, NULL, 2, 1, 0, 1, 0, '103.1.100.226', '2025-03-26 10:41:11', '2025-03-26 10:41:11', NULL, NULL, 4, '2025-04-23', 0),
(303, 0, 0, NULL, '20:00:00', '21:00:00', NULL, NULL, 2, 1, 0, 1, 0, '103.1.100.226', '2025-03-26 10:41:11', '2025-03-26 10:41:11', NULL, NULL, 4, '2025-04-24', 0),
(304, 0, 0, NULL, '20:00:00', '21:00:00', NULL, NULL, 2, 1, 0, 1, 0, '103.1.100.226', '2025-03-26 10:41:11', '2025-03-26 10:41:11', NULL, NULL, 4, '2025-04-25', 0),
(305, 0, 0, NULL, '20:00:00', '21:00:00', NULL, NULL, 2, 1, 0, 1, 0, '103.1.100.226', '2025-03-26 10:41:11', '2025-03-26 10:41:11', NULL, NULL, 4, '2025-04-26', 0);
INSERT INTO `Schedule` (`Schedule_id`, `Customer_id`, `driver_id`, `status`, `fromtime`, `Totime`, `fromdate`, `Todate`, `car_id`, `SchoolId`, `package_order_id`, `iStatus`, `isDelete`, `strIP`, `created_at`, `updated_at`, `pickup_drop_point`, `day`, `Schedulemasterid`, `Schedule_date`, `attendance`) VALUES
(306, 0, 0, NULL, '20:00:00', '21:00:00', NULL, NULL, 2, 1, 0, 1, 0, '103.1.100.226', '2025-03-26 10:41:11', '2025-03-26 10:41:11', NULL, NULL, 4, '2025-04-27', 0),
(307, 0, 0, NULL, '20:00:00', '21:00:00', NULL, NULL, 2, 1, 0, 1, 0, '103.1.100.226', '2025-03-26 10:41:11', '2025-03-26 10:41:11', NULL, NULL, 4, '2025-04-28', 0),
(308, 0, 0, NULL, '20:00:00', '21:00:00', NULL, NULL, 2, 1, 0, 1, 0, '103.1.100.226', '2025-03-26 10:41:11', '2025-03-26 10:41:11', NULL, NULL, 4, '2025-04-29', 0),
(309, 0, 0, NULL, '20:00:00', '21:00:00', NULL, NULL, 2, 1, 0, 1, 0, '103.1.100.226', '2025-03-26 10:41:11', '2025-03-26 10:41:11', NULL, NULL, 4, '2025-04-30', 0),
(310, 0, 0, NULL, '20:00:00', '21:00:00', NULL, NULL, 2, 1, 0, 1, 0, '103.1.100.226', '2025-03-26 10:41:11', '2025-03-26 10:41:11', NULL, NULL, 4, '2025-05-01', 0),
(311, 0, 0, NULL, '20:00:00', '21:00:00', NULL, NULL, 2, 1, 0, 1, 0, '103.1.100.226', '2025-03-26 10:41:11', '2025-03-26 10:41:11', NULL, NULL, 4, '2025-05-02', 0),
(312, 0, 0, NULL, '20:00:00', '21:00:00', NULL, NULL, 2, 1, 0, 1, 0, '103.1.100.226', '2025-03-26 10:41:11', '2025-03-26 10:41:11', NULL, NULL, 4, '2025-05-03', 0),
(313, 0, 0, NULL, '20:00:00', '21:00:00', NULL, NULL, 2, 1, 0, 1, 0, '103.1.100.226', '2025-03-26 10:41:11', '2025-03-26 10:41:11', NULL, NULL, 4, '2025-05-04', 0),
(314, 0, 0, NULL, '20:00:00', '21:00:00', NULL, NULL, 2, 1, 0, 1, 0, '103.1.100.226', '2025-03-26 10:41:11', '2025-03-26 10:41:11', NULL, NULL, 4, '2025-05-05', 0),
(315, 0, 0, NULL, '20:00:00', '21:00:00', NULL, NULL, 2, 1, 0, 1, 0, '103.1.100.226', '2025-03-26 10:41:11', '2025-03-26 10:41:11', NULL, NULL, 4, '2025-05-06', 0),
(316, 0, 0, NULL, '20:00:00', '21:00:00', NULL, NULL, 2, 1, 0, 1, 0, '103.1.100.226', '2025-03-26 10:41:11', '2025-03-26 10:41:11', NULL, NULL, 4, '2025-05-07', 0),
(317, 0, 0, NULL, '20:00:00', '21:00:00', NULL, NULL, 2, 1, 0, 1, 0, '103.1.100.226', '2025-03-26 10:41:11', '2025-03-26 10:41:11', NULL, NULL, 4, '2025-05-08', 0),
(318, 0, 0, NULL, '20:00:00', '21:00:00', NULL, NULL, 2, 1, 0, 1, 0, '103.1.100.226', '2025-03-26 10:41:11', '2025-03-26 10:41:11', NULL, NULL, 4, '2025-05-09', 0),
(319, 0, 0, NULL, '20:00:00', '21:00:00', NULL, NULL, 2, 1, 0, 1, 0, '103.1.100.226', '2025-03-26 10:41:11', '2025-03-26 10:41:11', NULL, NULL, 4, '2025-05-10', 0),
(320, 0, 0, NULL, '20:00:00', '21:00:00', NULL, NULL, 2, 1, 0, 1, 0, '103.1.100.226', '2025-03-26 10:41:11', '2025-03-26 10:41:11', NULL, NULL, 4, '2025-05-11', 0),
(321, 0, 0, NULL, '20:00:00', '21:00:00', NULL, NULL, 2, 1, 0, 1, 0, '103.1.100.226', '2025-03-26 10:41:11', '2025-03-26 10:41:11', NULL, NULL, 4, '2025-05-12', 0),
(322, 0, 0, NULL, '20:00:00', '21:00:00', NULL, NULL, 2, 1, 0, 1, 0, '103.1.100.226', '2025-03-26 10:41:11', '2025-03-26 10:41:11', NULL, NULL, 4, '2025-05-13', 0),
(323, 0, 0, NULL, '20:00:00', '21:00:00', NULL, NULL, 2, 1, 0, 1, 0, '103.1.100.226', '2025-03-26 10:41:11', '2025-03-26 10:41:11', NULL, NULL, 4, '2025-05-14', 0),
(324, 0, 0, NULL, '20:00:00', '21:00:00', NULL, NULL, 2, 1, 0, 1, 0, '103.1.100.226', '2025-03-26 10:41:11', '2025-03-26 10:41:11', NULL, NULL, 4, '2025-05-15', 0),
(325, 0, 0, NULL, '20:00:00', '21:00:00', NULL, NULL, 2, 1, 0, 1, 0, '103.1.100.226', '2025-03-26 10:41:11', '2025-03-26 10:41:11', NULL, NULL, 4, '2025-05-16', 0),
(326, 0, 0, NULL, '20:00:00', '21:00:00', NULL, NULL, 2, 1, 0, 1, 0, '103.1.100.226', '2025-03-26 10:41:11', '2025-03-26 10:41:11', NULL, NULL, 4, '2025-05-17', 0),
(327, 0, 0, NULL, '20:00:00', '21:00:00', NULL, NULL, 2, 1, 0, 1, 0, '103.1.100.226', '2025-03-26 10:41:11', '2025-03-26 10:41:11', NULL, NULL, 4, '2025-05-18', 0),
(328, 0, 0, NULL, '20:00:00', '21:00:00', NULL, NULL, 2, 1, 0, 1, 0, '103.1.100.226', '2025-03-26 10:41:11', '2025-03-26 10:41:11', NULL, NULL, 4, '2025-05-19', 0),
(329, 0, 0, NULL, '20:00:00', '21:00:00', NULL, NULL, 2, 1, 0, 1, 0, '103.1.100.226', '2025-03-26 10:41:11', '2025-03-26 10:41:11', NULL, NULL, 4, '2025-05-20', 0),
(330, 0, 0, NULL, '20:00:00', '21:00:00', NULL, NULL, 2, 1, 0, 1, 0, '103.1.100.226', '2025-03-26 10:41:11', '2025-03-26 10:41:11', NULL, NULL, 4, '2025-05-21', 0),
(331, 0, 0, NULL, '20:00:00', '21:00:00', NULL, NULL, 2, 1, 0, 1, 0, '103.1.100.226', '2025-03-26 10:41:11', '2025-03-26 10:41:11', NULL, NULL, 4, '2025-05-22', 0),
(332, 0, 0, NULL, '20:00:00', '21:00:00', NULL, NULL, 2, 1, 0, 1, 0, '103.1.100.226', '2025-03-26 10:41:11', '2025-03-26 10:41:11', NULL, NULL, 4, '2025-05-23', 0),
(333, 0, 0, NULL, '20:00:00', '21:00:00', NULL, NULL, 2, 1, 0, 1, 0, '103.1.100.226', '2025-03-26 10:41:11', '2025-03-26 10:41:11', NULL, NULL, 4, '2025-05-24', 0),
(334, 0, 0, NULL, '20:00:00', '21:00:00', NULL, NULL, 2, 1, 0, 1, 0, '103.1.100.226', '2025-03-26 10:41:11', '2025-03-26 10:41:11', NULL, NULL, 4, '2025-05-25', 0),
(335, 0, 0, NULL, '20:00:00', '21:00:00', NULL, NULL, 2, 1, 0, 1, 0, '103.1.100.226', '2025-03-26 10:41:11', '2025-03-26 10:41:11', NULL, NULL, 4, '2025-05-26', 0),
(336, 0, 0, NULL, '20:00:00', '21:00:00', NULL, NULL, 2, 1, 0, 1, 0, '103.1.100.226', '2025-03-26 10:41:11', '2025-03-26 10:41:11', NULL, NULL, 4, '2025-05-27', 0),
(337, 0, 0, NULL, '20:00:00', '21:00:00', NULL, NULL, 2, 1, 0, 1, 0, '103.1.100.226', '2025-03-26 10:41:11', '2025-03-26 10:41:11', NULL, NULL, 4, '2025-05-28', 0),
(338, 0, 0, NULL, '20:00:00', '21:00:00', NULL, NULL, 2, 1, 0, 1, 0, '103.1.100.226', '2025-03-26 10:41:11', '2025-03-26 10:41:11', NULL, NULL, 4, '2025-05-29', 0),
(339, 0, 0, NULL, '20:00:00', '21:00:00', NULL, NULL, 2, 1, 0, 1, 0, '103.1.100.226', '2025-03-26 10:41:11', '2025-03-26 10:41:11', NULL, NULL, 4, '2025-05-30', 0),
(340, 0, 0, NULL, '20:00:00', '21:00:00', NULL, NULL, 2, 1, 0, 1, 0, '103.1.100.226', '2025-03-26 10:41:11', '2025-03-26 10:41:11', NULL, NULL, 4, '2025-05-31', 0),
(341, 0, 0, NULL, '20:00:00', '21:00:00', NULL, NULL, 2, 1, 0, 1, 0, '103.1.100.226', '2025-03-26 10:41:11', '2025-03-26 10:41:11', NULL, NULL, 4, '2025-06-01', 0),
(342, 0, 0, NULL, '20:00:00', '21:00:00', NULL, NULL, 2, 1, 0, 1, 0, '103.1.100.226', '2025-03-26 10:41:11', '2025-03-26 10:41:11', NULL, NULL, 4, '2025-06-02', 0),
(343, 0, 0, NULL, '20:00:00', '21:00:00', NULL, NULL, 2, 1, 0, 1, 0, '103.1.100.226', '2025-03-26 10:41:11', '2025-03-26 10:41:11', NULL, NULL, 4, '2025-06-03', 0),
(344, 0, 0, NULL, '20:00:00', '21:00:00', NULL, NULL, 2, 1, 0, 1, 0, '103.1.100.226', '2025-03-26 10:41:11', '2025-03-26 10:41:11', NULL, NULL, 4, '2025-06-04', 0),
(345, 0, 0, NULL, '20:00:00', '21:00:00', NULL, NULL, 2, 1, 0, 1, 0, '103.1.100.226', '2025-03-26 10:41:11', '2025-03-26 10:41:11', NULL, NULL, 4, '2025-06-05', 0),
(346, 0, 0, NULL, '20:00:00', '21:00:00', NULL, NULL, 2, 1, 0, 1, 0, '103.1.100.226', '2025-03-26 10:41:11', '2025-03-26 10:41:11', NULL, NULL, 4, '2025-06-06', 0),
(347, 0, 0, NULL, '20:00:00', '21:00:00', NULL, NULL, 2, 1, 0, 1, 0, '103.1.100.226', '2025-03-26 10:41:11', '2025-03-26 10:41:11', NULL, NULL, 4, '2025-06-07', 0),
(348, 0, 0, NULL, '20:00:00', '21:00:00', NULL, NULL, 2, 1, 0, 1, 0, '103.1.100.226', '2025-03-26 10:41:11', '2025-03-26 10:41:11', NULL, NULL, 4, '2025-06-08', 0),
(349, 0, 0, NULL, '20:00:00', '21:00:00', NULL, NULL, 2, 1, 0, 1, 0, '103.1.100.226', '2025-03-26 10:41:11', '2025-03-26 10:41:11', NULL, NULL, 4, '2025-06-09', 0),
(350, 0, 0, NULL, '20:00:00', '21:00:00', NULL, NULL, 2, 1, 0, 1, 0, '103.1.100.226', '2025-03-26 10:41:11', '2025-03-26 10:41:11', NULL, NULL, 4, '2025-06-10', 0),
(351, 0, 0, NULL, '20:00:00', '21:00:00', NULL, NULL, 2, 1, 0, 1, 0, '103.1.100.226', '2025-03-26 10:41:11', '2025-03-26 10:41:11', NULL, NULL, 4, '2025-06-11', 0),
(352, 0, 0, NULL, '20:00:00', '21:00:00', NULL, NULL, 2, 1, 0, 1, 0, '103.1.100.226', '2025-03-26 10:41:11', '2025-03-26 10:41:11', NULL, NULL, 4, '2025-06-12', 0),
(353, 0, 0, NULL, '20:00:00', '21:00:00', NULL, NULL, 2, 1, 0, 1, 0, '103.1.100.226', '2025-03-26 10:41:11', '2025-03-26 10:41:11', NULL, NULL, 4, '2025-06-13', 0),
(354, 0, 0, NULL, '20:00:00', '21:00:00', NULL, NULL, 2, 1, 0, 1, 0, '103.1.100.226', '2025-03-26 10:41:11', '2025-03-26 10:41:11', NULL, NULL, 4, '2025-06-14', 0),
(355, 0, 0, NULL, '20:00:00', '21:00:00', NULL, NULL, 2, 1, 0, 1, 0, '103.1.100.226', '2025-03-26 10:41:11', '2025-03-26 10:41:11', NULL, NULL, 4, '2025-06-15', 0),
(356, 0, 0, NULL, '20:00:00', '21:00:00', NULL, NULL, 2, 1, 0, 1, 0, '103.1.100.226', '2025-03-26 10:41:11', '2025-03-26 10:41:11', NULL, NULL, 4, '2025-06-16', 0),
(357, 0, 0, NULL, '20:00:00', '21:00:00', NULL, NULL, 2, 1, 0, 1, 0, '103.1.100.226', '2025-03-26 10:41:11', '2025-03-26 10:41:11', NULL, NULL, 4, '2025-06-17', 0),
(358, 0, 0, NULL, '20:00:00', '21:00:00', NULL, NULL, 2, 1, 0, 1, 0, '103.1.100.226', '2025-03-26 10:41:11', '2025-03-26 10:41:11', NULL, NULL, 4, '2025-06-18', 0),
(359, 0, 0, NULL, '20:00:00', '21:00:00', NULL, NULL, 2, 1, 0, 1, 0, '103.1.100.226', '2025-03-26 10:41:11', '2025-03-26 10:41:11', NULL, NULL, 4, '2025-06-19', 0),
(360, 0, 0, NULL, '20:00:00', '21:00:00', NULL, NULL, 2, 1, 0, 1, 0, '103.1.100.226', '2025-03-26 10:41:11', '2025-03-26 10:41:11', NULL, NULL, 4, '2025-06-20', 0),
(361, 0, 0, NULL, '20:00:00', '21:00:00', NULL, NULL, 2, 1, 0, 1, 0, '103.1.100.226', '2025-03-26 10:41:11', '2025-03-26 10:41:11', NULL, NULL, 4, '2025-06-21', 0),
(362, 0, 0, NULL, '20:00:00', '21:00:00', NULL, NULL, 2, 1, 0, 1, 0, '103.1.100.226', '2025-03-26 10:41:11', '2025-03-26 10:41:11', NULL, NULL, 4, '2025-06-22', 0),
(363, 0, 0, NULL, '20:00:00', '21:00:00', NULL, NULL, 2, 1, 0, 1, 0, '103.1.100.226', '2025-03-26 10:41:11', '2025-03-26 10:41:11', NULL, NULL, 4, '2025-06-23', 0),
(364, 0, 0, NULL, '20:00:00', '21:00:00', NULL, NULL, 2, 1, 0, 1, 0, '103.1.100.226', '2025-03-26 10:41:11', '2025-03-26 10:41:11', NULL, NULL, 4, '2025-06-24', 0),
(365, 0, 0, NULL, '12:00:00', '13:00:00', NULL, NULL, 6, 13, 0, 1, 0, '103.1.100.226', '2025-03-26 11:33:58', '2025-03-26 11:33:58', NULL, NULL, 5, '2025-03-26', 0),
(366, 0, 0, NULL, '12:00:00', '13:00:00', NULL, NULL, 6, 13, 0, 1, 0, '103.1.100.226', '2025-03-26 11:33:58', '2025-03-26 11:33:58', NULL, NULL, 5, '2025-03-27', 0),
(367, 11, 17, NULL, '12:00:00', '13:00:00', NULL, NULL, 6, 13, 7, 1, 0, '103.1.100.226', '2025-03-26 11:33:58', '2025-03-28 06:48:54', NULL, NULL, 5, '2025-03-28', 0),
(368, 0, 0, NULL, '12:00:00', '13:00:00', NULL, NULL, 6, 13, 0, 1, 0, '103.1.100.226', '2025-03-26 11:33:58', '2025-03-26 11:33:58', NULL, NULL, 5, '2025-03-29', 0),
(369, 0, 0, NULL, '12:00:00', '13:00:00', NULL, NULL, 6, 13, 0, 1, 0, '103.1.100.226', '2025-03-26 11:33:58', '2025-03-26 11:33:58', NULL, NULL, 5, '2025-03-30', 0),
(370, 0, 0, NULL, '12:00:00', '13:00:00', NULL, NULL, 6, 13, 0, 1, 0, '103.1.100.226', '2025-03-26 11:33:58', '2025-03-26 11:33:58', NULL, NULL, 5, '2025-03-31', 0),
(371, 0, 0, NULL, '12:00:00', '13:00:00', NULL, NULL, 6, 13, 0, 1, 0, '103.1.100.226', '2025-03-26 11:33:58', '2025-03-26 11:33:58', NULL, NULL, 5, '2025-04-01', 0),
(372, 0, 0, NULL, '12:00:00', '13:00:00', NULL, NULL, 6, 13, 0, 1, 0, '103.1.100.226', '2025-03-26 11:33:58', '2025-03-26 11:33:58', NULL, NULL, 5, '2025-04-02', 0),
(373, 0, 0, NULL, '12:00:00', '13:00:00', NULL, NULL, 6, 13, 0, 1, 0, '103.1.100.226', '2025-03-26 11:33:58', '2025-03-26 11:33:58', NULL, NULL, 5, '2025-04-03', 0),
(374, 0, 0, NULL, '12:00:00', '13:00:00', NULL, NULL, 6, 13, 0, 1, 0, '103.1.100.226', '2025-03-26 11:33:58', '2025-03-26 11:33:58', NULL, NULL, 5, '2025-04-04', 0),
(375, 0, 0, NULL, '12:00:00', '13:00:00', NULL, NULL, 6, 13, 0, 1, 0, '103.1.100.226', '2025-03-26 11:33:58', '2025-03-26 11:33:58', NULL, NULL, 5, '2025-04-05', 0),
(376, 0, 0, NULL, '12:00:00', '13:00:00', NULL, NULL, 6, 13, 0, 1, 0, '103.1.100.226', '2025-03-26 11:33:58', '2025-03-26 11:33:58', NULL, NULL, 5, '2025-04-06', 0),
(377, 0, 0, NULL, '12:00:00', '13:00:00', NULL, NULL, 6, 13, 0, 1, 0, '103.1.100.226', '2025-03-26 11:33:58', '2025-03-26 11:33:58', NULL, NULL, 5, '2025-04-07', 0),
(378, 0, 0, NULL, '12:00:00', '13:00:00', NULL, NULL, 6, 13, 0, 1, 0, '103.1.100.226', '2025-03-26 11:33:58', '2025-03-26 11:33:58', NULL, NULL, 5, '2025-04-08', 0),
(379, 0, 0, NULL, '12:00:00', '13:00:00', NULL, NULL, 6, 13, 0, 1, 0, '103.1.100.226', '2025-03-26 11:33:58', '2025-03-26 11:33:58', NULL, NULL, 5, '2025-04-09', 0),
(380, 0, 0, NULL, '12:00:00', '13:00:00', NULL, NULL, 6, 13, 0, 1, 0, '103.1.100.226', '2025-03-26 11:33:58', '2025-03-26 11:33:58', NULL, NULL, 5, '2025-04-10', 0),
(381, 0, 0, NULL, '12:00:00', '13:00:00', NULL, NULL, 6, 13, 0, 1, 0, '103.1.100.226', '2025-03-26 11:33:58', '2025-03-26 11:33:58', NULL, NULL, 5, '2025-04-11', 0),
(382, 0, 0, NULL, '12:00:00', '13:00:00', NULL, NULL, 6, 13, 0, 1, 0, '103.1.100.226', '2025-03-26 11:33:58', '2025-03-26 11:33:58', NULL, NULL, 5, '2025-04-12', 0),
(383, 0, 0, NULL, '12:00:00', '13:00:00', NULL, NULL, 6, 13, 0, 1, 0, '103.1.100.226', '2025-03-26 11:33:58', '2025-03-26 11:33:58', NULL, NULL, 5, '2025-04-13', 0),
(384, 0, 0, NULL, '12:00:00', '13:00:00', NULL, NULL, 6, 13, 0, 1, 0, '103.1.100.226', '2025-03-26 11:33:58', '2025-03-26 11:33:58', NULL, NULL, 5, '2025-04-14', 0),
(385, 0, 0, NULL, '12:00:00', '13:00:00', NULL, NULL, 6, 13, 0, 1, 0, '103.1.100.226', '2025-03-26 11:33:58', '2025-03-26 11:33:58', NULL, NULL, 5, '2025-04-15', 0),
(386, 0, 0, NULL, '12:00:00', '13:00:00', NULL, NULL, 6, 13, 0, 1, 0, '103.1.100.226', '2025-03-26 11:33:58', '2025-03-26 11:33:58', NULL, NULL, 5, '2025-04-16', 0),
(387, 0, 0, NULL, '12:00:00', '13:00:00', NULL, NULL, 6, 13, 0, 1, 0, '103.1.100.226', '2025-03-26 11:33:58', '2025-03-26 11:33:58', NULL, NULL, 5, '2025-04-17', 0),
(388, 0, 0, NULL, '12:00:00', '13:00:00', NULL, NULL, 6, 13, 0, 1, 0, '103.1.100.226', '2025-03-26 11:33:58', '2025-03-26 11:33:58', NULL, NULL, 5, '2025-04-18', 0),
(389, 0, 0, NULL, '12:00:00', '13:00:00', NULL, NULL, 6, 13, 0, 1, 0, '103.1.100.226', '2025-03-26 11:33:58', '2025-03-26 11:33:58', NULL, NULL, 5, '2025-04-19', 0),
(390, 0, 0, NULL, '12:00:00', '13:00:00', NULL, NULL, 6, 13, 0, 1, 0, '103.1.100.226', '2025-03-26 11:33:58', '2025-03-26 11:33:58', NULL, NULL, 5, '2025-04-20', 0),
(391, 0, 0, NULL, '12:00:00', '13:00:00', NULL, NULL, 6, 13, 0, 1, 0, '103.1.100.226', '2025-03-26 11:33:58', '2025-03-26 11:33:58', NULL, NULL, 5, '2025-04-21', 0),
(392, 0, 0, NULL, '12:00:00', '13:00:00', NULL, NULL, 6, 13, 0, 1, 0, '103.1.100.226', '2025-03-26 11:33:58', '2025-03-26 11:33:58', NULL, NULL, 5, '2025-04-22', 0),
(393, 0, 0, NULL, '12:00:00', '13:00:00', NULL, NULL, 6, 13, 0, 1, 0, '103.1.100.226', '2025-03-26 11:33:58', '2025-03-26 11:33:58', NULL, NULL, 5, '2025-04-23', 0),
(394, 0, 0, NULL, '12:00:00', '13:00:00', NULL, NULL, 6, 13, 0, 1, 0, '103.1.100.226', '2025-03-26 11:33:58', '2025-03-26 11:33:58', NULL, NULL, 5, '2025-04-24', 0),
(395, 0, 0, NULL, '12:00:00', '13:00:00', NULL, NULL, 6, 13, 0, 1, 0, '103.1.100.226', '2025-03-26 11:33:58', '2025-03-26 11:33:58', NULL, NULL, 5, '2025-04-25', 0),
(396, 0, 0, NULL, '12:00:00', '13:00:00', NULL, NULL, 6, 13, 0, 1, 0, '103.1.100.226', '2025-03-26 11:33:58', '2025-03-26 11:33:58', NULL, NULL, 5, '2025-04-26', 0),
(397, 0, 0, NULL, '12:00:00', '13:00:00', NULL, NULL, 6, 13, 0, 1, 0, '103.1.100.226', '2025-03-26 11:33:58', '2025-03-26 11:33:58', NULL, NULL, 5, '2025-04-27', 0),
(398, 0, 0, NULL, '12:00:00', '13:00:00', NULL, NULL, 6, 13, 0, 1, 0, '103.1.100.226', '2025-03-26 11:33:58', '2025-03-26 11:33:58', NULL, NULL, 5, '2025-04-28', 0),
(399, 0, 0, NULL, '12:00:00', '13:00:00', NULL, NULL, 6, 13, 0, 1, 0, '103.1.100.226', '2025-03-26 11:33:58', '2025-03-26 11:33:58', NULL, NULL, 5, '2025-04-29', 0),
(400, 0, 0, NULL, '12:00:00', '13:00:00', NULL, NULL, 6, 13, 0, 1, 0, '103.1.100.226', '2025-03-26 11:33:58', '2025-03-26 11:33:58', NULL, NULL, 5, '2025-04-30', 0),
(401, 0, 0, NULL, '12:00:00', '13:00:00', NULL, NULL, 6, 13, 0, 1, 0, '103.1.100.226', '2025-03-26 11:33:58', '2025-03-26 11:33:58', NULL, NULL, 5, '2025-05-01', 0),
(402, 0, 0, NULL, '12:00:00', '13:00:00', NULL, NULL, 6, 13, 0, 1, 0, '103.1.100.226', '2025-03-26 11:33:58', '2025-03-26 11:33:58', NULL, NULL, 5, '2025-05-02', 0),
(403, 0, 0, NULL, '12:00:00', '13:00:00', NULL, NULL, 6, 13, 0, 1, 0, '103.1.100.226', '2025-03-26 11:33:58', '2025-03-26 11:33:58', NULL, NULL, 5, '2025-05-03', 0),
(404, 0, 0, NULL, '12:00:00', '13:00:00', NULL, NULL, 6, 13, 0, 1, 0, '103.1.100.226', '2025-03-26 11:33:58', '2025-03-26 11:33:58', NULL, NULL, 5, '2025-05-04', 0),
(405, 0, 0, NULL, '12:00:00', '13:00:00', NULL, NULL, 6, 13, 0, 1, 0, '103.1.100.226', '2025-03-26 11:33:58', '2025-03-26 11:33:58', NULL, NULL, 5, '2025-05-05', 0),
(406, 0, 0, NULL, '12:00:00', '13:00:00', NULL, NULL, 6, 13, 0, 1, 0, '103.1.100.226', '2025-03-26 11:33:58', '2025-03-26 11:33:58', NULL, NULL, 5, '2025-05-06', 0),
(407, 0, 0, NULL, '12:00:00', '13:00:00', NULL, NULL, 6, 13, 0, 1, 0, '103.1.100.226', '2025-03-26 11:33:58', '2025-03-26 11:33:58', NULL, NULL, 5, '2025-05-07', 0),
(408, 0, 0, NULL, '12:00:00', '13:00:00', NULL, NULL, 6, 13, 0, 1, 0, '103.1.100.226', '2025-03-26 11:33:58', '2025-03-26 11:33:58', NULL, NULL, 5, '2025-05-08', 0),
(409, 0, 0, NULL, '12:00:00', '13:00:00', NULL, NULL, 6, 13, 0, 1, 0, '103.1.100.226', '2025-03-26 11:33:58', '2025-03-26 11:33:58', NULL, NULL, 5, '2025-05-09', 0),
(410, 0, 0, NULL, '12:00:00', '13:00:00', NULL, NULL, 6, 13, 0, 1, 0, '103.1.100.226', '2025-03-26 11:33:58', '2025-03-26 11:33:58', NULL, NULL, 5, '2025-05-10', 0),
(411, 0, 0, NULL, '12:00:00', '13:00:00', NULL, NULL, 6, 13, 0, 1, 0, '103.1.100.226', '2025-03-26 11:33:58', '2025-03-26 11:33:58', NULL, NULL, 5, '2025-05-11', 0),
(412, 0, 0, NULL, '12:00:00', '13:00:00', NULL, NULL, 6, 13, 0, 1, 0, '103.1.100.226', '2025-03-26 11:33:58', '2025-03-26 11:33:58', NULL, NULL, 5, '2025-05-12', 0),
(413, 0, 0, NULL, '12:00:00', '13:00:00', NULL, NULL, 6, 13, 0, 1, 0, '103.1.100.226', '2025-03-26 11:33:58', '2025-03-26 11:33:58', NULL, NULL, 5, '2025-05-13', 0),
(414, 0, 0, NULL, '12:00:00', '13:00:00', NULL, NULL, 6, 13, 0, 1, 0, '103.1.100.226', '2025-03-26 11:33:58', '2025-03-26 11:33:58', NULL, NULL, 5, '2025-05-14', 0),
(415, 0, 0, NULL, '12:00:00', '13:00:00', NULL, NULL, 6, 13, 0, 1, 0, '103.1.100.226', '2025-03-26 11:33:58', '2025-03-26 11:33:58', NULL, NULL, 5, '2025-05-15', 0),
(416, 0, 0, NULL, '12:00:00', '13:00:00', NULL, NULL, 6, 13, 0, 1, 0, '103.1.100.226', '2025-03-26 11:33:58', '2025-03-26 11:33:58', NULL, NULL, 5, '2025-05-16', 0),
(417, 0, 0, NULL, '12:00:00', '13:00:00', NULL, NULL, 6, 13, 0, 1, 0, '103.1.100.226', '2025-03-26 11:33:58', '2025-03-26 11:33:58', NULL, NULL, 5, '2025-05-17', 0),
(418, 0, 0, NULL, '12:00:00', '13:00:00', NULL, NULL, 6, 13, 0, 1, 0, '103.1.100.226', '2025-03-26 11:33:58', '2025-03-26 11:33:58', NULL, NULL, 5, '2025-05-18', 0),
(419, 0, 0, NULL, '12:00:00', '13:00:00', NULL, NULL, 6, 13, 0, 1, 0, '103.1.100.226', '2025-03-26 11:33:58', '2025-03-26 11:33:58', NULL, NULL, 5, '2025-05-19', 0),
(420, 0, 0, NULL, '12:00:00', '13:00:00', NULL, NULL, 6, 13, 0, 1, 0, '103.1.100.226', '2025-03-26 11:33:58', '2025-03-26 11:33:58', NULL, NULL, 5, '2025-05-20', 0),
(421, 0, 0, NULL, '12:00:00', '13:00:00', NULL, NULL, 6, 13, 0, 1, 0, '103.1.100.226', '2025-03-26 11:33:58', '2025-03-26 11:33:58', NULL, NULL, 5, '2025-05-21', 0),
(422, 0, 0, NULL, '12:00:00', '13:00:00', NULL, NULL, 6, 13, 0, 1, 0, '103.1.100.226', '2025-03-26 11:33:58', '2025-03-26 11:33:58', NULL, NULL, 5, '2025-05-22', 0),
(423, 0, 0, NULL, '12:00:00', '13:00:00', NULL, NULL, 6, 13, 0, 1, 0, '103.1.100.226', '2025-03-26 11:33:58', '2025-03-26 11:33:58', NULL, NULL, 5, '2025-05-23', 0),
(424, 0, 0, NULL, '12:00:00', '13:00:00', NULL, NULL, 6, 13, 0, 1, 0, '103.1.100.226', '2025-03-26 11:33:58', '2025-03-26 11:33:58', NULL, NULL, 5, '2025-05-24', 0),
(425, 0, 0, NULL, '12:00:00', '13:00:00', NULL, NULL, 6, 13, 0, 1, 0, '103.1.100.226', '2025-03-26 11:33:58', '2025-03-26 11:33:58', NULL, NULL, 5, '2025-05-25', 0),
(426, 0, 0, NULL, '12:00:00', '13:00:00', NULL, NULL, 6, 13, 0, 1, 0, '103.1.100.226', '2025-03-26 11:33:58', '2025-03-26 11:33:58', NULL, NULL, 5, '2025-05-26', 0),
(427, 0, 0, NULL, '12:00:00', '13:00:00', NULL, NULL, 6, 13, 0, 1, 0, '103.1.100.226', '2025-03-26 11:33:58', '2025-03-26 11:33:58', NULL, NULL, 5, '2025-05-27', 0),
(428, 0, 0, NULL, '12:00:00', '13:00:00', NULL, NULL, 6, 13, 0, 1, 0, '103.1.100.226', '2025-03-26 11:33:58', '2025-03-26 11:33:58', NULL, NULL, 5, '2025-05-28', 0),
(429, 0, 0, NULL, '12:00:00', '13:00:00', NULL, NULL, 6, 13, 0, 1, 0, '103.1.100.226', '2025-03-26 11:33:58', '2025-03-26 11:33:58', NULL, NULL, 5, '2025-05-29', 0),
(430, 0, 0, NULL, '12:00:00', '13:00:00', NULL, NULL, 6, 13, 0, 1, 0, '103.1.100.226', '2025-03-26 11:33:58', '2025-03-26 11:33:58', NULL, NULL, 5, '2025-05-30', 0),
(431, 0, 0, NULL, '12:00:00', '13:00:00', NULL, NULL, 6, 13, 0, 1, 0, '103.1.100.226', '2025-03-26 11:33:58', '2025-03-26 11:33:58', NULL, NULL, 5, '2025-05-31', 0),
(432, 0, 0, NULL, '12:00:00', '13:00:00', NULL, NULL, 6, 13, 0, 1, 0, '103.1.100.226', '2025-03-26 11:33:58', '2025-03-26 11:33:58', NULL, NULL, 5, '2025-06-01', 0),
(433, 0, 0, NULL, '12:00:00', '13:00:00', NULL, NULL, 6, 13, 0, 1, 0, '103.1.100.226', '2025-03-26 11:33:58', '2025-03-26 11:33:58', NULL, NULL, 5, '2025-06-02', 0),
(434, 0, 0, NULL, '12:00:00', '13:00:00', NULL, NULL, 6, 13, 0, 1, 0, '103.1.100.226', '2025-03-26 11:33:58', '2025-03-26 11:33:58', NULL, NULL, 5, '2025-06-03', 0),
(435, 0, 0, NULL, '12:00:00', '13:00:00', NULL, NULL, 6, 13, 0, 1, 0, '103.1.100.226', '2025-03-26 11:33:58', '2025-03-26 11:33:58', NULL, NULL, 5, '2025-06-04', 0),
(436, 0, 0, NULL, '12:00:00', '13:00:00', NULL, NULL, 6, 13, 0, 1, 0, '103.1.100.226', '2025-03-26 11:33:58', '2025-03-26 11:33:58', NULL, NULL, 5, '2025-06-05', 0),
(437, 0, 0, NULL, '12:00:00', '13:00:00', NULL, NULL, 6, 13, 0, 1, 0, '103.1.100.226', '2025-03-26 11:33:58', '2025-03-26 11:33:58', NULL, NULL, 5, '2025-06-06', 0),
(438, 0, 0, NULL, '12:00:00', '13:00:00', NULL, NULL, 6, 13, 0, 1, 0, '103.1.100.226', '2025-03-26 11:33:58', '2025-03-26 11:33:58', NULL, NULL, 5, '2025-06-07', 0),
(439, 0, 0, NULL, '12:00:00', '13:00:00', NULL, NULL, 6, 13, 0, 1, 0, '103.1.100.226', '2025-03-26 11:33:58', '2025-03-26 11:33:58', NULL, NULL, 5, '2025-06-08', 0),
(440, 0, 0, NULL, '12:00:00', '13:00:00', NULL, NULL, 6, 13, 0, 1, 0, '103.1.100.226', '2025-03-26 11:33:58', '2025-03-26 11:33:58', NULL, NULL, 5, '2025-06-09', 0),
(441, 0, 0, NULL, '12:00:00', '13:00:00', NULL, NULL, 6, 13, 0, 1, 0, '103.1.100.226', '2025-03-26 11:33:58', '2025-03-26 11:33:58', NULL, NULL, 5, '2025-06-10', 0),
(442, 0, 0, NULL, '12:00:00', '13:00:00', NULL, NULL, 6, 13, 0, 1, 0, '103.1.100.226', '2025-03-26 11:33:58', '2025-03-26 11:33:58', NULL, NULL, 5, '2025-06-11', 0),
(443, 0, 0, NULL, '12:00:00', '13:00:00', NULL, NULL, 6, 13, 0, 1, 0, '103.1.100.226', '2025-03-26 11:33:58', '2025-03-26 11:33:58', NULL, NULL, 5, '2025-06-12', 0),
(444, 0, 0, NULL, '12:00:00', '13:00:00', NULL, NULL, 6, 13, 0, 1, 0, '103.1.100.226', '2025-03-26 11:33:58', '2025-03-26 11:33:58', NULL, NULL, 5, '2025-06-13', 0),
(445, 0, 0, NULL, '12:00:00', '13:00:00', NULL, NULL, 6, 13, 0, 1, 0, '103.1.100.226', '2025-03-26 11:33:58', '2025-03-26 11:33:58', NULL, NULL, 5, '2025-06-14', 0),
(446, 0, 0, NULL, '12:00:00', '13:00:00', NULL, NULL, 6, 13, 0, 1, 0, '103.1.100.226', '2025-03-26 11:33:58', '2025-03-26 11:33:58', NULL, NULL, 5, '2025-06-15', 0),
(447, 0, 0, NULL, '12:00:00', '13:00:00', NULL, NULL, 6, 13, 0, 1, 0, '103.1.100.226', '2025-03-26 11:33:58', '2025-03-26 11:33:58', NULL, NULL, 5, '2025-06-16', 0),
(448, 0, 0, NULL, '12:00:00', '13:00:00', NULL, NULL, 6, 13, 0, 1, 0, '103.1.100.226', '2025-03-26 11:33:58', '2025-03-26 11:33:58', NULL, NULL, 5, '2025-06-17', 0),
(449, 0, 0, NULL, '12:00:00', '13:00:00', NULL, NULL, 6, 13, 0, 1, 0, '103.1.100.226', '2025-03-26 11:33:58', '2025-03-26 11:33:58', NULL, NULL, 5, '2025-06-18', 0),
(450, 0, 0, NULL, '12:00:00', '13:00:00', NULL, NULL, 6, 13, 0, 1, 0, '103.1.100.226', '2025-03-26 11:33:58', '2025-03-26 11:33:58', NULL, NULL, 5, '2025-06-19', 0),
(451, 0, 0, NULL, '12:00:00', '13:00:00', NULL, NULL, 6, 13, 0, 1, 0, '103.1.100.226', '2025-03-26 11:33:58', '2025-03-26 11:33:58', NULL, NULL, 5, '2025-06-20', 0),
(452, 0, 0, NULL, '12:00:00', '13:00:00', NULL, NULL, 6, 13, 0, 1, 0, '103.1.100.226', '2025-03-26 11:33:58', '2025-03-26 11:33:58', NULL, NULL, 5, '2025-06-21', 0),
(453, 0, 0, NULL, '12:00:00', '13:00:00', NULL, NULL, 6, 13, 0, 1, 0, '103.1.100.226', '2025-03-26 11:33:58', '2025-03-26 11:33:58', NULL, NULL, 5, '2025-06-22', 0),
(454, 0, 0, NULL, '12:00:00', '13:00:00', NULL, NULL, 6, 13, 0, 1, 0, '103.1.100.226', '2025-03-26 11:33:58', '2025-03-26 11:33:58', NULL, NULL, 5, '2025-06-23', 0),
(455, 0, 0, NULL, '12:00:00', '13:00:00', NULL, NULL, 6, 13, 0, 1, 0, '103.1.100.226', '2025-03-26 11:33:58', '2025-03-26 11:33:58', NULL, NULL, 5, '2025-06-24', 0),
(456, 16, 14, NULL, '14:00:00', '16:00:00', NULL, NULL, 7, 13, 3, 1, 0, '103.1.100.226', '2025-03-26 11:34:11', '2025-03-26 13:28:04', NULL, NULL, 6, '2025-03-26', 1),
(457, 16, 14, NULL, '14:00:00', '16:00:00', NULL, NULL, 7, 13, 3, 1, 0, '103.1.100.226', '2025-03-26 11:34:11', '2025-03-27 04:47:40', NULL, NULL, 6, '2025-03-27', 1),
(458, 11, 0, NULL, '14:00:00', '16:00:00', NULL, NULL, 7, 13, 0, 1, 0, '103.1.100.226', '2025-03-26 11:34:11', '2025-03-28 06:36:54', NULL, NULL, 6, '2025-03-28', 0),
(459, 0, 0, NULL, '14:00:00', '16:00:00', NULL, NULL, 7, 13, 0, 1, 0, '103.1.100.226', '2025-03-26 11:34:11', '2025-03-26 11:34:11', NULL, NULL, 6, '2025-03-29', 0),
(460, 0, 0, NULL, '14:00:00', '16:00:00', NULL, NULL, 7, 13, 0, 1, 0, '103.1.100.226', '2025-03-26 11:34:11', '2025-03-26 11:34:11', NULL, NULL, 6, '2025-03-30', 0),
(461, 0, 0, NULL, '14:00:00', '16:00:00', NULL, NULL, 7, 13, 0, 1, 0, '103.1.100.226', '2025-03-26 11:34:11', '2025-03-26 11:34:11', NULL, NULL, 6, '2025-03-31', 0),
(462, 0, 0, NULL, '14:00:00', '16:00:00', NULL, NULL, 7, 13, 0, 1, 0, '103.1.100.226', '2025-03-26 11:34:11', '2025-03-26 11:34:11', NULL, NULL, 6, '2025-04-01', 0),
(463, 0, 0, NULL, '14:00:00', '16:00:00', NULL, NULL, 7, 13, 0, 1, 0, '103.1.100.226', '2025-03-26 11:34:11', '2025-03-26 11:34:11', NULL, NULL, 6, '2025-04-02', 0),
(464, 0, 0, NULL, '14:00:00', '16:00:00', NULL, NULL, 7, 13, 0, 1, 0, '103.1.100.226', '2025-03-26 11:34:11', '2025-03-26 11:34:11', NULL, NULL, 6, '2025-04-03', 0),
(465, 0, 0, NULL, '14:00:00', '16:00:00', NULL, NULL, 7, 13, 0, 1, 0, '103.1.100.226', '2025-03-26 11:34:11', '2025-03-26 11:34:11', NULL, NULL, 6, '2025-04-04', 0),
(466, 0, 0, NULL, '14:00:00', '16:00:00', NULL, NULL, 7, 13, 0, 1, 0, '103.1.100.226', '2025-03-26 11:34:11', '2025-03-26 11:34:11', NULL, NULL, 6, '2025-04-05', 0),
(467, 0, 0, NULL, '14:00:00', '16:00:00', NULL, NULL, 7, 13, 0, 1, 0, '103.1.100.226', '2025-03-26 11:34:11', '2025-03-26 11:34:11', NULL, NULL, 6, '2025-04-06', 0),
(468, 0, 0, NULL, '14:00:00', '16:00:00', NULL, NULL, 7, 13, 0, 1, 0, '103.1.100.226', '2025-03-26 11:34:11', '2025-03-26 11:34:11', NULL, NULL, 6, '2025-04-07', 0),
(469, 0, 0, NULL, '14:00:00', '16:00:00', NULL, NULL, 7, 13, 0, 1, 0, '103.1.100.226', '2025-03-26 11:34:11', '2025-03-26 11:34:11', NULL, NULL, 6, '2025-04-08', 0),
(470, 0, 0, NULL, '14:00:00', '16:00:00', NULL, NULL, 7, 13, 0, 1, 0, '103.1.100.226', '2025-03-26 11:34:11', '2025-03-26 11:34:11', NULL, NULL, 6, '2025-04-09', 0),
(471, 0, 0, NULL, '14:00:00', '16:00:00', NULL, NULL, 7, 13, 0, 1, 0, '103.1.100.226', '2025-03-26 11:34:11', '2025-03-26 11:34:11', NULL, NULL, 6, '2025-04-10', 0),
(472, 0, 0, NULL, '14:00:00', '16:00:00', NULL, NULL, 7, 13, 0, 1, 0, '103.1.100.226', '2025-03-26 11:34:11', '2025-03-26 11:34:11', NULL, NULL, 6, '2025-04-11', 0),
(473, 0, 0, NULL, '14:00:00', '16:00:00', NULL, NULL, 7, 13, 0, 1, 0, '103.1.100.226', '2025-03-26 11:34:11', '2025-03-26 11:34:11', NULL, NULL, 6, '2025-04-12', 0),
(474, 0, 0, NULL, '14:00:00', '16:00:00', NULL, NULL, 7, 13, 0, 1, 0, '103.1.100.226', '2025-03-26 11:34:11', '2025-03-26 11:34:11', NULL, NULL, 6, '2025-04-13', 0),
(475, 0, 0, NULL, '14:00:00', '16:00:00', NULL, NULL, 7, 13, 0, 1, 0, '103.1.100.226', '2025-03-26 11:34:11', '2025-03-26 11:34:11', NULL, NULL, 6, '2025-04-14', 0),
(476, 0, 0, NULL, '14:00:00', '16:00:00', NULL, NULL, 7, 13, 0, 1, 0, '103.1.100.226', '2025-03-26 11:34:11', '2025-03-26 11:34:11', NULL, NULL, 6, '2025-04-15', 0),
(477, 0, 0, NULL, '14:00:00', '16:00:00', NULL, NULL, 7, 13, 0, 1, 0, '103.1.100.226', '2025-03-26 11:34:11', '2025-03-26 11:34:11', NULL, NULL, 6, '2025-04-16', 0),
(478, 0, 0, NULL, '14:00:00', '16:00:00', NULL, NULL, 7, 13, 0, 1, 0, '103.1.100.226', '2025-03-26 11:34:11', '2025-03-26 11:34:11', NULL, NULL, 6, '2025-04-17', 0),
(479, 0, 0, NULL, '14:00:00', '16:00:00', NULL, NULL, 7, 13, 0, 1, 0, '103.1.100.226', '2025-03-26 11:34:11', '2025-03-26 11:34:11', NULL, NULL, 6, '2025-04-18', 0),
(480, 0, 0, NULL, '14:00:00', '16:00:00', NULL, NULL, 7, 13, 0, 1, 0, '103.1.100.226', '2025-03-26 11:34:11', '2025-03-26 11:34:11', NULL, NULL, 6, '2025-04-19', 0),
(481, 0, 0, NULL, '14:00:00', '16:00:00', NULL, NULL, 7, 13, 0, 1, 0, '103.1.100.226', '2025-03-26 11:34:11', '2025-03-26 11:34:11', NULL, NULL, 6, '2025-04-20', 0),
(482, 0, 0, NULL, '14:00:00', '16:00:00', NULL, NULL, 7, 13, 0, 1, 0, '103.1.100.226', '2025-03-26 11:34:11', '2025-03-26 11:34:11', NULL, NULL, 6, '2025-04-21', 0),
(483, 0, 0, NULL, '14:00:00', '16:00:00', NULL, NULL, 7, 13, 0, 1, 0, '103.1.100.226', '2025-03-26 11:34:11', '2025-03-26 11:34:11', NULL, NULL, 6, '2025-04-22', 0),
(484, 0, 0, NULL, '14:00:00', '16:00:00', NULL, NULL, 7, 13, 0, 1, 0, '103.1.100.226', '2025-03-26 11:34:11', '2025-03-26 11:34:11', NULL, NULL, 6, '2025-04-23', 0),
(485, 0, 0, NULL, '14:00:00', '16:00:00', NULL, NULL, 7, 13, 0, 1, 0, '103.1.100.226', '2025-03-26 11:34:11', '2025-03-26 11:34:11', NULL, NULL, 6, '2025-04-24', 0),
(486, 0, 0, NULL, '14:00:00', '16:00:00', NULL, NULL, 7, 13, 0, 1, 0, '103.1.100.226', '2025-03-26 11:34:11', '2025-03-26 11:34:11', NULL, NULL, 6, '2025-04-25', 0),
(487, 0, 0, NULL, '14:00:00', '16:00:00', NULL, NULL, 7, 13, 0, 1, 0, '103.1.100.226', '2025-03-26 11:34:11', '2025-03-26 11:34:11', NULL, NULL, 6, '2025-04-26', 0),
(488, 0, 0, NULL, '14:00:00', '16:00:00', NULL, NULL, 7, 13, 0, 1, 0, '103.1.100.226', '2025-03-26 11:34:11', '2025-03-26 11:34:11', NULL, NULL, 6, '2025-04-27', 0),
(489, 0, 0, NULL, '14:00:00', '16:00:00', NULL, NULL, 7, 13, 0, 1, 0, '103.1.100.226', '2025-03-26 11:34:11', '2025-03-26 11:34:11', NULL, NULL, 6, '2025-04-28', 0),
(490, 0, 0, NULL, '14:00:00', '16:00:00', NULL, NULL, 7, 13, 0, 1, 0, '103.1.100.226', '2025-03-26 11:34:11', '2025-03-26 11:34:11', NULL, NULL, 6, '2025-04-29', 0),
(491, 0, 0, NULL, '14:00:00', '16:00:00', NULL, NULL, 7, 13, 0, 1, 0, '103.1.100.226', '2025-03-26 11:34:11', '2025-03-26 11:34:11', NULL, NULL, 6, '2025-04-30', 0),
(492, 0, 0, NULL, '14:00:00', '16:00:00', NULL, NULL, 7, 13, 0, 1, 0, '103.1.100.226', '2025-03-26 11:34:11', '2025-03-26 11:34:11', NULL, NULL, 6, '2025-05-01', 0),
(493, 0, 0, NULL, '14:00:00', '16:00:00', NULL, NULL, 7, 13, 0, 1, 0, '103.1.100.226', '2025-03-26 11:34:11', '2025-03-26 11:34:11', NULL, NULL, 6, '2025-05-02', 0),
(494, 0, 0, NULL, '14:00:00', '16:00:00', NULL, NULL, 7, 13, 0, 1, 0, '103.1.100.226', '2025-03-26 11:34:11', '2025-03-26 11:34:11', NULL, NULL, 6, '2025-05-03', 0),
(495, 0, 0, NULL, '14:00:00', '16:00:00', NULL, NULL, 7, 13, 0, 1, 0, '103.1.100.226', '2025-03-26 11:34:11', '2025-03-26 11:34:11', NULL, NULL, 6, '2025-05-04', 0),
(496, 0, 0, NULL, '14:00:00', '16:00:00', NULL, NULL, 7, 13, 0, 1, 0, '103.1.100.226', '2025-03-26 11:34:11', '2025-03-26 11:34:11', NULL, NULL, 6, '2025-05-05', 0),
(497, 0, 0, NULL, '14:00:00', '16:00:00', NULL, NULL, 7, 13, 0, 1, 0, '103.1.100.226', '2025-03-26 11:34:11', '2025-03-26 11:34:11', NULL, NULL, 6, '2025-05-06', 0),
(498, 0, 0, NULL, '14:00:00', '16:00:00', NULL, NULL, 7, 13, 0, 1, 0, '103.1.100.226', '2025-03-26 11:34:11', '2025-03-26 11:34:11', NULL, NULL, 6, '2025-05-07', 0),
(499, 0, 0, NULL, '14:00:00', '16:00:00', NULL, NULL, 7, 13, 0, 1, 0, '103.1.100.226', '2025-03-26 11:34:11', '2025-03-26 11:34:11', NULL, NULL, 6, '2025-05-08', 0),
(500, 0, 0, NULL, '14:00:00', '16:00:00', NULL, NULL, 7, 13, 0, 1, 0, '103.1.100.226', '2025-03-26 11:34:11', '2025-03-26 11:34:11', NULL, NULL, 6, '2025-05-09', 0),
(501, 0, 0, NULL, '14:00:00', '16:00:00', NULL, NULL, 7, 13, 0, 1, 0, '103.1.100.226', '2025-03-26 11:34:11', '2025-03-26 11:34:11', NULL, NULL, 6, '2025-05-10', 0),
(502, 0, 0, NULL, '14:00:00', '16:00:00', NULL, NULL, 7, 13, 0, 1, 0, '103.1.100.226', '2025-03-26 11:34:11', '2025-03-26 11:34:11', NULL, NULL, 6, '2025-05-11', 0),
(503, 0, 0, NULL, '14:00:00', '16:00:00', NULL, NULL, 7, 13, 0, 1, 0, '103.1.100.226', '2025-03-26 11:34:11', '2025-03-26 11:34:11', NULL, NULL, 6, '2025-05-12', 0),
(504, 0, 0, NULL, '14:00:00', '16:00:00', NULL, NULL, 7, 13, 0, 1, 0, '103.1.100.226', '2025-03-26 11:34:11', '2025-03-26 11:34:11', NULL, NULL, 6, '2025-05-13', 0),
(505, 0, 0, NULL, '14:00:00', '16:00:00', NULL, NULL, 7, 13, 0, 1, 0, '103.1.100.226', '2025-03-26 11:34:11', '2025-03-26 11:34:11', NULL, NULL, 6, '2025-05-14', 0),
(506, 0, 0, NULL, '14:00:00', '16:00:00', NULL, NULL, 7, 13, 0, 1, 0, '103.1.100.226', '2025-03-26 11:34:11', '2025-03-26 11:34:11', NULL, NULL, 6, '2025-05-15', 0),
(507, 0, 0, NULL, '14:00:00', '16:00:00', NULL, NULL, 7, 13, 0, 1, 0, '103.1.100.226', '2025-03-26 11:34:11', '2025-03-26 11:34:11', NULL, NULL, 6, '2025-05-16', 0),
(508, 0, 0, NULL, '14:00:00', '16:00:00', NULL, NULL, 7, 13, 0, 1, 0, '103.1.100.226', '2025-03-26 11:34:11', '2025-03-26 11:34:11', NULL, NULL, 6, '2025-05-17', 0),
(509, 0, 0, NULL, '14:00:00', '16:00:00', NULL, NULL, 7, 13, 0, 1, 0, '103.1.100.226', '2025-03-26 11:34:11', '2025-03-26 11:34:11', NULL, NULL, 6, '2025-05-18', 0),
(510, 0, 0, NULL, '14:00:00', '16:00:00', NULL, NULL, 7, 13, 0, 1, 0, '103.1.100.226', '2025-03-26 11:34:11', '2025-03-26 11:34:11', NULL, NULL, 6, '2025-05-19', 0),
(511, 0, 0, NULL, '14:00:00', '16:00:00', NULL, NULL, 7, 13, 0, 1, 0, '103.1.100.226', '2025-03-26 11:34:11', '2025-03-26 11:34:11', NULL, NULL, 6, '2025-05-20', 0),
(512, 0, 0, NULL, '14:00:00', '16:00:00', NULL, NULL, 7, 13, 0, 1, 0, '103.1.100.226', '2025-03-26 11:34:11', '2025-03-26 11:34:11', NULL, NULL, 6, '2025-05-21', 0),
(513, 0, 0, NULL, '14:00:00', '16:00:00', NULL, NULL, 7, 13, 0, 1, 0, '103.1.100.226', '2025-03-26 11:34:11', '2025-03-26 11:34:11', NULL, NULL, 6, '2025-05-22', 0),
(514, 0, 0, NULL, '14:00:00', '16:00:00', NULL, NULL, 7, 13, 0, 1, 0, '103.1.100.226', '2025-03-26 11:34:11', '2025-03-26 11:34:11', NULL, NULL, 6, '2025-05-23', 0),
(515, 0, 0, NULL, '14:00:00', '16:00:00', NULL, NULL, 7, 13, 0, 1, 0, '103.1.100.226', '2025-03-26 11:34:11', '2025-03-26 11:34:11', NULL, NULL, 6, '2025-05-24', 0),
(516, 0, 0, NULL, '14:00:00', '16:00:00', NULL, NULL, 7, 13, 0, 1, 0, '103.1.100.226', '2025-03-26 11:34:11', '2025-03-26 11:34:11', NULL, NULL, 6, '2025-05-25', 0),
(517, 0, 0, NULL, '14:00:00', '16:00:00', NULL, NULL, 7, 13, 0, 1, 0, '103.1.100.226', '2025-03-26 11:34:11', '2025-03-26 11:34:11', NULL, NULL, 6, '2025-05-26', 0),
(518, 0, 0, NULL, '14:00:00', '16:00:00', NULL, NULL, 7, 13, 0, 1, 0, '103.1.100.226', '2025-03-26 11:34:11', '2025-03-26 11:34:11', NULL, NULL, 6, '2025-05-27', 0),
(519, 0, 0, NULL, '14:00:00', '16:00:00', NULL, NULL, 7, 13, 0, 1, 0, '103.1.100.226', '2025-03-26 11:34:11', '2025-03-26 11:34:11', NULL, NULL, 6, '2025-05-28', 0),
(520, 0, 0, NULL, '14:00:00', '16:00:00', NULL, NULL, 7, 13, 0, 1, 0, '103.1.100.226', '2025-03-26 11:34:11', '2025-03-26 11:34:11', NULL, NULL, 6, '2025-05-29', 0),
(521, 0, 0, NULL, '14:00:00', '16:00:00', NULL, NULL, 7, 13, 0, 1, 0, '103.1.100.226', '2025-03-26 11:34:11', '2025-03-26 11:34:11', NULL, NULL, 6, '2025-05-30', 0),
(522, 0, 0, NULL, '14:00:00', '16:00:00', NULL, NULL, 7, 13, 0, 1, 0, '103.1.100.226', '2025-03-26 11:34:11', '2025-03-26 11:34:11', NULL, NULL, 6, '2025-05-31', 0),
(523, 0, 0, NULL, '14:00:00', '16:00:00', NULL, NULL, 7, 13, 0, 1, 0, '103.1.100.226', '2025-03-26 11:34:11', '2025-03-26 11:34:11', NULL, NULL, 6, '2025-06-01', 0),
(524, 0, 0, NULL, '14:00:00', '16:00:00', NULL, NULL, 7, 13, 0, 1, 0, '103.1.100.226', '2025-03-26 11:34:11', '2025-03-26 11:34:11', NULL, NULL, 6, '2025-06-02', 0),
(525, 0, 0, NULL, '14:00:00', '16:00:00', NULL, NULL, 7, 13, 0, 1, 0, '103.1.100.226', '2025-03-26 11:34:11', '2025-03-26 11:34:11', NULL, NULL, 6, '2025-06-03', 0),
(526, 0, 0, NULL, '14:00:00', '16:00:00', NULL, NULL, 7, 13, 0, 1, 0, '103.1.100.226', '2025-03-26 11:34:11', '2025-03-26 11:34:11', NULL, NULL, 6, '2025-06-04', 0),
(527, 0, 0, NULL, '14:00:00', '16:00:00', NULL, NULL, 7, 13, 0, 1, 0, '103.1.100.226', '2025-03-26 11:34:11', '2025-03-26 11:34:11', NULL, NULL, 6, '2025-06-05', 0),
(528, 0, 0, NULL, '14:00:00', '16:00:00', NULL, NULL, 7, 13, 0, 1, 0, '103.1.100.226', '2025-03-26 11:34:11', '2025-03-26 11:34:11', NULL, NULL, 6, '2025-06-06', 0),
(529, 0, 0, NULL, '14:00:00', '16:00:00', NULL, NULL, 7, 13, 0, 1, 0, '103.1.100.226', '2025-03-26 11:34:11', '2025-03-26 11:34:11', NULL, NULL, 6, '2025-06-07', 0),
(530, 0, 0, NULL, '14:00:00', '16:00:00', NULL, NULL, 7, 13, 0, 1, 0, '103.1.100.226', '2025-03-26 11:34:11', '2025-03-26 11:34:11', NULL, NULL, 6, '2025-06-08', 0),
(531, 0, 0, NULL, '14:00:00', '16:00:00', NULL, NULL, 7, 13, 0, 1, 0, '103.1.100.226', '2025-03-26 11:34:11', '2025-03-26 11:34:11', NULL, NULL, 6, '2025-06-09', 0),
(532, 0, 0, NULL, '14:00:00', '16:00:00', NULL, NULL, 7, 13, 0, 1, 0, '103.1.100.226', '2025-03-26 11:34:11', '2025-03-26 11:34:11', NULL, NULL, 6, '2025-06-10', 0),
(533, 0, 0, NULL, '14:00:00', '16:00:00', NULL, NULL, 7, 13, 0, 1, 0, '103.1.100.226', '2025-03-26 11:34:11', '2025-03-26 11:34:11', NULL, NULL, 6, '2025-06-11', 0),
(534, 0, 0, NULL, '14:00:00', '16:00:00', NULL, NULL, 7, 13, 0, 1, 0, '103.1.100.226', '2025-03-26 11:34:11', '2025-03-26 11:34:11', NULL, NULL, 6, '2025-06-12', 0),
(535, 0, 0, NULL, '14:00:00', '16:00:00', NULL, NULL, 7, 13, 0, 1, 0, '103.1.100.226', '2025-03-26 11:34:11', '2025-03-26 11:34:11', NULL, NULL, 6, '2025-06-13', 0),
(536, 0, 0, NULL, '14:00:00', '16:00:00', NULL, NULL, 7, 13, 0, 1, 0, '103.1.100.226', '2025-03-26 11:34:11', '2025-03-26 11:34:11', NULL, NULL, 6, '2025-06-14', 0),
(537, 0, 0, NULL, '14:00:00', '16:00:00', NULL, NULL, 7, 13, 0, 1, 0, '103.1.100.226', '2025-03-26 11:34:11', '2025-03-26 11:34:11', NULL, NULL, 6, '2025-06-15', 0),
(538, 0, 0, NULL, '14:00:00', '16:00:00', NULL, NULL, 7, 13, 0, 1, 0, '103.1.100.226', '2025-03-26 11:34:11', '2025-03-26 11:34:11', NULL, NULL, 6, '2025-06-16', 0),
(539, 0, 0, NULL, '14:00:00', '16:00:00', NULL, NULL, 7, 13, 0, 1, 0, '103.1.100.226', '2025-03-26 11:34:11', '2025-03-26 11:34:11', NULL, NULL, 6, '2025-06-17', 0),
(540, 0, 0, NULL, '14:00:00', '16:00:00', NULL, NULL, 7, 13, 0, 1, 0, '103.1.100.226', '2025-03-26 11:34:11', '2025-03-26 11:34:11', NULL, NULL, 6, '2025-06-18', 0),
(541, 0, 0, NULL, '14:00:00', '16:00:00', NULL, NULL, 7, 13, 0, 1, 0, '103.1.100.226', '2025-03-26 11:34:11', '2025-03-26 11:34:11', NULL, NULL, 6, '2025-06-19', 0),
(542, 0, 0, NULL, '14:00:00', '16:00:00', NULL, NULL, 7, 13, 0, 1, 0, '103.1.100.226', '2025-03-26 11:34:11', '2025-03-26 11:34:11', NULL, NULL, 6, '2025-06-20', 0),
(543, 0, 0, NULL, '14:00:00', '16:00:00', NULL, NULL, 7, 13, 0, 1, 0, '103.1.100.226', '2025-03-26 11:34:11', '2025-03-26 11:34:11', NULL, NULL, 6, '2025-06-21', 0),
(544, 0, 0, NULL, '14:00:00', '16:00:00', NULL, NULL, 7, 13, 0, 1, 0, '103.1.100.226', '2025-03-26 11:34:11', '2025-03-26 11:34:11', NULL, NULL, 6, '2025-06-22', 0),
(545, 0, 0, NULL, '14:00:00', '16:00:00', NULL, NULL, 7, 13, 0, 1, 0, '103.1.100.226', '2025-03-26 11:34:11', '2025-03-26 11:34:11', NULL, NULL, 6, '2025-06-23', 0),
(546, 0, 0, NULL, '14:00:00', '16:00:00', NULL, NULL, 7, 13, 0, 1, 0, '103.1.100.226', '2025-03-26 11:34:11', '2025-03-26 11:34:11', NULL, NULL, 6, '2025-06-24', 0),
(547, 0, 0, NULL, '17:00:00', '18:00:00', NULL, NULL, 8, 13, 0, 1, 0, '103.1.100.226', '2025-03-26 11:34:24', '2025-03-26 11:34:24', NULL, NULL, 7, '2025-03-26', 0),
(548, 0, 0, NULL, '17:00:00', '18:00:00', NULL, NULL, 8, 13, 0, 1, 0, '103.1.100.226', '2025-03-26 11:34:24', '2025-03-26 11:34:24', NULL, NULL, 7, '2025-03-27', 0),
(549, 0, 0, NULL, '17:00:00', '18:00:00', NULL, NULL, 8, 13, 0, 1, 0, '103.1.100.226', '2025-03-26 11:34:24', '2025-03-26 11:34:24', NULL, NULL, 7, '2025-03-28', 0),
(550, 11, 0, NULL, '17:00:00', '18:00:00', NULL, NULL, 8, 13, 0, 1, 0, '103.1.100.226', '2025-03-26 11:34:24', '2025-03-28 05:26:24', NULL, NULL, 7, '2025-03-29', 0),
(551, 11, 0, NULL, '17:00:00', '18:00:00', NULL, NULL, 8, 13, 0, 1, 0, '103.1.100.226', '2025-03-26 11:34:24', '2025-03-28 05:26:24', NULL, NULL, 7, '2025-03-30', 0),
(552, 0, 0, NULL, '17:00:00', '18:00:00', NULL, NULL, 8, 13, 0, 1, 0, '103.1.100.226', '2025-03-26 11:34:24', '2025-03-26 11:34:24', NULL, NULL, 7, '2025-03-31', 0),
(553, 0, 0, NULL, '17:00:00', '18:00:00', NULL, NULL, 8, 13, 0, 1, 0, '103.1.100.226', '2025-03-26 11:34:24', '2025-03-26 11:34:24', NULL, NULL, 7, '2025-04-01', 0),
(554, 0, 0, NULL, '17:00:00', '18:00:00', NULL, NULL, 8, 13, 0, 1, 0, '103.1.100.226', '2025-03-26 11:34:24', '2025-03-26 11:34:24', NULL, NULL, 7, '2025-04-02', 0),
(555, 0, 0, NULL, '17:00:00', '18:00:00', NULL, NULL, 8, 13, 0, 1, 0, '103.1.100.226', '2025-03-26 11:34:24', '2025-03-26 11:34:24', NULL, NULL, 7, '2025-04-03', 0),
(556, 0, 0, NULL, '17:00:00', '18:00:00', NULL, NULL, 8, 13, 0, 1, 0, '103.1.100.226', '2025-03-26 11:34:24', '2025-03-26 11:34:24', NULL, NULL, 7, '2025-04-04', 0),
(557, 0, 0, NULL, '17:00:00', '18:00:00', NULL, NULL, 8, 13, 0, 1, 0, '103.1.100.226', '2025-03-26 11:34:24', '2025-03-26 11:34:24', NULL, NULL, 7, '2025-04-05', 0),
(558, 0, 0, NULL, '17:00:00', '18:00:00', NULL, NULL, 8, 13, 0, 1, 0, '103.1.100.226', '2025-03-26 11:34:24', '2025-03-26 11:34:24', NULL, NULL, 7, '2025-04-06', 0),
(559, 0, 0, NULL, '17:00:00', '18:00:00', NULL, NULL, 8, 13, 0, 1, 0, '103.1.100.226', '2025-03-26 11:34:24', '2025-03-26 11:34:24', NULL, NULL, 7, '2025-04-07', 0),
(560, 0, 0, NULL, '17:00:00', '18:00:00', NULL, NULL, 8, 13, 0, 1, 0, '103.1.100.226', '2025-03-26 11:34:24', '2025-03-26 11:34:24', NULL, NULL, 7, '2025-04-08', 0),
(561, 0, 0, NULL, '17:00:00', '18:00:00', NULL, NULL, 8, 13, 0, 1, 0, '103.1.100.226', '2025-03-26 11:34:24', '2025-03-26 11:34:24', NULL, NULL, 7, '2025-04-09', 0),
(562, 0, 0, NULL, '17:00:00', '18:00:00', NULL, NULL, 8, 13, 0, 1, 0, '103.1.100.226', '2025-03-26 11:34:24', '2025-03-26 11:34:24', NULL, NULL, 7, '2025-04-10', 0),
(563, 0, 0, NULL, '17:00:00', '18:00:00', NULL, NULL, 8, 13, 0, 1, 0, '103.1.100.226', '2025-03-26 11:34:24', '2025-03-26 11:34:24', NULL, NULL, 7, '2025-04-11', 0),
(564, 0, 0, NULL, '17:00:00', '18:00:00', NULL, NULL, 8, 13, 0, 1, 0, '103.1.100.226', '2025-03-26 11:34:24', '2025-03-26 11:34:24', NULL, NULL, 7, '2025-04-12', 0),
(565, 0, 0, NULL, '17:00:00', '18:00:00', NULL, NULL, 8, 13, 0, 1, 0, '103.1.100.226', '2025-03-26 11:34:24', '2025-03-26 11:34:24', NULL, NULL, 7, '2025-04-13', 0),
(566, 0, 0, NULL, '17:00:00', '18:00:00', NULL, NULL, 8, 13, 0, 1, 0, '103.1.100.226', '2025-03-26 11:34:24', '2025-03-26 11:34:24', NULL, NULL, 7, '2025-04-14', 0),
(567, 0, 0, NULL, '17:00:00', '18:00:00', NULL, NULL, 8, 13, 0, 1, 0, '103.1.100.226', '2025-03-26 11:34:24', '2025-03-26 11:34:24', NULL, NULL, 7, '2025-04-15', 0),
(568, 0, 0, NULL, '17:00:00', '18:00:00', NULL, NULL, 8, 13, 0, 1, 0, '103.1.100.226', '2025-03-26 11:34:24', '2025-03-26 11:34:24', NULL, NULL, 7, '2025-04-16', 0),
(569, 0, 0, NULL, '17:00:00', '18:00:00', NULL, NULL, 8, 13, 0, 1, 0, '103.1.100.226', '2025-03-26 11:34:24', '2025-03-26 11:34:24', NULL, NULL, 7, '2025-04-17', 0),
(570, 0, 0, NULL, '17:00:00', '18:00:00', NULL, NULL, 8, 13, 0, 1, 0, '103.1.100.226', '2025-03-26 11:34:24', '2025-03-26 11:34:24', NULL, NULL, 7, '2025-04-18', 0),
(571, 0, 0, NULL, '17:00:00', '18:00:00', NULL, NULL, 8, 13, 0, 1, 0, '103.1.100.226', '2025-03-26 11:34:24', '2025-03-26 11:34:24', NULL, NULL, 7, '2025-04-19', 0),
(572, 0, 0, NULL, '17:00:00', '18:00:00', NULL, NULL, 8, 13, 0, 1, 0, '103.1.100.226', '2025-03-26 11:34:24', '2025-03-26 11:34:24', NULL, NULL, 7, '2025-04-20', 0),
(573, 0, 0, NULL, '17:00:00', '18:00:00', NULL, NULL, 8, 13, 0, 1, 0, '103.1.100.226', '2025-03-26 11:34:24', '2025-03-26 11:34:24', NULL, NULL, 7, '2025-04-21', 0),
(574, 0, 0, NULL, '17:00:00', '18:00:00', NULL, NULL, 8, 13, 0, 1, 0, '103.1.100.226', '2025-03-26 11:34:24', '2025-03-26 11:34:24', NULL, NULL, 7, '2025-04-22', 0),
(575, 0, 0, NULL, '17:00:00', '18:00:00', NULL, NULL, 8, 13, 0, 1, 0, '103.1.100.226', '2025-03-26 11:34:24', '2025-03-26 11:34:24', NULL, NULL, 7, '2025-04-23', 0),
(576, 0, 0, NULL, '17:00:00', '18:00:00', NULL, NULL, 8, 13, 0, 1, 0, '103.1.100.226', '2025-03-26 11:34:24', '2025-03-26 11:34:24', NULL, NULL, 7, '2025-04-24', 0),
(577, 0, 0, NULL, '17:00:00', '18:00:00', NULL, NULL, 8, 13, 0, 1, 0, '103.1.100.226', '2025-03-26 11:34:24', '2025-03-26 11:34:24', NULL, NULL, 7, '2025-04-25', 0),
(578, 0, 0, NULL, '17:00:00', '18:00:00', NULL, NULL, 8, 13, 0, 1, 0, '103.1.100.226', '2025-03-26 11:34:24', '2025-03-26 11:34:24', NULL, NULL, 7, '2025-04-26', 0),
(579, 0, 0, NULL, '17:00:00', '18:00:00', NULL, NULL, 8, 13, 0, 1, 0, '103.1.100.226', '2025-03-26 11:34:24', '2025-03-26 11:34:24', NULL, NULL, 7, '2025-04-27', 0),
(580, 0, 0, NULL, '17:00:00', '18:00:00', NULL, NULL, 8, 13, 0, 1, 0, '103.1.100.226', '2025-03-26 11:34:24', '2025-03-26 11:34:24', NULL, NULL, 7, '2025-04-28', 0),
(581, 0, 0, NULL, '17:00:00', '18:00:00', NULL, NULL, 8, 13, 0, 1, 0, '103.1.100.226', '2025-03-26 11:34:24', '2025-03-26 11:34:24', NULL, NULL, 7, '2025-04-29', 0),
(582, 0, 0, NULL, '17:00:00', '18:00:00', NULL, NULL, 8, 13, 0, 1, 0, '103.1.100.226', '2025-03-26 11:34:24', '2025-03-26 11:34:24', NULL, NULL, 7, '2025-04-30', 0),
(583, 0, 0, NULL, '17:00:00', '18:00:00', NULL, NULL, 8, 13, 0, 1, 0, '103.1.100.226', '2025-03-26 11:34:24', '2025-03-26 11:34:24', NULL, NULL, 7, '2025-05-01', 0),
(584, 0, 0, NULL, '17:00:00', '18:00:00', NULL, NULL, 8, 13, 0, 1, 0, '103.1.100.226', '2025-03-26 11:34:24', '2025-03-26 11:34:24', NULL, NULL, 7, '2025-05-02', 0),
(585, 0, 0, NULL, '17:00:00', '18:00:00', NULL, NULL, 8, 13, 0, 1, 0, '103.1.100.226', '2025-03-26 11:34:24', '2025-03-26 11:34:24', NULL, NULL, 7, '2025-05-03', 0),
(586, 0, 0, NULL, '17:00:00', '18:00:00', NULL, NULL, 8, 13, 0, 1, 0, '103.1.100.226', '2025-03-26 11:34:24', '2025-03-26 11:34:24', NULL, NULL, 7, '2025-05-04', 0),
(587, 0, 0, NULL, '17:00:00', '18:00:00', NULL, NULL, 8, 13, 0, 1, 0, '103.1.100.226', '2025-03-26 11:34:24', '2025-03-26 11:34:24', NULL, NULL, 7, '2025-05-05', 0),
(588, 0, 0, NULL, '17:00:00', '18:00:00', NULL, NULL, 8, 13, 0, 1, 0, '103.1.100.226', '2025-03-26 11:34:24', '2025-03-26 11:34:24', NULL, NULL, 7, '2025-05-06', 0),
(589, 0, 0, NULL, '17:00:00', '18:00:00', NULL, NULL, 8, 13, 0, 1, 0, '103.1.100.226', '2025-03-26 11:34:24', '2025-03-26 11:34:24', NULL, NULL, 7, '2025-05-07', 0),
(590, 0, 0, NULL, '17:00:00', '18:00:00', NULL, NULL, 8, 13, 0, 1, 0, '103.1.100.226', '2025-03-26 11:34:24', '2025-03-26 11:34:24', NULL, NULL, 7, '2025-05-08', 0),
(591, 0, 0, NULL, '17:00:00', '18:00:00', NULL, NULL, 8, 13, 0, 1, 0, '103.1.100.226', '2025-03-26 11:34:24', '2025-03-26 11:34:24', NULL, NULL, 7, '2025-05-09', 0),
(592, 0, 0, NULL, '17:00:00', '18:00:00', NULL, NULL, 8, 13, 0, 1, 0, '103.1.100.226', '2025-03-26 11:34:24', '2025-03-26 11:34:24', NULL, NULL, 7, '2025-05-10', 0),
(593, 0, 0, NULL, '17:00:00', '18:00:00', NULL, NULL, 8, 13, 0, 1, 0, '103.1.100.226', '2025-03-26 11:34:24', '2025-03-26 11:34:24', NULL, NULL, 7, '2025-05-11', 0),
(594, 0, 0, NULL, '17:00:00', '18:00:00', NULL, NULL, 8, 13, 0, 1, 0, '103.1.100.226', '2025-03-26 11:34:24', '2025-03-26 11:34:24', NULL, NULL, 7, '2025-05-12', 0),
(595, 0, 0, NULL, '17:00:00', '18:00:00', NULL, NULL, 8, 13, 0, 1, 0, '103.1.100.226', '2025-03-26 11:34:24', '2025-03-26 11:34:24', NULL, NULL, 7, '2025-05-13', 0),
(596, 0, 0, NULL, '17:00:00', '18:00:00', NULL, NULL, 8, 13, 0, 1, 0, '103.1.100.226', '2025-03-26 11:34:24', '2025-03-26 11:34:24', NULL, NULL, 7, '2025-05-14', 0),
(597, 0, 0, NULL, '17:00:00', '18:00:00', NULL, NULL, 8, 13, 0, 1, 0, '103.1.100.226', '2025-03-26 11:34:24', '2025-03-26 11:34:24', NULL, NULL, 7, '2025-05-15', 0),
(598, 0, 0, NULL, '17:00:00', '18:00:00', NULL, NULL, 8, 13, 0, 1, 0, '103.1.100.226', '2025-03-26 11:34:24', '2025-03-26 11:34:24', NULL, NULL, 7, '2025-05-16', 0),
(599, 0, 0, NULL, '17:00:00', '18:00:00', NULL, NULL, 8, 13, 0, 1, 0, '103.1.100.226', '2025-03-26 11:34:24', '2025-03-26 11:34:24', NULL, NULL, 7, '2025-05-17', 0),
(600, 0, 0, NULL, '17:00:00', '18:00:00', NULL, NULL, 8, 13, 0, 1, 0, '103.1.100.226', '2025-03-26 11:34:24', '2025-03-26 11:34:24', NULL, NULL, 7, '2025-05-18', 0),
(601, 0, 0, NULL, '17:00:00', '18:00:00', NULL, NULL, 8, 13, 0, 1, 0, '103.1.100.226', '2025-03-26 11:34:24', '2025-03-26 11:34:24', NULL, NULL, 7, '2025-05-19', 0),
(602, 0, 0, NULL, '17:00:00', '18:00:00', NULL, NULL, 8, 13, 0, 1, 0, '103.1.100.226', '2025-03-26 11:34:24', '2025-03-26 11:34:24', NULL, NULL, 7, '2025-05-20', 0),
(603, 0, 0, NULL, '17:00:00', '18:00:00', NULL, NULL, 8, 13, 0, 1, 0, '103.1.100.226', '2025-03-26 11:34:24', '2025-03-26 11:34:24', NULL, NULL, 7, '2025-05-21', 0),
(604, 0, 0, NULL, '17:00:00', '18:00:00', NULL, NULL, 8, 13, 0, 1, 0, '103.1.100.226', '2025-03-26 11:34:24', '2025-03-26 11:34:24', NULL, NULL, 7, '2025-05-22', 0),
(605, 0, 0, NULL, '17:00:00', '18:00:00', NULL, NULL, 8, 13, 0, 1, 0, '103.1.100.226', '2025-03-26 11:34:24', '2025-03-26 11:34:24', NULL, NULL, 7, '2025-05-23', 0),
(606, 0, 0, NULL, '17:00:00', '18:00:00', NULL, NULL, 8, 13, 0, 1, 0, '103.1.100.226', '2025-03-26 11:34:24', '2025-03-26 11:34:24', NULL, NULL, 7, '2025-05-24', 0),
(607, 0, 0, NULL, '17:00:00', '18:00:00', NULL, NULL, 8, 13, 0, 1, 0, '103.1.100.226', '2025-03-26 11:34:24', '2025-03-26 11:34:24', NULL, NULL, 7, '2025-05-25', 0),
(608, 0, 0, NULL, '17:00:00', '18:00:00', NULL, NULL, 8, 13, 0, 1, 0, '103.1.100.226', '2025-03-26 11:34:24', '2025-03-26 11:34:24', NULL, NULL, 7, '2025-05-26', 0);
INSERT INTO `Schedule` (`Schedule_id`, `Customer_id`, `driver_id`, `status`, `fromtime`, `Totime`, `fromdate`, `Todate`, `car_id`, `SchoolId`, `package_order_id`, `iStatus`, `isDelete`, `strIP`, `created_at`, `updated_at`, `pickup_drop_point`, `day`, `Schedulemasterid`, `Schedule_date`, `attendance`) VALUES
(609, 0, 0, NULL, '17:00:00', '18:00:00', NULL, NULL, 8, 13, 0, 1, 0, '103.1.100.226', '2025-03-26 11:34:24', '2025-03-26 11:34:24', NULL, NULL, 7, '2025-05-27', 0),
(610, 0, 0, NULL, '17:00:00', '18:00:00', NULL, NULL, 8, 13, 0, 1, 0, '103.1.100.226', '2025-03-26 11:34:24', '2025-03-26 11:34:24', NULL, NULL, 7, '2025-05-28', 0),
(611, 0, 0, NULL, '17:00:00', '18:00:00', NULL, NULL, 8, 13, 0, 1, 0, '103.1.100.226', '2025-03-26 11:34:24', '2025-03-26 11:34:24', NULL, NULL, 7, '2025-05-29', 0),
(612, 0, 0, NULL, '17:00:00', '18:00:00', NULL, NULL, 8, 13, 0, 1, 0, '103.1.100.226', '2025-03-26 11:34:24', '2025-03-26 11:34:24', NULL, NULL, 7, '2025-05-30', 0),
(613, 0, 0, NULL, '17:00:00', '18:00:00', NULL, NULL, 8, 13, 0, 1, 0, '103.1.100.226', '2025-03-26 11:34:24', '2025-03-26 11:34:24', NULL, NULL, 7, '2025-05-31', 0),
(614, 0, 0, NULL, '17:00:00', '18:00:00', NULL, NULL, 8, 13, 0, 1, 0, '103.1.100.226', '2025-03-26 11:34:24', '2025-03-26 11:34:24', NULL, NULL, 7, '2025-06-01', 0),
(615, 0, 0, NULL, '17:00:00', '18:00:00', NULL, NULL, 8, 13, 0, 1, 0, '103.1.100.226', '2025-03-26 11:34:24', '2025-03-26 11:34:24', NULL, NULL, 7, '2025-06-02', 0),
(616, 0, 0, NULL, '17:00:00', '18:00:00', NULL, NULL, 8, 13, 0, 1, 0, '103.1.100.226', '2025-03-26 11:34:24', '2025-03-26 11:34:24', NULL, NULL, 7, '2025-06-03', 0),
(617, 0, 0, NULL, '17:00:00', '18:00:00', NULL, NULL, 8, 13, 0, 1, 0, '103.1.100.226', '2025-03-26 11:34:24', '2025-03-26 11:34:24', NULL, NULL, 7, '2025-06-04', 0),
(618, 0, 0, NULL, '17:00:00', '18:00:00', NULL, NULL, 8, 13, 0, 1, 0, '103.1.100.226', '2025-03-26 11:34:24', '2025-03-26 11:34:24', NULL, NULL, 7, '2025-06-05', 0),
(619, 0, 0, NULL, '17:00:00', '18:00:00', NULL, NULL, 8, 13, 0, 1, 0, '103.1.100.226', '2025-03-26 11:34:24', '2025-03-26 11:34:24', NULL, NULL, 7, '2025-06-06', 0),
(620, 0, 0, NULL, '17:00:00', '18:00:00', NULL, NULL, 8, 13, 0, 1, 0, '103.1.100.226', '2025-03-26 11:34:24', '2025-03-26 11:34:24', NULL, NULL, 7, '2025-06-07', 0),
(621, 0, 0, NULL, '17:00:00', '18:00:00', NULL, NULL, 8, 13, 0, 1, 0, '103.1.100.226', '2025-03-26 11:34:24', '2025-03-26 11:34:24', NULL, NULL, 7, '2025-06-08', 0),
(622, 0, 0, NULL, '17:00:00', '18:00:00', NULL, NULL, 8, 13, 0, 1, 0, '103.1.100.226', '2025-03-26 11:34:24', '2025-03-26 11:34:24', NULL, NULL, 7, '2025-06-09', 0),
(623, 0, 0, NULL, '17:00:00', '18:00:00', NULL, NULL, 8, 13, 0, 1, 0, '103.1.100.226', '2025-03-26 11:34:24', '2025-03-26 11:34:24', NULL, NULL, 7, '2025-06-10', 0),
(624, 0, 0, NULL, '17:00:00', '18:00:00', NULL, NULL, 8, 13, 0, 1, 0, '103.1.100.226', '2025-03-26 11:34:24', '2025-03-26 11:34:24', NULL, NULL, 7, '2025-06-11', 0),
(625, 0, 0, NULL, '17:00:00', '18:00:00', NULL, NULL, 8, 13, 0, 1, 0, '103.1.100.226', '2025-03-26 11:34:24', '2025-03-26 11:34:24', NULL, NULL, 7, '2025-06-12', 0),
(626, 0, 0, NULL, '17:00:00', '18:00:00', NULL, NULL, 8, 13, 0, 1, 0, '103.1.100.226', '2025-03-26 11:34:24', '2025-03-26 11:34:24', NULL, NULL, 7, '2025-06-13', 0),
(627, 0, 0, NULL, '17:00:00', '18:00:00', NULL, NULL, 8, 13, 0, 1, 0, '103.1.100.226', '2025-03-26 11:34:24', '2025-03-26 11:34:24', NULL, NULL, 7, '2025-06-14', 0),
(628, 0, 0, NULL, '17:00:00', '18:00:00', NULL, NULL, 8, 13, 0, 1, 0, '103.1.100.226', '2025-03-26 11:34:24', '2025-03-26 11:34:24', NULL, NULL, 7, '2025-06-15', 0),
(629, 0, 0, NULL, '17:00:00', '18:00:00', NULL, NULL, 8, 13, 0, 1, 0, '103.1.100.226', '2025-03-26 11:34:24', '2025-03-26 11:34:24', NULL, NULL, 7, '2025-06-16', 0),
(630, 0, 0, NULL, '17:00:00', '18:00:00', NULL, NULL, 8, 13, 0, 1, 0, '103.1.100.226', '2025-03-26 11:34:24', '2025-03-26 11:34:24', NULL, NULL, 7, '2025-06-17', 0),
(631, 0, 0, NULL, '17:00:00', '18:00:00', NULL, NULL, 8, 13, 0, 1, 0, '103.1.100.226', '2025-03-26 11:34:24', '2025-03-26 11:34:24', NULL, NULL, 7, '2025-06-18', 0),
(632, 0, 0, NULL, '17:00:00', '18:00:00', NULL, NULL, 8, 13, 0, 1, 0, '103.1.100.226', '2025-03-26 11:34:24', '2025-03-26 11:34:24', NULL, NULL, 7, '2025-06-19', 0),
(633, 0, 0, NULL, '17:00:00', '18:00:00', NULL, NULL, 8, 13, 0, 1, 0, '103.1.100.226', '2025-03-26 11:34:24', '2025-03-26 11:34:24', NULL, NULL, 7, '2025-06-20', 0),
(634, 0, 0, NULL, '17:00:00', '18:00:00', NULL, NULL, 8, 13, 0, 1, 0, '103.1.100.226', '2025-03-26 11:34:24', '2025-03-26 11:34:24', NULL, NULL, 7, '2025-06-21', 0),
(635, 0, 0, NULL, '17:00:00', '18:00:00', NULL, NULL, 8, 13, 0, 1, 0, '103.1.100.226', '2025-03-26 11:34:24', '2025-03-26 11:34:24', NULL, NULL, 7, '2025-06-22', 0),
(636, 0, 0, NULL, '17:00:00', '18:00:00', NULL, NULL, 8, 13, 0, 1, 0, '103.1.100.226', '2025-03-26 11:34:24', '2025-03-26 11:34:24', NULL, NULL, 7, '2025-06-23', 0),
(637, 0, 0, NULL, '17:00:00', '18:00:00', NULL, NULL, 8, 13, 0, 1, 0, '103.1.100.226', '2025-03-26 11:34:24', '2025-03-26 11:34:24', NULL, NULL, 7, '2025-06-24', 0),
(638, 0, 0, NULL, '18:00:00', '19:00:00', NULL, NULL, 6, 13, 0, 1, 0, '103.1.100.226', '2025-03-26 11:34:48', '2025-03-26 11:34:48', NULL, NULL, 8, '2025-03-26', 0),
(639, 0, 0, NULL, '18:00:00', '19:00:00', NULL, NULL, 6, 13, 0, 1, 0, '103.1.100.226', '2025-03-26 11:34:48', '2025-03-26 11:34:48', NULL, NULL, 8, '2025-03-27', 0),
(640, 0, 0, NULL, '18:00:00', '19:00:00', NULL, NULL, 6, 13, 0, 1, 0, '103.1.100.226', '2025-03-26 11:34:48', '2025-03-26 11:34:48', NULL, NULL, 8, '2025-03-28', 0),
(641, 0, 0, NULL, '18:00:00', '19:00:00', NULL, NULL, 6, 13, 0, 1, 0, '103.1.100.226', '2025-03-26 11:34:48', '2025-03-26 11:34:48', NULL, NULL, 8, '2025-03-29', 0),
(642, 0, 0, NULL, '18:00:00', '19:00:00', NULL, NULL, 6, 13, 0, 1, 0, '103.1.100.226', '2025-03-26 11:34:48', '2025-03-26 11:34:48', NULL, NULL, 8, '2025-03-30', 0),
(643, 0, 0, NULL, '18:00:00', '19:00:00', NULL, NULL, 6, 13, 0, 1, 0, '103.1.100.226', '2025-03-26 11:34:48', '2025-03-26 11:34:48', NULL, NULL, 8, '2025-03-31', 0),
(644, 0, 0, NULL, '18:00:00', '19:00:00', NULL, NULL, 6, 13, 0, 1, 0, '103.1.100.226', '2025-03-26 11:34:48', '2025-03-26 11:34:48', NULL, NULL, 8, '2025-04-01', 0),
(645, 0, 0, NULL, '18:00:00', '19:00:00', NULL, NULL, 6, 13, 0, 1, 0, '103.1.100.226', '2025-03-26 11:34:48', '2025-03-26 11:34:48', NULL, NULL, 8, '2025-04-02', 0),
(646, 0, 0, NULL, '18:00:00', '19:00:00', NULL, NULL, 6, 13, 0, 1, 0, '103.1.100.226', '2025-03-26 11:34:48', '2025-03-26 11:34:48', NULL, NULL, 8, '2025-04-03', 0),
(647, 0, 0, NULL, '18:00:00', '19:00:00', NULL, NULL, 6, 13, 0, 1, 0, '103.1.100.226', '2025-03-26 11:34:48', '2025-03-26 11:34:48', NULL, NULL, 8, '2025-04-04', 0),
(648, 0, 0, NULL, '18:00:00', '19:00:00', NULL, NULL, 6, 13, 0, 1, 0, '103.1.100.226', '2025-03-26 11:34:48', '2025-03-26 11:34:48', NULL, NULL, 8, '2025-04-05', 0),
(649, 0, 0, NULL, '18:00:00', '19:00:00', NULL, NULL, 6, 13, 0, 1, 0, '103.1.100.226', '2025-03-26 11:34:48', '2025-03-26 11:34:48', NULL, NULL, 8, '2025-04-06', 0),
(650, 0, 0, NULL, '18:00:00', '19:00:00', NULL, NULL, 6, 13, 0, 1, 0, '103.1.100.226', '2025-03-26 11:34:48', '2025-03-26 11:34:48', NULL, NULL, 8, '2025-04-07', 0),
(651, 0, 0, NULL, '18:00:00', '19:00:00', NULL, NULL, 6, 13, 0, 1, 0, '103.1.100.226', '2025-03-26 11:34:48', '2025-03-26 11:34:48', NULL, NULL, 8, '2025-04-08', 0),
(652, 0, 0, NULL, '18:00:00', '19:00:00', NULL, NULL, 6, 13, 0, 1, 0, '103.1.100.226', '2025-03-26 11:34:48', '2025-03-26 11:34:48', NULL, NULL, 8, '2025-04-09', 0),
(653, 0, 0, NULL, '18:00:00', '19:00:00', NULL, NULL, 6, 13, 0, 1, 0, '103.1.100.226', '2025-03-26 11:34:48', '2025-03-26 11:34:48', NULL, NULL, 8, '2025-04-10', 0),
(654, 0, 0, NULL, '18:00:00', '19:00:00', NULL, NULL, 6, 13, 0, 1, 0, '103.1.100.226', '2025-03-26 11:34:48', '2025-03-26 11:34:48', NULL, NULL, 8, '2025-04-11', 0),
(655, 0, 0, NULL, '18:00:00', '19:00:00', NULL, NULL, 6, 13, 0, 1, 0, '103.1.100.226', '2025-03-26 11:34:48', '2025-03-26 11:34:48', NULL, NULL, 8, '2025-04-12', 0),
(656, 0, 0, NULL, '18:00:00', '19:00:00', NULL, NULL, 6, 13, 0, 1, 0, '103.1.100.226', '2025-03-26 11:34:48', '2025-03-26 11:34:48', NULL, NULL, 8, '2025-04-13', 0),
(657, 0, 0, NULL, '18:00:00', '19:00:00', NULL, NULL, 6, 13, 0, 1, 0, '103.1.100.226', '2025-03-26 11:34:48', '2025-03-26 11:34:48', NULL, NULL, 8, '2025-04-14', 0),
(658, 0, 0, NULL, '18:00:00', '19:00:00', NULL, NULL, 6, 13, 0, 1, 0, '103.1.100.226', '2025-03-26 11:34:48', '2025-03-26 11:34:48', NULL, NULL, 8, '2025-04-15', 0),
(659, 0, 0, NULL, '18:00:00', '19:00:00', NULL, NULL, 6, 13, 0, 1, 0, '103.1.100.226', '2025-03-26 11:34:48', '2025-03-26 11:34:48', NULL, NULL, 8, '2025-04-16', 0),
(660, 0, 0, NULL, '18:00:00', '19:00:00', NULL, NULL, 6, 13, 0, 1, 0, '103.1.100.226', '2025-03-26 11:34:48', '2025-03-26 11:34:48', NULL, NULL, 8, '2025-04-17', 0),
(661, 0, 0, NULL, '18:00:00', '19:00:00', NULL, NULL, 6, 13, 0, 1, 0, '103.1.100.226', '2025-03-26 11:34:48', '2025-03-26 11:34:48', NULL, NULL, 8, '2025-04-18', 0),
(662, 0, 0, NULL, '18:00:00', '19:00:00', NULL, NULL, 6, 13, 0, 1, 0, '103.1.100.226', '2025-03-26 11:34:48', '2025-03-26 11:34:48', NULL, NULL, 8, '2025-04-19', 0),
(663, 0, 0, NULL, '18:00:00', '19:00:00', NULL, NULL, 6, 13, 0, 1, 0, '103.1.100.226', '2025-03-26 11:34:48', '2025-03-26 11:34:48', NULL, NULL, 8, '2025-04-20', 0),
(664, 0, 0, NULL, '18:00:00', '19:00:00', NULL, NULL, 6, 13, 0, 1, 0, '103.1.100.226', '2025-03-26 11:34:48', '2025-03-26 11:34:48', NULL, NULL, 8, '2025-04-21', 0),
(665, 0, 0, NULL, '18:00:00', '19:00:00', NULL, NULL, 6, 13, 0, 1, 0, '103.1.100.226', '2025-03-26 11:34:48', '2025-03-26 11:34:48', NULL, NULL, 8, '2025-04-22', 0),
(666, 0, 0, NULL, '18:00:00', '19:00:00', NULL, NULL, 6, 13, 0, 1, 0, '103.1.100.226', '2025-03-26 11:34:48', '2025-03-26 11:34:48', NULL, NULL, 8, '2025-04-23', 0),
(667, 0, 0, NULL, '18:00:00', '19:00:00', NULL, NULL, 6, 13, 0, 1, 0, '103.1.100.226', '2025-03-26 11:34:48', '2025-03-26 11:34:48', NULL, NULL, 8, '2025-04-24', 0),
(668, 0, 0, NULL, '18:00:00', '19:00:00', NULL, NULL, 6, 13, 0, 1, 0, '103.1.100.226', '2025-03-26 11:34:48', '2025-03-26 11:34:48', NULL, NULL, 8, '2025-04-25', 0),
(669, 0, 0, NULL, '18:00:00', '19:00:00', NULL, NULL, 6, 13, 0, 1, 0, '103.1.100.226', '2025-03-26 11:34:48', '2025-03-26 11:34:48', NULL, NULL, 8, '2025-04-26', 0),
(670, 0, 0, NULL, '18:00:00', '19:00:00', NULL, NULL, 6, 13, 0, 1, 0, '103.1.100.226', '2025-03-26 11:34:48', '2025-03-26 11:34:48', NULL, NULL, 8, '2025-04-27', 0),
(671, 0, 0, NULL, '18:00:00', '19:00:00', NULL, NULL, 6, 13, 0, 1, 0, '103.1.100.226', '2025-03-26 11:34:48', '2025-03-26 11:34:48', NULL, NULL, 8, '2025-04-28', 0),
(672, 0, 0, NULL, '18:00:00', '19:00:00', NULL, NULL, 6, 13, 0, 1, 0, '103.1.100.226', '2025-03-26 11:34:48', '2025-03-26 11:34:48', NULL, NULL, 8, '2025-04-29', 0),
(673, 0, 0, NULL, '18:00:00', '19:00:00', NULL, NULL, 6, 13, 0, 1, 0, '103.1.100.226', '2025-03-26 11:34:48', '2025-03-26 11:34:48', NULL, NULL, 8, '2025-04-30', 0),
(674, 0, 0, NULL, '18:00:00', '19:00:00', NULL, NULL, 6, 13, 0, 1, 0, '103.1.100.226', '2025-03-26 11:34:48', '2025-03-26 11:34:48', NULL, NULL, 8, '2025-05-01', 0),
(675, 0, 0, NULL, '18:00:00', '19:00:00', NULL, NULL, 6, 13, 0, 1, 0, '103.1.100.226', '2025-03-26 11:34:48', '2025-03-26 11:34:48', NULL, NULL, 8, '2025-05-02', 0),
(676, 0, 0, NULL, '18:00:00', '19:00:00', NULL, NULL, 6, 13, 0, 1, 0, '103.1.100.226', '2025-03-26 11:34:48', '2025-03-26 11:34:48', NULL, NULL, 8, '2025-05-03', 0),
(677, 0, 0, NULL, '18:00:00', '19:00:00', NULL, NULL, 6, 13, 0, 1, 0, '103.1.100.226', '2025-03-26 11:34:48', '2025-03-26 11:34:48', NULL, NULL, 8, '2025-05-04', 0),
(678, 0, 0, NULL, '18:00:00', '19:00:00', NULL, NULL, 6, 13, 0, 1, 0, '103.1.100.226', '2025-03-26 11:34:48', '2025-03-26 11:34:48', NULL, NULL, 8, '2025-05-05', 0),
(679, 0, 0, NULL, '18:00:00', '19:00:00', NULL, NULL, 6, 13, 0, 1, 0, '103.1.100.226', '2025-03-26 11:34:48', '2025-03-26 11:34:48', NULL, NULL, 8, '2025-05-06', 0),
(680, 0, 0, NULL, '18:00:00', '19:00:00', NULL, NULL, 6, 13, 0, 1, 0, '103.1.100.226', '2025-03-26 11:34:48', '2025-03-26 11:34:48', NULL, NULL, 8, '2025-05-07', 0),
(681, 0, 0, NULL, '18:00:00', '19:00:00', NULL, NULL, 6, 13, 0, 1, 0, '103.1.100.226', '2025-03-26 11:34:48', '2025-03-26 11:34:48', NULL, NULL, 8, '2025-05-08', 0),
(682, 0, 0, NULL, '18:00:00', '19:00:00', NULL, NULL, 6, 13, 0, 1, 0, '103.1.100.226', '2025-03-26 11:34:48', '2025-03-26 11:34:48', NULL, NULL, 8, '2025-05-09', 0),
(683, 0, 0, NULL, '18:00:00', '19:00:00', NULL, NULL, 6, 13, 0, 1, 0, '103.1.100.226', '2025-03-26 11:34:48', '2025-03-26 11:34:48', NULL, NULL, 8, '2025-05-10', 0),
(684, 0, 0, NULL, '18:00:00', '19:00:00', NULL, NULL, 6, 13, 0, 1, 0, '103.1.100.226', '2025-03-26 11:34:48', '2025-03-26 11:34:48', NULL, NULL, 8, '2025-05-11', 0),
(685, 0, 0, NULL, '18:00:00', '19:00:00', NULL, NULL, 6, 13, 0, 1, 0, '103.1.100.226', '2025-03-26 11:34:48', '2025-03-26 11:34:48', NULL, NULL, 8, '2025-05-12', 0),
(686, 0, 0, NULL, '18:00:00', '19:00:00', NULL, NULL, 6, 13, 0, 1, 0, '103.1.100.226', '2025-03-26 11:34:48', '2025-03-26 11:34:48', NULL, NULL, 8, '2025-05-13', 0),
(687, 0, 0, NULL, '18:00:00', '19:00:00', NULL, NULL, 6, 13, 0, 1, 0, '103.1.100.226', '2025-03-26 11:34:48', '2025-03-26 11:34:48', NULL, NULL, 8, '2025-05-14', 0),
(688, 0, 0, NULL, '18:00:00', '19:00:00', NULL, NULL, 6, 13, 0, 1, 0, '103.1.100.226', '2025-03-26 11:34:48', '2025-03-26 11:34:48', NULL, NULL, 8, '2025-05-15', 0),
(689, 0, 0, NULL, '18:00:00', '19:00:00', NULL, NULL, 6, 13, 0, 1, 0, '103.1.100.226', '2025-03-26 11:34:48', '2025-03-26 11:34:48', NULL, NULL, 8, '2025-05-16', 0),
(690, 0, 0, NULL, '18:00:00', '19:00:00', NULL, NULL, 6, 13, 0, 1, 0, '103.1.100.226', '2025-03-26 11:34:48', '2025-03-26 11:34:48', NULL, NULL, 8, '2025-05-17', 0),
(691, 0, 0, NULL, '18:00:00', '19:00:00', NULL, NULL, 6, 13, 0, 1, 0, '103.1.100.226', '2025-03-26 11:34:48', '2025-03-26 11:34:48', NULL, NULL, 8, '2025-05-18', 0),
(692, 0, 0, NULL, '18:00:00', '19:00:00', NULL, NULL, 6, 13, 0, 1, 0, '103.1.100.226', '2025-03-26 11:34:48', '2025-03-26 11:34:48', NULL, NULL, 8, '2025-05-19', 0),
(693, 0, 0, NULL, '18:00:00', '19:00:00', NULL, NULL, 6, 13, 0, 1, 0, '103.1.100.226', '2025-03-26 11:34:48', '2025-03-26 11:34:48', NULL, NULL, 8, '2025-05-20', 0),
(694, 0, 0, NULL, '18:00:00', '19:00:00', NULL, NULL, 6, 13, 0, 1, 0, '103.1.100.226', '2025-03-26 11:34:48', '2025-03-26 11:34:48', NULL, NULL, 8, '2025-05-21', 0),
(695, 0, 0, NULL, '18:00:00', '19:00:00', NULL, NULL, 6, 13, 0, 1, 0, '103.1.100.226', '2025-03-26 11:34:48', '2025-03-26 11:34:48', NULL, NULL, 8, '2025-05-22', 0),
(696, 0, 0, NULL, '18:00:00', '19:00:00', NULL, NULL, 6, 13, 0, 1, 0, '103.1.100.226', '2025-03-26 11:34:48', '2025-03-26 11:34:48', NULL, NULL, 8, '2025-05-23', 0),
(697, 0, 0, NULL, '18:00:00', '19:00:00', NULL, NULL, 6, 13, 0, 1, 0, '103.1.100.226', '2025-03-26 11:34:48', '2025-03-26 11:34:48', NULL, NULL, 8, '2025-05-24', 0),
(698, 0, 0, NULL, '18:00:00', '19:00:00', NULL, NULL, 6, 13, 0, 1, 0, '103.1.100.226', '2025-03-26 11:34:48', '2025-03-26 11:34:48', NULL, NULL, 8, '2025-05-25', 0),
(699, 0, 0, NULL, '18:00:00', '19:00:00', NULL, NULL, 6, 13, 0, 1, 0, '103.1.100.226', '2025-03-26 11:34:48', '2025-03-26 11:34:48', NULL, NULL, 8, '2025-05-26', 0),
(700, 0, 0, NULL, '18:00:00', '19:00:00', NULL, NULL, 6, 13, 0, 1, 0, '103.1.100.226', '2025-03-26 11:34:48', '2025-03-26 11:34:48', NULL, NULL, 8, '2025-05-27', 0),
(701, 0, 0, NULL, '18:00:00', '19:00:00', NULL, NULL, 6, 13, 0, 1, 0, '103.1.100.226', '2025-03-26 11:34:48', '2025-03-26 11:34:48', NULL, NULL, 8, '2025-05-28', 0),
(702, 0, 0, NULL, '18:00:00', '19:00:00', NULL, NULL, 6, 13, 0, 1, 0, '103.1.100.226', '2025-03-26 11:34:48', '2025-03-26 11:34:48', NULL, NULL, 8, '2025-05-29', 0),
(703, 0, 0, NULL, '18:00:00', '19:00:00', NULL, NULL, 6, 13, 0, 1, 0, '103.1.100.226', '2025-03-26 11:34:48', '2025-03-26 11:34:48', NULL, NULL, 8, '2025-05-30', 0),
(704, 0, 0, NULL, '18:00:00', '19:00:00', NULL, NULL, 6, 13, 0, 1, 0, '103.1.100.226', '2025-03-26 11:34:48', '2025-03-26 11:34:48', NULL, NULL, 8, '2025-05-31', 0),
(705, 0, 0, NULL, '18:00:00', '19:00:00', NULL, NULL, 6, 13, 0, 1, 0, '103.1.100.226', '2025-03-26 11:34:48', '2025-03-26 11:34:48', NULL, NULL, 8, '2025-06-01', 0),
(706, 0, 0, NULL, '18:00:00', '19:00:00', NULL, NULL, 6, 13, 0, 1, 0, '103.1.100.226', '2025-03-26 11:34:48', '2025-03-26 11:34:48', NULL, NULL, 8, '2025-06-02', 0),
(707, 0, 0, NULL, '18:00:00', '19:00:00', NULL, NULL, 6, 13, 0, 1, 0, '103.1.100.226', '2025-03-26 11:34:48', '2025-03-26 11:34:48', NULL, NULL, 8, '2025-06-03', 0),
(708, 0, 0, NULL, '18:00:00', '19:00:00', NULL, NULL, 6, 13, 0, 1, 0, '103.1.100.226', '2025-03-26 11:34:48', '2025-03-26 11:34:48', NULL, NULL, 8, '2025-06-04', 0),
(709, 0, 0, NULL, '18:00:00', '19:00:00', NULL, NULL, 6, 13, 0, 1, 0, '103.1.100.226', '2025-03-26 11:34:48', '2025-03-26 11:34:48', NULL, NULL, 8, '2025-06-05', 0),
(710, 0, 0, NULL, '18:00:00', '19:00:00', NULL, NULL, 6, 13, 0, 1, 0, '103.1.100.226', '2025-03-26 11:34:48', '2025-03-26 11:34:48', NULL, NULL, 8, '2025-06-06', 0),
(711, 0, 0, NULL, '18:00:00', '19:00:00', NULL, NULL, 6, 13, 0, 1, 0, '103.1.100.226', '2025-03-26 11:34:48', '2025-03-26 11:34:48', NULL, NULL, 8, '2025-06-07', 0),
(712, 0, 0, NULL, '18:00:00', '19:00:00', NULL, NULL, 6, 13, 0, 1, 0, '103.1.100.226', '2025-03-26 11:34:48', '2025-03-26 11:34:48', NULL, NULL, 8, '2025-06-08', 0),
(713, 0, 0, NULL, '18:00:00', '19:00:00', NULL, NULL, 6, 13, 0, 1, 0, '103.1.100.226', '2025-03-26 11:34:48', '2025-03-26 11:34:48', NULL, NULL, 8, '2025-06-09', 0),
(714, 0, 0, NULL, '18:00:00', '19:00:00', NULL, NULL, 6, 13, 0, 1, 0, '103.1.100.226', '2025-03-26 11:34:48', '2025-03-26 11:34:48', NULL, NULL, 8, '2025-06-10', 0),
(715, 0, 0, NULL, '18:00:00', '19:00:00', NULL, NULL, 6, 13, 0, 1, 0, '103.1.100.226', '2025-03-26 11:34:48', '2025-03-26 11:34:48', NULL, NULL, 8, '2025-06-11', 0),
(716, 0, 0, NULL, '18:00:00', '19:00:00', NULL, NULL, 6, 13, 0, 1, 0, '103.1.100.226', '2025-03-26 11:34:48', '2025-03-26 11:34:48', NULL, NULL, 8, '2025-06-12', 0),
(717, 0, 0, NULL, '18:00:00', '19:00:00', NULL, NULL, 6, 13, 0, 1, 0, '103.1.100.226', '2025-03-26 11:34:48', '2025-03-26 11:34:48', NULL, NULL, 8, '2025-06-13', 0),
(718, 0, 0, NULL, '18:00:00', '19:00:00', NULL, NULL, 6, 13, 0, 1, 0, '103.1.100.226', '2025-03-26 11:34:48', '2025-03-26 11:34:48', NULL, NULL, 8, '2025-06-14', 0),
(719, 0, 0, NULL, '18:00:00', '19:00:00', NULL, NULL, 6, 13, 0, 1, 0, '103.1.100.226', '2025-03-26 11:34:48', '2025-03-26 11:34:48', NULL, NULL, 8, '2025-06-15', 0),
(720, 0, 0, NULL, '18:00:00', '19:00:00', NULL, NULL, 6, 13, 0, 1, 0, '103.1.100.226', '2025-03-26 11:34:48', '2025-03-26 11:34:48', NULL, NULL, 8, '2025-06-16', 0),
(721, 0, 0, NULL, '18:00:00', '19:00:00', NULL, NULL, 6, 13, 0, 1, 0, '103.1.100.226', '2025-03-26 11:34:48', '2025-03-26 11:34:48', NULL, NULL, 8, '2025-06-17', 0),
(722, 0, 0, NULL, '18:00:00', '19:00:00', NULL, NULL, 6, 13, 0, 1, 0, '103.1.100.226', '2025-03-26 11:34:48', '2025-03-26 11:34:48', NULL, NULL, 8, '2025-06-18', 0),
(723, 0, 0, NULL, '18:00:00', '19:00:00', NULL, NULL, 6, 13, 0, 1, 0, '103.1.100.226', '2025-03-26 11:34:48', '2025-03-26 11:34:48', NULL, NULL, 8, '2025-06-19', 0),
(724, 0, 0, NULL, '18:00:00', '19:00:00', NULL, NULL, 6, 13, 0, 1, 0, '103.1.100.226', '2025-03-26 11:34:48', '2025-03-26 11:34:48', NULL, NULL, 8, '2025-06-20', 0),
(725, 0, 0, NULL, '18:00:00', '19:00:00', NULL, NULL, 6, 13, 0, 1, 0, '103.1.100.226', '2025-03-26 11:34:48', '2025-03-26 11:34:48', NULL, NULL, 8, '2025-06-21', 0),
(726, 0, 0, NULL, '18:00:00', '19:00:00', NULL, NULL, 6, 13, 0, 1, 0, '103.1.100.226', '2025-03-26 11:34:48', '2025-03-26 11:34:48', NULL, NULL, 8, '2025-06-22', 0),
(727, 0, 0, NULL, '18:00:00', '19:00:00', NULL, NULL, 6, 13, 0, 1, 0, '103.1.100.226', '2025-03-26 11:34:48', '2025-03-26 11:34:48', NULL, NULL, 8, '2025-06-23', 0),
(728, 0, 0, NULL, '18:00:00', '19:00:00', NULL, NULL, 6, 13, 0, 1, 0, '103.1.100.226', '2025-03-26 11:34:48', '2025-03-26 11:34:48', NULL, NULL, 8, '2025-06-24', 0),
(729, NULL, 0, NULL, '16:00:00', '17:00:00', NULL, NULL, 1, 1, 0, 1, 0, '127.0.0.1', '2025-03-26 23:30:05', '2025-03-26 23:30:05', NULL, NULL, 1, '2025-06-25', 0),
(730, NULL, 0, NULL, '17:00:00', '18:00:00', NULL, NULL, 1, 1, 0, 1, 0, '127.0.0.1', '2025-03-26 23:30:05', '2025-03-26 23:30:05', NULL, NULL, 2, '2025-06-25', 0),
(731, NULL, 0, NULL, '18:00:00', '19:00:00', NULL, NULL, 2, 1, 0, 1, 0, '127.0.0.1', '2025-03-26 23:30:05', '2025-03-26 23:30:05', NULL, NULL, 3, '2025-06-25', 0),
(732, NULL, 0, NULL, '20:00:00', '21:00:00', NULL, NULL, 2, 1, 0, 1, 0, '127.0.0.1', '2025-03-26 23:30:05', '2025-03-26 23:30:05', NULL, NULL, 4, '2025-06-25', 0),
(733, NULL, 0, NULL, '12:00:00', '13:00:00', NULL, NULL, 6, 13, 0, 1, 0, '127.0.0.1', '2025-03-26 23:30:05', '2025-03-26 23:30:05', NULL, NULL, 5, '2025-06-25', 0),
(734, NULL, 0, NULL, '14:00:00', '16:00:00', NULL, NULL, 7, 13, 0, 1, 0, '127.0.0.1', '2025-03-26 23:30:05', '2025-03-26 23:30:05', NULL, NULL, 6, '2025-06-25', 0),
(735, NULL, 0, NULL, '17:00:00', '18:00:00', NULL, NULL, 8, 13, 0, 1, 0, '127.0.0.1', '2025-03-26 23:30:05', '2025-03-26 23:30:05', NULL, NULL, 7, '2025-06-25', 0),
(736, NULL, 0, NULL, '18:00:00', '19:00:00', NULL, NULL, 6, 13, 0, 1, 0, '127.0.0.1', '2025-03-26 23:30:05', '2025-03-26 23:30:05', NULL, NULL, 8, '2025-06-25', 0),
(737, 0, 16, NULL, '09:00:00', '10:00:00', NULL, NULL, 9, 15, 4, 1, 0, '103.1.100.226', '2025-03-27 06:57:58', '2025-03-27 07:11:02', NULL, NULL, 9, '2025-03-27', 0),
(738, 17, 16, NULL, '09:00:00', '10:00:00', NULL, NULL, 9, 15, 4, 1, 0, '103.1.100.226', '2025-03-27 06:57:58', '2025-03-27 07:11:02', NULL, NULL, 9, '2025-03-28', 0),
(739, 17, 16, NULL, '09:00:00', '10:00:00', NULL, NULL, 9, 15, 4, 1, 0, '103.1.100.226', '2025-03-27 06:57:58', '2025-03-27 07:11:02', NULL, NULL, 9, '2025-03-29', 0),
(740, 17, 16, NULL, '09:00:00', '10:00:00', NULL, NULL, 9, 15, 4, 1, 0, '103.1.100.226', '2025-03-27 06:57:58', '2025-03-27 07:11:02', NULL, NULL, 9, '2025-03-30', 0),
(741, 17, 16, NULL, '09:00:00', '10:00:00', NULL, NULL, 9, 15, 4, 1, 0, '103.1.100.226', '2025-03-27 06:57:58', '2025-03-27 07:11:02', NULL, NULL, 9, '2025-03-31', 0),
(742, 17, 16, NULL, '09:00:00', '10:00:00', NULL, NULL, 9, 15, 4, 1, 0, '103.1.100.226', '2025-03-27 06:57:58', '2025-03-27 07:11:02', NULL, NULL, 9, '2025-04-01', 0),
(743, 17, 16, NULL, '09:00:00', '10:00:00', NULL, NULL, 9, 15, 4, 1, 0, '103.1.100.226', '2025-03-27 06:57:58', '2025-03-27 07:11:02', NULL, NULL, 9, '2025-04-02', 0),
(744, 17, 16, NULL, '09:00:00', '10:00:00', NULL, NULL, 9, 15, 4, 1, 0, '103.1.100.226', '2025-03-27 06:57:58', '2025-03-27 07:11:02', NULL, NULL, 9, '2025-04-03', 0),
(745, 17, 16, NULL, '09:00:00', '10:00:00', NULL, NULL, 9, 15, 4, 1, 0, '103.1.100.226', '2025-03-27 06:57:58', '2025-03-27 07:11:02', NULL, NULL, 9, '2025-04-04', 0),
(746, 17, 16, NULL, '09:00:00', '10:00:00', NULL, NULL, 9, 15, 4, 1, 0, '103.1.100.226', '2025-03-27 06:57:58', '2025-03-27 07:11:02', NULL, NULL, 9, '2025-04-05', 0),
(747, 17, 16, NULL, '09:00:00', '10:00:00', NULL, NULL, 9, 15, 4, 1, 0, '103.1.100.226', '2025-03-27 06:57:58', '2025-03-27 07:11:02', NULL, NULL, 9, '2025-04-06', 0),
(748, 17, 16, NULL, '09:00:00', '10:00:00', NULL, NULL, 9, 15, 4, 1, 0, '103.1.100.226', '2025-03-27 06:57:58', '2025-03-27 07:11:02', NULL, NULL, 9, '2025-04-07', 0),
(749, 17, 16, NULL, '09:00:00', '10:00:00', NULL, NULL, 9, 15, 4, 1, 0, '103.1.100.226', '2025-03-27 06:57:58', '2025-03-27 07:11:02', NULL, NULL, 9, '2025-04-08', 0),
(750, 17, 16, NULL, '09:00:00', '10:00:00', NULL, NULL, 9, 15, 4, 1, 0, '103.1.100.226', '2025-03-27 06:57:58', '2025-03-27 07:11:02', NULL, NULL, 9, '2025-04-09', 0),
(751, 17, 16, NULL, '09:00:00', '10:00:00', NULL, NULL, 9, 15, 4, 1, 0, '103.1.100.226', '2025-03-27 06:57:58', '2025-03-27 07:11:02', NULL, NULL, 9, '2025-04-10', 0),
(752, 17, 16, NULL, '09:00:00', '10:00:00', NULL, NULL, 9, 15, 4, 1, 0, '103.1.100.226', '2025-03-27 06:57:58', '2025-03-27 07:11:02', NULL, NULL, 9, '2025-04-11', 0),
(753, 17, 16, NULL, '09:00:00', '10:00:00', NULL, NULL, 9, 15, 4, 1, 0, '103.1.100.226', '2025-03-27 06:57:58', '2025-03-27 07:11:02', NULL, NULL, 9, '2025-04-12', 0),
(754, 17, 16, NULL, '09:00:00', '10:00:00', NULL, NULL, 9, 15, 4, 1, 0, '103.1.100.226', '2025-03-27 06:57:58', '2025-03-27 07:11:02', NULL, NULL, 9, '2025-04-13', 0),
(755, 17, 16, NULL, '09:00:00', '10:00:00', NULL, NULL, 9, 15, 4, 1, 0, '103.1.100.226', '2025-03-27 06:57:58', '2025-03-27 07:11:02', NULL, NULL, 9, '2025-04-14', 0),
(756, 17, 16, NULL, '09:00:00', '10:00:00', NULL, NULL, 9, 15, 4, 1, 0, '103.1.100.226', '2025-03-27 06:57:58', '2025-03-27 07:11:02', NULL, NULL, 9, '2025-04-15', 0),
(757, 17, 16, NULL, '09:00:00', '10:00:00', NULL, NULL, 9, 15, 4, 1, 0, '103.1.100.226', '2025-03-27 06:57:58', '2025-03-27 07:11:02', NULL, NULL, 9, '2025-04-16', 0),
(758, 17, 16, NULL, '09:00:00', '10:00:00', NULL, NULL, 9, 15, 4, 1, 0, '103.1.100.226', '2025-03-27 06:57:58', '2025-03-27 07:11:02', NULL, NULL, 9, '2025-04-17', 0),
(759, 17, 16, NULL, '09:00:00', '10:00:00', NULL, NULL, 9, 15, 4, 1, 0, '103.1.100.226', '2025-03-27 06:57:58', '2025-03-27 07:11:02', NULL, NULL, 9, '2025-04-18', 0),
(760, 17, 16, NULL, '09:00:00', '10:00:00', NULL, NULL, 9, 15, 4, 1, 0, '103.1.100.226', '2025-03-27 06:57:58', '2025-03-27 07:11:02', NULL, NULL, 9, '2025-04-19', 0),
(761, 17, 16, NULL, '09:00:00', '10:00:00', NULL, NULL, 9, 15, 4, 1, 0, '103.1.100.226', '2025-03-27 06:57:58', '2025-03-27 07:11:02', NULL, NULL, 9, '2025-04-20', 0),
(762, 17, 0, NULL, '09:00:00', '10:00:00', NULL, NULL, 9, 15, 0, 1, 0, '103.1.100.226', '2025-03-27 06:57:58', '2025-03-27 07:04:47', NULL, NULL, 9, '2025-04-21', 0),
(763, 0, 0, NULL, '09:00:00', '10:00:00', NULL, NULL, 9, 15, 0, 1, 0, '103.1.100.226', '2025-03-27 06:57:58', '2025-03-27 06:57:58', NULL, NULL, 9, '2025-04-22', 0),
(764, 0, 0, NULL, '09:00:00', '10:00:00', NULL, NULL, 9, 15, 0, 1, 0, '103.1.100.226', '2025-03-27 06:57:58', '2025-03-27 06:57:58', NULL, NULL, 9, '2025-04-23', 0),
(765, 0, 0, NULL, '09:00:00', '10:00:00', NULL, NULL, 9, 15, 0, 1, 0, '103.1.100.226', '2025-03-27 06:57:58', '2025-03-27 06:57:58', NULL, NULL, 9, '2025-04-24', 0),
(766, 0, 0, NULL, '09:00:00', '10:00:00', NULL, NULL, 9, 15, 0, 1, 0, '103.1.100.226', '2025-03-27 06:57:58', '2025-03-27 06:57:58', NULL, NULL, 9, '2025-04-25', 0),
(767, 0, 0, NULL, '09:00:00', '10:00:00', NULL, NULL, 9, 15, 0, 1, 0, '103.1.100.226', '2025-03-27 06:57:58', '2025-03-27 06:57:58', NULL, NULL, 9, '2025-04-26', 0),
(768, 0, 0, NULL, '09:00:00', '10:00:00', NULL, NULL, 9, 15, 0, 1, 0, '103.1.100.226', '2025-03-27 06:57:58', '2025-03-27 06:57:58', NULL, NULL, 9, '2025-04-27', 0),
(769, 0, 0, NULL, '09:00:00', '10:00:00', NULL, NULL, 9, 15, 0, 1, 0, '103.1.100.226', '2025-03-27 06:57:58', '2025-03-27 06:57:58', NULL, NULL, 9, '2025-04-28', 0),
(770, 0, 0, NULL, '09:00:00', '10:00:00', NULL, NULL, 9, 15, 0, 1, 0, '103.1.100.226', '2025-03-27 06:57:58', '2025-03-27 06:57:58', NULL, NULL, 9, '2025-04-29', 0),
(771, 0, 0, NULL, '09:00:00', '10:00:00', NULL, NULL, 9, 15, 0, 1, 0, '103.1.100.226', '2025-03-27 06:57:58', '2025-03-27 06:57:58', NULL, NULL, 9, '2025-04-30', 0),
(772, 0, 0, NULL, '09:00:00', '10:00:00', NULL, NULL, 9, 15, 0, 1, 0, '103.1.100.226', '2025-03-27 06:57:58', '2025-03-27 06:57:58', NULL, NULL, 9, '2025-05-01', 0),
(773, 0, 0, NULL, '09:00:00', '10:00:00', NULL, NULL, 9, 15, 0, 1, 0, '103.1.100.226', '2025-03-27 06:57:58', '2025-03-27 06:57:58', NULL, NULL, 9, '2025-05-02', 0),
(774, 0, 0, NULL, '09:00:00', '10:00:00', NULL, NULL, 9, 15, 0, 1, 0, '103.1.100.226', '2025-03-27 06:57:58', '2025-03-27 06:57:58', NULL, NULL, 9, '2025-05-03', 0),
(775, 0, 0, NULL, '09:00:00', '10:00:00', NULL, NULL, 9, 15, 0, 1, 0, '103.1.100.226', '2025-03-27 06:57:58', '2025-03-27 06:57:58', NULL, NULL, 9, '2025-05-04', 0),
(776, 0, 0, NULL, '09:00:00', '10:00:00', NULL, NULL, 9, 15, 0, 1, 0, '103.1.100.226', '2025-03-27 06:57:58', '2025-03-27 06:57:58', NULL, NULL, 9, '2025-05-05', 0),
(777, 0, 0, NULL, '09:00:00', '10:00:00', NULL, NULL, 9, 15, 0, 1, 0, '103.1.100.226', '2025-03-27 06:57:58', '2025-03-27 06:57:58', NULL, NULL, 9, '2025-05-06', 0),
(778, 0, 0, NULL, '09:00:00', '10:00:00', NULL, NULL, 9, 15, 0, 1, 0, '103.1.100.226', '2025-03-27 06:57:58', '2025-03-27 06:57:58', NULL, NULL, 9, '2025-05-07', 0),
(779, 0, 0, NULL, '09:00:00', '10:00:00', NULL, NULL, 9, 15, 0, 1, 0, '103.1.100.226', '2025-03-27 06:57:58', '2025-03-27 06:57:58', NULL, NULL, 9, '2025-05-08', 0),
(780, 0, 0, NULL, '09:00:00', '10:00:00', NULL, NULL, 9, 15, 0, 1, 0, '103.1.100.226', '2025-03-27 06:57:58', '2025-03-27 06:57:58', NULL, NULL, 9, '2025-05-09', 0),
(781, 0, 0, NULL, '09:00:00', '10:00:00', NULL, NULL, 9, 15, 0, 1, 0, '103.1.100.226', '2025-03-27 06:57:58', '2025-03-27 06:57:58', NULL, NULL, 9, '2025-05-10', 0),
(782, 0, 0, NULL, '09:00:00', '10:00:00', NULL, NULL, 9, 15, 0, 1, 0, '103.1.100.226', '2025-03-27 06:57:58', '2025-03-27 06:57:58', NULL, NULL, 9, '2025-05-11', 0),
(783, 0, 0, NULL, '09:00:00', '10:00:00', NULL, NULL, 9, 15, 0, 1, 0, '103.1.100.226', '2025-03-27 06:57:58', '2025-03-27 06:57:58', NULL, NULL, 9, '2025-05-12', 0),
(784, 0, 0, NULL, '09:00:00', '10:00:00', NULL, NULL, 9, 15, 0, 1, 0, '103.1.100.226', '2025-03-27 06:57:58', '2025-03-27 06:57:58', NULL, NULL, 9, '2025-05-13', 0),
(785, 0, 0, NULL, '09:00:00', '10:00:00', NULL, NULL, 9, 15, 0, 1, 0, '103.1.100.226', '2025-03-27 06:57:58', '2025-03-27 06:57:58', NULL, NULL, 9, '2025-05-14', 0),
(786, 0, 0, NULL, '09:00:00', '10:00:00', NULL, NULL, 9, 15, 0, 1, 0, '103.1.100.226', '2025-03-27 06:57:58', '2025-03-27 06:57:58', NULL, NULL, 9, '2025-05-15', 0),
(787, 0, 0, NULL, '09:00:00', '10:00:00', NULL, NULL, 9, 15, 0, 1, 0, '103.1.100.226', '2025-03-27 06:57:58', '2025-03-27 06:57:58', NULL, NULL, 9, '2025-05-16', 0),
(788, 0, 0, NULL, '09:00:00', '10:00:00', NULL, NULL, 9, 15, 0, 1, 0, '103.1.100.226', '2025-03-27 06:57:58', '2025-03-27 06:57:58', NULL, NULL, 9, '2025-05-17', 0),
(789, 0, 0, NULL, '09:00:00', '10:00:00', NULL, NULL, 9, 15, 0, 1, 0, '103.1.100.226', '2025-03-27 06:57:58', '2025-03-27 06:57:58', NULL, NULL, 9, '2025-05-18', 0),
(790, 0, 0, NULL, '09:00:00', '10:00:00', NULL, NULL, 9, 15, 0, 1, 0, '103.1.100.226', '2025-03-27 06:57:58', '2025-03-27 06:57:58', NULL, NULL, 9, '2025-05-19', 0),
(791, 0, 0, NULL, '09:00:00', '10:00:00', NULL, NULL, 9, 15, 0, 1, 0, '103.1.100.226', '2025-03-27 06:57:58', '2025-03-27 06:57:58', NULL, NULL, 9, '2025-05-20', 0),
(792, 0, 0, NULL, '09:00:00', '10:00:00', NULL, NULL, 9, 15, 0, 1, 0, '103.1.100.226', '2025-03-27 06:57:58', '2025-03-27 06:57:58', NULL, NULL, 9, '2025-05-21', 0),
(793, 0, 0, NULL, '09:00:00', '10:00:00', NULL, NULL, 9, 15, 0, 1, 0, '103.1.100.226', '2025-03-27 06:57:58', '2025-03-27 06:57:58', NULL, NULL, 9, '2025-05-22', 0),
(794, 0, 0, NULL, '09:00:00', '10:00:00', NULL, NULL, 9, 15, 0, 1, 0, '103.1.100.226', '2025-03-27 06:57:58', '2025-03-27 06:57:58', NULL, NULL, 9, '2025-05-23', 0),
(795, 0, 0, NULL, '09:00:00', '10:00:00', NULL, NULL, 9, 15, 0, 1, 0, '103.1.100.226', '2025-03-27 06:57:58', '2025-03-27 06:57:58', NULL, NULL, 9, '2025-05-24', 0),
(796, 0, 0, NULL, '09:00:00', '10:00:00', NULL, NULL, 9, 15, 0, 1, 0, '103.1.100.226', '2025-03-27 06:57:58', '2025-03-27 06:57:58', NULL, NULL, 9, '2025-05-25', 0),
(797, 0, 0, NULL, '09:00:00', '10:00:00', NULL, NULL, 9, 15, 0, 1, 0, '103.1.100.226', '2025-03-27 06:57:58', '2025-03-27 06:57:58', NULL, NULL, 9, '2025-05-26', 0),
(798, 0, 0, NULL, '09:00:00', '10:00:00', NULL, NULL, 9, 15, 0, 1, 0, '103.1.100.226', '2025-03-27 06:57:58', '2025-03-27 06:57:58', NULL, NULL, 9, '2025-05-27', 0),
(799, 0, 0, NULL, '09:00:00', '10:00:00', NULL, NULL, 9, 15, 0, 1, 0, '103.1.100.226', '2025-03-27 06:57:58', '2025-03-27 06:57:58', NULL, NULL, 9, '2025-05-28', 0),
(800, 0, 0, NULL, '09:00:00', '10:00:00', NULL, NULL, 9, 15, 0, 1, 0, '103.1.100.226', '2025-03-27 06:57:58', '2025-03-27 06:57:58', NULL, NULL, 9, '2025-05-29', 0),
(801, 0, 0, NULL, '09:00:00', '10:00:00', NULL, NULL, 9, 15, 0, 1, 0, '103.1.100.226', '2025-03-27 06:57:58', '2025-03-27 06:57:58', NULL, NULL, 9, '2025-05-30', 0),
(802, 0, 0, NULL, '09:00:00', '10:00:00', NULL, NULL, 9, 15, 0, 1, 0, '103.1.100.226', '2025-03-27 06:57:58', '2025-03-27 06:57:58', NULL, NULL, 9, '2025-05-31', 0),
(803, 0, 0, NULL, '09:00:00', '10:00:00', NULL, NULL, 9, 15, 0, 1, 0, '103.1.100.226', '2025-03-27 06:57:58', '2025-03-27 06:57:58', NULL, NULL, 9, '2025-06-01', 0),
(804, 0, 0, NULL, '09:00:00', '10:00:00', NULL, NULL, 9, 15, 0, 1, 0, '103.1.100.226', '2025-03-27 06:57:58', '2025-03-27 06:57:58', NULL, NULL, 9, '2025-06-02', 0),
(805, 0, 0, NULL, '09:00:00', '10:00:00', NULL, NULL, 9, 15, 0, 1, 0, '103.1.100.226', '2025-03-27 06:57:58', '2025-03-27 06:57:58', NULL, NULL, 9, '2025-06-03', 0),
(806, 0, 0, NULL, '09:00:00', '10:00:00', NULL, NULL, 9, 15, 0, 1, 0, '103.1.100.226', '2025-03-27 06:57:58', '2025-03-27 06:57:58', NULL, NULL, 9, '2025-06-04', 0),
(807, 0, 0, NULL, '09:00:00', '10:00:00', NULL, NULL, 9, 15, 0, 1, 0, '103.1.100.226', '2025-03-27 06:57:58', '2025-03-27 06:57:58', NULL, NULL, 9, '2025-06-05', 0),
(808, 0, 0, NULL, '09:00:00', '10:00:00', NULL, NULL, 9, 15, 0, 1, 0, '103.1.100.226', '2025-03-27 06:57:58', '2025-03-27 06:57:58', NULL, NULL, 9, '2025-06-06', 0),
(809, 0, 0, NULL, '09:00:00', '10:00:00', NULL, NULL, 9, 15, 0, 1, 0, '103.1.100.226', '2025-03-27 06:57:58', '2025-03-27 06:57:58', NULL, NULL, 9, '2025-06-07', 0),
(810, 0, 0, NULL, '09:00:00', '10:00:00', NULL, NULL, 9, 15, 0, 1, 0, '103.1.100.226', '2025-03-27 06:57:58', '2025-03-27 06:57:58', NULL, NULL, 9, '2025-06-08', 0),
(811, 0, 0, NULL, '09:00:00', '10:00:00', NULL, NULL, 9, 15, 0, 1, 0, '103.1.100.226', '2025-03-27 06:57:58', '2025-03-27 06:57:58', NULL, NULL, 9, '2025-06-09', 0),
(812, 0, 0, NULL, '09:00:00', '10:00:00', NULL, NULL, 9, 15, 0, 1, 0, '103.1.100.226', '2025-03-27 06:57:58', '2025-03-27 06:57:58', NULL, NULL, 9, '2025-06-10', 0),
(813, 0, 0, NULL, '09:00:00', '10:00:00', NULL, NULL, 9, 15, 0, 1, 0, '103.1.100.226', '2025-03-27 06:57:58', '2025-03-27 06:57:58', NULL, NULL, 9, '2025-06-11', 0),
(814, 0, 0, NULL, '09:00:00', '10:00:00', NULL, NULL, 9, 15, 0, 1, 0, '103.1.100.226', '2025-03-27 06:57:58', '2025-03-27 06:57:58', NULL, NULL, 9, '2025-06-12', 0),
(815, 0, 0, NULL, '09:00:00', '10:00:00', NULL, NULL, 9, 15, 0, 1, 0, '103.1.100.226', '2025-03-27 06:57:58', '2025-03-27 06:57:58', NULL, NULL, 9, '2025-06-13', 0),
(816, 0, 0, NULL, '09:00:00', '10:00:00', NULL, NULL, 9, 15, 0, 1, 0, '103.1.100.226', '2025-03-27 06:57:58', '2025-03-27 06:57:58', NULL, NULL, 9, '2025-06-14', 0),
(817, 0, 0, NULL, '09:00:00', '10:00:00', NULL, NULL, 9, 15, 0, 1, 0, '103.1.100.226', '2025-03-27 06:57:58', '2025-03-27 06:57:58', NULL, NULL, 9, '2025-06-15', 0),
(818, 0, 0, NULL, '09:00:00', '10:00:00', NULL, NULL, 9, 15, 0, 1, 0, '103.1.100.226', '2025-03-27 06:57:58', '2025-03-27 06:57:58', NULL, NULL, 9, '2025-06-16', 0),
(819, 0, 0, NULL, '09:00:00', '10:00:00', NULL, NULL, 9, 15, 0, 1, 0, '103.1.100.226', '2025-03-27 06:57:58', '2025-03-27 06:57:58', NULL, NULL, 9, '2025-06-17', 0),
(820, 0, 0, NULL, '09:00:00', '10:00:00', NULL, NULL, 9, 15, 0, 1, 0, '103.1.100.226', '2025-03-27 06:57:58', '2025-03-27 06:57:58', NULL, NULL, 9, '2025-06-18', 0),
(821, 0, 0, NULL, '09:00:00', '10:00:00', NULL, NULL, 9, 15, 0, 1, 0, '103.1.100.226', '2025-03-27 06:57:58', '2025-03-27 06:57:58', NULL, NULL, 9, '2025-06-19', 0),
(822, 0, 0, NULL, '09:00:00', '10:00:00', NULL, NULL, 9, 15, 0, 1, 0, '103.1.100.226', '2025-03-27 06:57:58', '2025-03-27 06:57:58', NULL, NULL, 9, '2025-06-20', 0),
(823, 0, 0, NULL, '09:00:00', '10:00:00', NULL, NULL, 9, 15, 0, 1, 0, '103.1.100.226', '2025-03-27 06:57:58', '2025-03-27 06:57:58', NULL, NULL, 9, '2025-06-21', 0),
(824, 0, 0, NULL, '09:00:00', '10:00:00', NULL, NULL, 9, 15, 0, 1, 0, '103.1.100.226', '2025-03-27 06:57:58', '2025-03-27 06:57:58', NULL, NULL, 9, '2025-06-22', 0),
(825, 0, 0, NULL, '09:00:00', '10:00:00', NULL, NULL, 9, 15, 0, 1, 0, '103.1.100.226', '2025-03-27 06:57:58', '2025-03-27 06:57:58', NULL, NULL, 9, '2025-06-23', 0),
(826, 0, 0, NULL, '09:00:00', '10:00:00', NULL, NULL, 9, 15, 0, 1, 0, '103.1.100.226', '2025-03-27 06:57:58', '2025-03-27 06:57:58', NULL, NULL, 9, '2025-06-24', 0),
(827, 0, 0, NULL, '09:00:00', '10:00:00', NULL, NULL, 9, 15, 0, 1, 0, '103.1.100.226', '2025-03-27 06:57:58', '2025-03-27 06:57:58', NULL, NULL, 9, '2025-06-25', 0),
(828, NULL, 0, NULL, '16:00:00', '17:00:00', NULL, NULL, 1, 1, 0, 1, 0, '127.0.0.1', '2025-03-27 23:30:06', '2025-03-27 23:30:06', NULL, NULL, 1, '2025-06-26', 0),
(829, NULL, 0, NULL, '17:00:00', '18:00:00', NULL, NULL, 1, 1, 0, 1, 0, '127.0.0.1', '2025-03-27 23:30:06', '2025-03-27 23:30:06', NULL, NULL, 2, '2025-06-26', 0),
(830, NULL, 0, NULL, '18:00:00', '19:00:00', NULL, NULL, 2, 1, 0, 1, 0, '127.0.0.1', '2025-03-27 23:30:06', '2025-03-27 23:30:06', NULL, NULL, 3, '2025-06-26', 0),
(831, NULL, 0, NULL, '20:00:00', '21:00:00', NULL, NULL, 2, 1, 0, 1, 0, '127.0.0.1', '2025-03-27 23:30:06', '2025-03-27 23:30:06', NULL, NULL, 4, '2025-06-26', 0),
(832, NULL, 0, NULL, '12:00:00', '13:00:00', NULL, NULL, 6, 13, 0, 1, 0, '127.0.0.1', '2025-03-27 23:30:06', '2025-03-27 23:30:06', NULL, NULL, 5, '2025-06-26', 0),
(833, NULL, 0, NULL, '14:00:00', '16:00:00', NULL, NULL, 7, 13, 0, 1, 0, '127.0.0.1', '2025-03-27 23:30:06', '2025-03-27 23:30:06', NULL, NULL, 6, '2025-06-26', 0),
(834, NULL, 0, NULL, '17:00:00', '18:00:00', NULL, NULL, 8, 13, 0, 1, 0, '127.0.0.1', '2025-03-27 23:30:06', '2025-03-27 23:30:06', NULL, NULL, 7, '2025-06-26', 0),
(835, NULL, 0, NULL, '18:00:00', '19:00:00', NULL, NULL, 6, 13, 0, 1, 0, '127.0.0.1', '2025-03-27 23:30:06', '2025-03-27 23:30:06', NULL, NULL, 8, '2025-06-26', 0),
(836, NULL, 0, NULL, '09:00:00', '10:00:00', NULL, NULL, 9, 15, 0, 1, 0, '127.0.0.1', '2025-03-27 23:30:06', '2025-03-27 23:30:06', NULL, NULL, 9, '2025-06-26', 0),
(837, NULL, 0, NULL, '16:00:00', '17:00:00', NULL, NULL, 1, 1, 0, 1, 0, '127.0.0.1', '2025-03-28 23:30:05', '2025-03-28 23:30:05', NULL, NULL, 1, '2025-06-27', 0),
(838, NULL, 0, NULL, '17:00:00', '18:00:00', NULL, NULL, 1, 1, 0, 1, 0, '127.0.0.1', '2025-03-28 23:30:05', '2025-03-28 23:30:05', NULL, NULL, 2, '2025-06-27', 0),
(839, NULL, 0, NULL, '18:00:00', '19:00:00', NULL, NULL, 2, 1, 0, 1, 0, '127.0.0.1', '2025-03-28 23:30:05', '2025-03-28 23:30:05', NULL, NULL, 3, '2025-06-27', 0),
(840, NULL, 0, NULL, '20:00:00', '21:00:00', NULL, NULL, 2, 1, 0, 1, 0, '127.0.0.1', '2025-03-28 23:30:05', '2025-03-28 23:30:05', NULL, NULL, 4, '2025-06-27', 0),
(841, NULL, 0, NULL, '12:00:00', '13:00:00', NULL, NULL, 6, 13, 0, 1, 0, '127.0.0.1', '2025-03-28 23:30:05', '2025-03-28 23:30:05', NULL, NULL, 5, '2025-06-27', 0),
(842, NULL, 0, NULL, '14:00:00', '16:00:00', NULL, NULL, 7, 13, 0, 1, 0, '127.0.0.1', '2025-03-28 23:30:05', '2025-03-28 23:30:05', NULL, NULL, 6, '2025-06-27', 0),
(843, NULL, 0, NULL, '17:00:00', '18:00:00', NULL, NULL, 8, 13, 0, 1, 0, '127.0.0.1', '2025-03-28 23:30:05', '2025-03-28 23:30:05', NULL, NULL, 7, '2025-06-27', 0),
(844, NULL, 0, NULL, '18:00:00', '19:00:00', NULL, NULL, 6, 13, 0, 1, 0, '127.0.0.1', '2025-03-28 23:30:05', '2025-03-28 23:30:05', NULL, NULL, 8, '2025-06-27', 0),
(845, NULL, 0, NULL, '09:00:00', '10:00:00', NULL, NULL, 9, 15, 0, 1, 0, '127.0.0.1', '2025-03-28 23:30:05', '2025-03-28 23:30:05', NULL, NULL, 9, '2025-06-27', 0),
(846, NULL, 0, NULL, '16:00:00', '17:00:00', NULL, NULL, 1, 1, 0, 1, 0, '127.0.0.1', '2025-03-29 23:30:06', '2025-03-29 23:30:06', NULL, NULL, 1, '2025-06-28', 0),
(847, NULL, 0, NULL, '17:00:00', '18:00:00', NULL, NULL, 1, 1, 0, 1, 0, '127.0.0.1', '2025-03-29 23:30:06', '2025-03-29 23:30:06', NULL, NULL, 2, '2025-06-28', 0),
(848, NULL, 0, NULL, '18:00:00', '19:00:00', NULL, NULL, 2, 1, 0, 1, 0, '127.0.0.1', '2025-03-29 23:30:06', '2025-03-29 23:30:06', NULL, NULL, 3, '2025-06-28', 0),
(849, NULL, 0, NULL, '20:00:00', '21:00:00', NULL, NULL, 2, 1, 0, 1, 0, '127.0.0.1', '2025-03-29 23:30:06', '2025-03-29 23:30:06', NULL, NULL, 4, '2025-06-28', 0),
(850, NULL, 0, NULL, '12:00:00', '13:00:00', NULL, NULL, 6, 13, 0, 1, 0, '127.0.0.1', '2025-03-29 23:30:06', '2025-03-29 23:30:06', NULL, NULL, 5, '2025-06-28', 0),
(851, NULL, 0, NULL, '14:00:00', '16:00:00', NULL, NULL, 7, 13, 0, 1, 0, '127.0.0.1', '2025-03-29 23:30:06', '2025-03-29 23:30:06', NULL, NULL, 6, '2025-06-28', 0),
(852, NULL, 0, NULL, '17:00:00', '18:00:00', NULL, NULL, 8, 13, 0, 1, 0, '127.0.0.1', '2025-03-29 23:30:06', '2025-03-29 23:30:06', NULL, NULL, 7, '2025-06-28', 0),
(853, NULL, 0, NULL, '18:00:00', '19:00:00', NULL, NULL, 6, 13, 0, 1, 0, '127.0.0.1', '2025-03-29 23:30:06', '2025-03-29 23:30:06', NULL, NULL, 8, '2025-06-28', 0),
(854, NULL, 0, NULL, '09:00:00', '10:00:00', NULL, NULL, 9, 15, 0, 1, 0, '127.0.0.1', '2025-03-29 23:30:06', '2025-03-29 23:30:06', NULL, NULL, 9, '2025-06-28', 0),
(855, NULL, 0, NULL, '16:00:00', '17:00:00', NULL, NULL, 1, 1, 0, 1, 0, '127.0.0.1', '2025-03-30 23:30:05', '2025-03-30 23:30:05', NULL, NULL, 1, '2025-06-29', 0),
(856, NULL, 0, NULL, '17:00:00', '18:00:00', NULL, NULL, 1, 1, 0, 1, 0, '127.0.0.1', '2025-03-30 23:30:05', '2025-03-30 23:30:05', NULL, NULL, 2, '2025-06-29', 0),
(857, NULL, 0, NULL, '18:00:00', '19:00:00', NULL, NULL, 2, 1, 0, 1, 0, '127.0.0.1', '2025-03-30 23:30:05', '2025-03-30 23:30:05', NULL, NULL, 3, '2025-06-29', 0),
(858, NULL, 0, NULL, '20:00:00', '21:00:00', NULL, NULL, 2, 1, 0, 1, 0, '127.0.0.1', '2025-03-30 23:30:05', '2025-03-30 23:30:05', NULL, NULL, 4, '2025-06-29', 0),
(859, NULL, 0, NULL, '12:00:00', '13:00:00', NULL, NULL, 6, 13, 0, 1, 0, '127.0.0.1', '2025-03-30 23:30:05', '2025-03-30 23:30:05', NULL, NULL, 5, '2025-06-29', 0),
(860, NULL, 0, NULL, '14:00:00', '16:00:00', NULL, NULL, 7, 13, 0, 1, 0, '127.0.0.1', '2025-03-30 23:30:05', '2025-03-30 23:30:05', NULL, NULL, 6, '2025-06-29', 0),
(861, NULL, 0, NULL, '17:00:00', '18:00:00', NULL, NULL, 8, 13, 0, 1, 0, '127.0.0.1', '2025-03-30 23:30:05', '2025-03-30 23:30:05', NULL, NULL, 7, '2025-06-29', 0),
(862, NULL, 0, NULL, '18:00:00', '19:00:00', NULL, NULL, 6, 13, 0, 1, 0, '127.0.0.1', '2025-03-30 23:30:05', '2025-03-30 23:30:05', NULL, NULL, 8, '2025-06-29', 0),
(863, NULL, 0, NULL, '09:00:00', '10:00:00', NULL, NULL, 9, 15, 0, 1, 0, '127.0.0.1', '2025-03-30 23:30:05', '2025-03-30 23:30:05', NULL, NULL, 9, '2025-06-29', 0),
(864, NULL, 0, NULL, '16:00:00', '17:00:00', NULL, NULL, 1, 1, 0, 1, 0, '127.0.0.1', '2025-03-31 23:30:06', '2025-03-31 23:30:06', NULL, NULL, 1, '2025-06-30', 0),
(865, NULL, 0, NULL, '17:00:00', '18:00:00', NULL, NULL, 1, 1, 0, 1, 0, '127.0.0.1', '2025-03-31 23:30:06', '2025-03-31 23:30:06', NULL, NULL, 2, '2025-06-30', 0),
(866, NULL, 0, NULL, '18:00:00', '19:00:00', NULL, NULL, 2, 1, 0, 1, 0, '127.0.0.1', '2025-03-31 23:30:06', '2025-03-31 23:30:06', NULL, NULL, 3, '2025-06-30', 0),
(867, NULL, 0, NULL, '20:00:00', '21:00:00', NULL, NULL, 2, 1, 0, 1, 0, '127.0.0.1', '2025-03-31 23:30:06', '2025-03-31 23:30:06', NULL, NULL, 4, '2025-06-30', 0),
(868, NULL, 0, NULL, '12:00:00', '13:00:00', NULL, NULL, 6, 13, 0, 1, 0, '127.0.0.1', '2025-03-31 23:30:06', '2025-03-31 23:30:06', NULL, NULL, 5, '2025-06-30', 0),
(869, NULL, 0, NULL, '14:00:00', '16:00:00', NULL, NULL, 7, 13, 0, 1, 0, '127.0.0.1', '2025-03-31 23:30:06', '2025-03-31 23:30:06', NULL, NULL, 6, '2025-06-30', 0),
(870, NULL, 0, NULL, '17:00:00', '18:00:00', NULL, NULL, 8, 13, 0, 1, 0, '127.0.0.1', '2025-03-31 23:30:06', '2025-03-31 23:30:06', NULL, NULL, 7, '2025-06-30', 0),
(871, NULL, 0, NULL, '18:00:00', '19:00:00', NULL, NULL, 6, 13, 0, 1, 0, '127.0.0.1', '2025-03-31 23:30:06', '2025-03-31 23:30:06', NULL, NULL, 8, '2025-06-30', 0),
(872, NULL, 0, NULL, '09:00:00', '10:00:00', NULL, NULL, 9, 15, 0, 1, 0, '127.0.0.1', '2025-03-31 23:30:06', '2025-03-31 23:30:06', NULL, NULL, 9, '2025-06-30', 0),
(873, NULL, 0, NULL, '16:00:00', '17:00:00', NULL, NULL, 1, 1, 0, 1, 0, '127.0.0.1', '2025-04-01 23:30:07', '2025-04-01 23:30:07', NULL, NULL, 1, '2025-07-01', 0),
(874, NULL, 0, NULL, '17:00:00', '18:00:00', NULL, NULL, 1, 1, 0, 1, 0, '127.0.0.1', '2025-04-01 23:30:07', '2025-04-01 23:30:07', NULL, NULL, 2, '2025-07-01', 0),
(875, NULL, 0, NULL, '18:00:00', '19:00:00', NULL, NULL, 2, 1, 0, 1, 0, '127.0.0.1', '2025-04-01 23:30:07', '2025-04-01 23:30:07', NULL, NULL, 3, '2025-07-01', 0),
(876, NULL, 0, NULL, '20:00:00', '21:00:00', NULL, NULL, 2, 1, 0, 1, 0, '127.0.0.1', '2025-04-01 23:30:07', '2025-04-01 23:30:07', NULL, NULL, 4, '2025-07-01', 0),
(877, NULL, 0, NULL, '12:00:00', '13:00:00', NULL, NULL, 6, 13, 0, 1, 0, '127.0.0.1', '2025-04-01 23:30:07', '2025-04-01 23:30:07', NULL, NULL, 5, '2025-07-01', 0),
(878, NULL, 0, NULL, '14:00:00', '16:00:00', NULL, NULL, 7, 13, 0, 1, 0, '127.0.0.1', '2025-04-01 23:30:07', '2025-04-01 23:30:07', NULL, NULL, 6, '2025-07-01', 0),
(879, NULL, 0, NULL, '17:00:00', '18:00:00', NULL, NULL, 8, 13, 0, 1, 0, '127.0.0.1', '2025-04-01 23:30:07', '2025-04-01 23:30:07', NULL, NULL, 7, '2025-07-01', 0),
(880, NULL, 0, NULL, '18:00:00', '19:00:00', NULL, NULL, 6, 13, 0, 1, 0, '127.0.0.1', '2025-04-01 23:30:07', '2025-04-01 23:30:07', NULL, NULL, 8, '2025-07-01', 0),
(881, NULL, 0, NULL, '09:00:00', '10:00:00', NULL, NULL, 9, 15, 0, 1, 0, '127.0.0.1', '2025-04-01 23:30:07', '2025-04-01 23:30:07', NULL, NULL, 9, '2025-07-01', 0),
(882, NULL, 0, NULL, '16:00:00', '17:00:00', NULL, NULL, 1, 1, 0, 1, 0, '127.0.0.1', '2025-04-02 23:30:08', '2025-04-02 23:30:08', NULL, NULL, 1, '2025-07-02', 0),
(883, NULL, 0, NULL, '17:00:00', '18:00:00', NULL, NULL, 1, 1, 0, 1, 0, '127.0.0.1', '2025-04-02 23:30:08', '2025-04-02 23:30:08', NULL, NULL, 2, '2025-07-02', 0),
(884, NULL, 0, NULL, '18:00:00', '19:00:00', NULL, NULL, 2, 1, 0, 1, 0, '127.0.0.1', '2025-04-02 23:30:08', '2025-04-02 23:30:08', NULL, NULL, 3, '2025-07-02', 0),
(885, NULL, 0, NULL, '20:00:00', '21:00:00', NULL, NULL, 2, 1, 0, 1, 0, '127.0.0.1', '2025-04-02 23:30:08', '2025-04-02 23:30:08', NULL, NULL, 4, '2025-07-02', 0),
(886, NULL, 0, NULL, '12:00:00', '13:00:00', NULL, NULL, 6, 13, 0, 1, 0, '127.0.0.1', '2025-04-02 23:30:08', '2025-04-02 23:30:08', NULL, NULL, 5, '2025-07-02', 0),
(887, NULL, 0, NULL, '14:00:00', '16:00:00', NULL, NULL, 7, 13, 0, 1, 0, '127.0.0.1', '2025-04-02 23:30:08', '2025-04-02 23:30:08', NULL, NULL, 6, '2025-07-02', 0),
(888, NULL, 0, NULL, '17:00:00', '18:00:00', NULL, NULL, 8, 13, 0, 1, 0, '127.0.0.1', '2025-04-02 23:30:08', '2025-04-02 23:30:08', NULL, NULL, 7, '2025-07-02', 0),
(889, NULL, 0, NULL, '18:00:00', '19:00:00', NULL, NULL, 6, 13, 0, 1, 0, '127.0.0.1', '2025-04-02 23:30:08', '2025-04-02 23:30:08', NULL, NULL, 8, '2025-07-02', 0),
(890, NULL, 0, NULL, '09:00:00', '10:00:00', NULL, NULL, 9, 15, 0, 1, 0, '127.0.0.1', '2025-04-02 23:30:08', '2025-04-02 23:30:08', NULL, NULL, 9, '2025-07-02', 0),
(891, NULL, 0, NULL, '16:00:00', '17:00:00', NULL, NULL, 1, 1, 0, 1, 0, '127.0.0.1', '2025-04-03 23:30:05', '2025-04-03 23:30:05', NULL, NULL, 1, '2025-07-03', 0),
(892, NULL, 0, NULL, '17:00:00', '18:00:00', NULL, NULL, 1, 1, 0, 1, 0, '127.0.0.1', '2025-04-03 23:30:05', '2025-04-03 23:30:05', NULL, NULL, 2, '2025-07-03', 0),
(893, NULL, 0, NULL, '18:00:00', '19:00:00', NULL, NULL, 2, 1, 0, 1, 0, '127.0.0.1', '2025-04-03 23:30:05', '2025-04-03 23:30:05', NULL, NULL, 3, '2025-07-03', 0),
(894, NULL, 0, NULL, '20:00:00', '21:00:00', NULL, NULL, 2, 1, 0, 1, 0, '127.0.0.1', '2025-04-03 23:30:05', '2025-04-03 23:30:05', NULL, NULL, 4, '2025-07-03', 0),
(895, NULL, 0, NULL, '12:00:00', '13:00:00', NULL, NULL, 6, 13, 0, 1, 0, '127.0.0.1', '2025-04-03 23:30:05', '2025-04-03 23:30:05', NULL, NULL, 5, '2025-07-03', 0),
(896, NULL, 0, NULL, '14:00:00', '16:00:00', NULL, NULL, 7, 13, 0, 1, 0, '127.0.0.1', '2025-04-03 23:30:05', '2025-04-03 23:30:05', NULL, NULL, 6, '2025-07-03', 0),
(897, NULL, 0, NULL, '17:00:00', '18:00:00', NULL, NULL, 8, 13, 0, 1, 0, '127.0.0.1', '2025-04-03 23:30:05', '2025-04-03 23:30:05', NULL, NULL, 7, '2025-07-03', 0),
(898, NULL, 0, NULL, '18:00:00', '19:00:00', NULL, NULL, 6, 13, 0, 1, 0, '127.0.0.1', '2025-04-03 23:30:05', '2025-04-03 23:30:05', NULL, NULL, 8, '2025-07-03', 0),
(899, NULL, 0, NULL, '09:00:00', '10:00:00', NULL, NULL, 9, 15, 0, 1, 0, '127.0.0.1', '2025-04-03 23:30:05', '2025-04-03 23:30:05', NULL, NULL, 9, '2025-07-03', 0),
(900, NULL, 0, NULL, '16:00:00', '17:00:00', NULL, NULL, 1, 1, 0, 1, 0, '127.0.0.1', '2025-04-04 23:30:06', '2025-04-04 23:30:06', NULL, NULL, 1, '2025-07-04', 0),
(901, NULL, 0, NULL, '17:00:00', '18:00:00', NULL, NULL, 1, 1, 0, 1, 0, '127.0.0.1', '2025-04-04 23:30:06', '2025-04-04 23:30:06', NULL, NULL, 2, '2025-07-04', 0),
(902, NULL, 0, NULL, '18:00:00', '19:00:00', NULL, NULL, 2, 1, 0, 1, 0, '127.0.0.1', '2025-04-04 23:30:06', '2025-04-04 23:30:06', NULL, NULL, 3, '2025-07-04', 0),
(903, NULL, 0, NULL, '20:00:00', '21:00:00', NULL, NULL, 2, 1, 0, 1, 0, '127.0.0.1', '2025-04-04 23:30:06', '2025-04-04 23:30:06', NULL, NULL, 4, '2025-07-04', 0),
(904, NULL, 0, NULL, '12:00:00', '13:00:00', NULL, NULL, 6, 13, 0, 1, 0, '127.0.0.1', '2025-04-04 23:30:06', '2025-04-04 23:30:06', NULL, NULL, 5, '2025-07-04', 0),
(905, NULL, 0, NULL, '14:00:00', '16:00:00', NULL, NULL, 7, 13, 0, 1, 0, '127.0.0.1', '2025-04-04 23:30:06', '2025-04-04 23:30:06', NULL, NULL, 6, '2025-07-04', 0),
(906, NULL, 0, NULL, '17:00:00', '18:00:00', NULL, NULL, 8, 13, 0, 1, 0, '127.0.0.1', '2025-04-04 23:30:06', '2025-04-04 23:30:06', NULL, NULL, 7, '2025-07-04', 0),
(907, NULL, 0, NULL, '18:00:00', '19:00:00', NULL, NULL, 6, 13, 0, 1, 0, '127.0.0.1', '2025-04-04 23:30:06', '2025-04-04 23:30:06', NULL, NULL, 8, '2025-07-04', 0),
(908, NULL, 0, NULL, '09:00:00', '10:00:00', NULL, NULL, 9, 15, 0, 1, 0, '127.0.0.1', '2025-04-04 23:30:06', '2025-04-04 23:30:06', NULL, NULL, 9, '2025-07-04', 0),
(909, NULL, 0, NULL, '16:00:00', '17:00:00', NULL, NULL, 1, 1, 0, 1, 0, '127.0.0.1', '2025-04-05 23:30:06', '2025-04-05 23:30:06', NULL, NULL, 1, '2025-07-05', 0),
(910, NULL, 0, NULL, '17:00:00', '18:00:00', NULL, NULL, 1, 1, 0, 1, 0, '127.0.0.1', '2025-04-05 23:30:06', '2025-04-05 23:30:06', NULL, NULL, 2, '2025-07-05', 0),
(911, NULL, 0, NULL, '18:00:00', '19:00:00', NULL, NULL, 2, 1, 0, 1, 0, '127.0.0.1', '2025-04-05 23:30:06', '2025-04-05 23:30:06', NULL, NULL, 3, '2025-07-05', 0);
INSERT INTO `Schedule` (`Schedule_id`, `Customer_id`, `driver_id`, `status`, `fromtime`, `Totime`, `fromdate`, `Todate`, `car_id`, `SchoolId`, `package_order_id`, `iStatus`, `isDelete`, `strIP`, `created_at`, `updated_at`, `pickup_drop_point`, `day`, `Schedulemasterid`, `Schedule_date`, `attendance`) VALUES
(912, NULL, 0, NULL, '20:00:00', '21:00:00', NULL, NULL, 2, 1, 0, 1, 0, '127.0.0.1', '2025-04-05 23:30:06', '2025-04-05 23:30:06', NULL, NULL, 4, '2025-07-05', 0),
(913, NULL, 0, NULL, '12:00:00', '13:00:00', NULL, NULL, 6, 13, 0, 1, 0, '127.0.0.1', '2025-04-05 23:30:06', '2025-04-05 23:30:06', NULL, NULL, 5, '2025-07-05', 0),
(914, NULL, 0, NULL, '14:00:00', '16:00:00', NULL, NULL, 7, 13, 0, 1, 0, '127.0.0.1', '2025-04-05 23:30:06', '2025-04-05 23:30:06', NULL, NULL, 6, '2025-07-05', 0),
(915, NULL, 0, NULL, '17:00:00', '18:00:00', NULL, NULL, 8, 13, 0, 1, 0, '127.0.0.1', '2025-04-05 23:30:06', '2025-04-05 23:30:06', NULL, NULL, 7, '2025-07-05', 0),
(916, NULL, 0, NULL, '18:00:00', '19:00:00', NULL, NULL, 6, 13, 0, 1, 0, '127.0.0.1', '2025-04-05 23:30:06', '2025-04-05 23:30:06', NULL, NULL, 8, '2025-07-05', 0),
(917, NULL, 0, NULL, '09:00:00', '10:00:00', NULL, NULL, 9, 15, 0, 1, 0, '127.0.0.1', '2025-04-05 23:30:06', '2025-04-05 23:30:06', NULL, NULL, 9, '2025-07-05', 0),
(918, NULL, 0, NULL, '16:00:00', '17:00:00', NULL, NULL, 1, 1, 0, 1, 0, '127.0.0.1', '2025-04-06 23:30:05', '2025-04-06 23:30:05', NULL, NULL, 1, '2025-07-06', 0),
(919, NULL, 0, NULL, '17:00:00', '18:00:00', NULL, NULL, 1, 1, 0, 1, 0, '127.0.0.1', '2025-04-06 23:30:05', '2025-04-06 23:30:05', NULL, NULL, 2, '2025-07-06', 0),
(920, NULL, 0, NULL, '18:00:00', '19:00:00', NULL, NULL, 2, 1, 0, 1, 0, '127.0.0.1', '2025-04-06 23:30:05', '2025-04-06 23:30:05', NULL, NULL, 3, '2025-07-06', 0),
(921, NULL, 0, NULL, '20:00:00', '21:00:00', NULL, NULL, 2, 1, 0, 1, 0, '127.0.0.1', '2025-04-06 23:30:05', '2025-04-06 23:30:05', NULL, NULL, 4, '2025-07-06', 0),
(922, NULL, 0, NULL, '12:00:00', '13:00:00', NULL, NULL, 6, 13, 0, 1, 0, '127.0.0.1', '2025-04-06 23:30:05', '2025-04-06 23:30:05', NULL, NULL, 5, '2025-07-06', 0),
(923, NULL, 0, NULL, '14:00:00', '16:00:00', NULL, NULL, 7, 13, 0, 1, 0, '127.0.0.1', '2025-04-06 23:30:05', '2025-04-06 23:30:05', NULL, NULL, 6, '2025-07-06', 0),
(924, NULL, 0, NULL, '17:00:00', '18:00:00', NULL, NULL, 8, 13, 0, 1, 0, '127.0.0.1', '2025-04-06 23:30:05', '2025-04-06 23:30:05', NULL, NULL, 7, '2025-07-06', 0),
(925, NULL, 0, NULL, '18:00:00', '19:00:00', NULL, NULL, 6, 13, 0, 1, 0, '127.0.0.1', '2025-04-06 23:30:05', '2025-04-06 23:30:05', NULL, NULL, 8, '2025-07-06', 0),
(926, NULL, 0, NULL, '09:00:00', '10:00:00', NULL, NULL, 9, 15, 0, 1, 0, '127.0.0.1', '2025-04-06 23:30:05', '2025-04-06 23:30:05', NULL, NULL, 9, '2025-07-06', 0),
(927, NULL, 0, NULL, '16:00:00', '17:00:00', NULL, NULL, 1, 1, 0, 1, 0, '127.0.0.1', '2025-04-07 23:30:05', '2025-04-07 23:30:05', NULL, NULL, 1, '2025-07-07', 0),
(928, NULL, 0, NULL, '17:00:00', '18:00:00', NULL, NULL, 1, 1, 0, 1, 0, '127.0.0.1', '2025-04-07 23:30:05', '2025-04-07 23:30:05', NULL, NULL, 2, '2025-07-07', 0),
(929, NULL, 0, NULL, '18:00:00', '19:00:00', NULL, NULL, 2, 1, 0, 1, 0, '127.0.0.1', '2025-04-07 23:30:05', '2025-04-07 23:30:05', NULL, NULL, 3, '2025-07-07', 0),
(930, NULL, 0, NULL, '20:00:00', '21:00:00', NULL, NULL, 2, 1, 0, 1, 0, '127.0.0.1', '2025-04-07 23:30:05', '2025-04-07 23:30:05', NULL, NULL, 4, '2025-07-07', 0),
(931, NULL, 0, NULL, '12:00:00', '13:00:00', NULL, NULL, 6, 13, 0, 1, 0, '127.0.0.1', '2025-04-07 23:30:05', '2025-04-07 23:30:05', NULL, NULL, 5, '2025-07-07', 0),
(932, NULL, 0, NULL, '14:00:00', '16:00:00', NULL, NULL, 7, 13, 0, 1, 0, '127.0.0.1', '2025-04-07 23:30:05', '2025-04-07 23:30:05', NULL, NULL, 6, '2025-07-07', 0),
(933, NULL, 0, NULL, '17:00:00', '18:00:00', NULL, NULL, 8, 13, 0, 1, 0, '127.0.0.1', '2025-04-07 23:30:05', '2025-04-07 23:30:05', NULL, NULL, 7, '2025-07-07', 0),
(934, NULL, 0, NULL, '18:00:00', '19:00:00', NULL, NULL, 6, 13, 0, 1, 0, '127.0.0.1', '2025-04-07 23:30:05', '2025-04-07 23:30:05', NULL, NULL, 8, '2025-07-07', 0),
(935, NULL, 0, NULL, '09:00:00', '10:00:00', NULL, NULL, 9, 15, 0, 1, 0, '127.0.0.1', '2025-04-07 23:30:05', '2025-04-07 23:30:05', NULL, NULL, 9, '2025-07-07', 0),
(936, NULL, 0, NULL, '16:00:00', '17:00:00', NULL, NULL, 1, 1, 0, 1, 0, '127.0.0.1', '2025-04-08 23:30:06', '2025-04-08 23:30:06', NULL, NULL, 1, '2025-07-08', 0),
(937, NULL, 0, NULL, '17:00:00', '18:00:00', NULL, NULL, 1, 1, 0, 1, 0, '127.0.0.1', '2025-04-08 23:30:06', '2025-04-08 23:30:06', NULL, NULL, 2, '2025-07-08', 0),
(938, NULL, 0, NULL, '18:00:00', '19:00:00', NULL, NULL, 2, 1, 0, 1, 0, '127.0.0.1', '2025-04-08 23:30:06', '2025-04-08 23:30:06', NULL, NULL, 3, '2025-07-08', 0),
(939, NULL, 0, NULL, '20:00:00', '21:00:00', NULL, NULL, 2, 1, 0, 1, 0, '127.0.0.1', '2025-04-08 23:30:06', '2025-04-08 23:30:06', NULL, NULL, 4, '2025-07-08', 0),
(940, NULL, 0, NULL, '12:00:00', '13:00:00', NULL, NULL, 6, 13, 0, 1, 0, '127.0.0.1', '2025-04-08 23:30:06', '2025-04-08 23:30:06', NULL, NULL, 5, '2025-07-08', 0),
(941, NULL, 0, NULL, '14:00:00', '16:00:00', NULL, NULL, 7, 13, 0, 1, 0, '127.0.0.1', '2025-04-08 23:30:06', '2025-04-08 23:30:06', NULL, NULL, 6, '2025-07-08', 0),
(942, NULL, 0, NULL, '17:00:00', '18:00:00', NULL, NULL, 8, 13, 0, 1, 0, '127.0.0.1', '2025-04-08 23:30:06', '2025-04-08 23:30:06', NULL, NULL, 7, '2025-07-08', 0),
(943, NULL, 0, NULL, '18:00:00', '19:00:00', NULL, NULL, 6, 13, 0, 1, 0, '127.0.0.1', '2025-04-08 23:30:06', '2025-04-08 23:30:06', NULL, NULL, 8, '2025-07-08', 0),
(944, NULL, 0, NULL, '09:00:00', '10:00:00', NULL, NULL, 9, 15, 0, 1, 0, '127.0.0.1', '2025-04-08 23:30:06', '2025-04-08 23:30:06', NULL, NULL, 9, '2025-07-08', 0),
(945, NULL, 0, NULL, '16:00:00', '17:00:00', NULL, NULL, 1, 1, 0, 1, 0, '127.0.0.1', '2025-04-09 23:30:06', '2025-04-09 23:30:06', NULL, NULL, 1, '2025-07-09', 0),
(946, NULL, 0, NULL, '17:00:00', '18:00:00', NULL, NULL, 1, 1, 0, 1, 0, '127.0.0.1', '2025-04-09 23:30:06', '2025-04-09 23:30:06', NULL, NULL, 2, '2025-07-09', 0),
(947, NULL, 0, NULL, '18:00:00', '19:00:00', NULL, NULL, 2, 1, 0, 1, 0, '127.0.0.1', '2025-04-09 23:30:06', '2025-04-09 23:30:06', NULL, NULL, 3, '2025-07-09', 0),
(948, NULL, 0, NULL, '20:00:00', '21:00:00', NULL, NULL, 2, 1, 0, 1, 0, '127.0.0.1', '2025-04-09 23:30:06', '2025-04-09 23:30:06', NULL, NULL, 4, '2025-07-09', 0),
(949, NULL, 0, NULL, '12:00:00', '13:00:00', NULL, NULL, 6, 13, 0, 1, 0, '127.0.0.1', '2025-04-09 23:30:06', '2025-04-09 23:30:06', NULL, NULL, 5, '2025-07-09', 0),
(950, NULL, 0, NULL, '14:00:00', '16:00:00', NULL, NULL, 7, 13, 0, 1, 0, '127.0.0.1', '2025-04-09 23:30:06', '2025-04-09 23:30:06', NULL, NULL, 6, '2025-07-09', 0),
(951, NULL, 0, NULL, '17:00:00', '18:00:00', NULL, NULL, 8, 13, 0, 1, 0, '127.0.0.1', '2025-04-09 23:30:06', '2025-04-09 23:30:06', NULL, NULL, 7, '2025-07-09', 0),
(952, NULL, 0, NULL, '18:00:00', '19:00:00', NULL, NULL, 6, 13, 0, 1, 0, '127.0.0.1', '2025-04-09 23:30:06', '2025-04-09 23:30:06', NULL, NULL, 8, '2025-07-09', 0),
(953, NULL, 0, NULL, '09:00:00', '10:00:00', NULL, NULL, 9, 15, 0, 1, 0, '127.0.0.1', '2025-04-09 23:30:06', '2025-04-09 23:30:06', NULL, NULL, 9, '2025-07-09', 0),
(954, NULL, 0, NULL, '16:00:00', '17:00:00', NULL, NULL, 1, 1, 0, 1, 0, '127.0.0.1', '2025-04-10 23:30:05', '2025-04-10 23:30:05', NULL, NULL, 1, '2025-07-10', 0),
(955, NULL, 0, NULL, '17:00:00', '18:00:00', NULL, NULL, 1, 1, 0, 1, 0, '127.0.0.1', '2025-04-10 23:30:05', '2025-04-10 23:30:05', NULL, NULL, 2, '2025-07-10', 0),
(956, NULL, 0, NULL, '18:00:00', '19:00:00', NULL, NULL, 2, 1, 0, 1, 0, '127.0.0.1', '2025-04-10 23:30:05', '2025-04-10 23:30:05', NULL, NULL, 3, '2025-07-10', 0),
(957, NULL, 0, NULL, '20:00:00', '21:00:00', NULL, NULL, 2, 1, 0, 1, 0, '127.0.0.1', '2025-04-10 23:30:05', '2025-04-10 23:30:05', NULL, NULL, 4, '2025-07-10', 0),
(958, NULL, 0, NULL, '12:00:00', '13:00:00', NULL, NULL, 6, 13, 0, 1, 0, '127.0.0.1', '2025-04-10 23:30:05', '2025-04-10 23:30:05', NULL, NULL, 5, '2025-07-10', 0),
(959, NULL, 0, NULL, '14:00:00', '16:00:00', NULL, NULL, 7, 13, 0, 1, 0, '127.0.0.1', '2025-04-10 23:30:05', '2025-04-10 23:30:05', NULL, NULL, 6, '2025-07-10', 0),
(960, NULL, 0, NULL, '17:00:00', '18:00:00', NULL, NULL, 8, 13, 0, 1, 0, '127.0.0.1', '2025-04-10 23:30:05', '2025-04-10 23:30:05', NULL, NULL, 7, '2025-07-10', 0),
(961, NULL, 0, NULL, '18:00:00', '19:00:00', NULL, NULL, 6, 13, 0, 1, 0, '127.0.0.1', '2025-04-10 23:30:05', '2025-04-10 23:30:05', NULL, NULL, 8, '2025-07-10', 0),
(962, NULL, 0, NULL, '09:00:00', '10:00:00', NULL, NULL, 9, 15, 0, 1, 0, '127.0.0.1', '2025-04-10 23:30:05', '2025-04-10 23:30:05', NULL, NULL, 9, '2025-07-10', 0),
(963, NULL, 0, NULL, '16:00:00', '17:00:00', NULL, NULL, 1, 1, 0, 1, 0, '127.0.0.1', '2025-04-11 23:30:06', '2025-04-11 23:30:06', NULL, NULL, 1, '2025-07-11', 0),
(964, NULL, 0, NULL, '17:00:00', '18:00:00', NULL, NULL, 1, 1, 0, 1, 0, '127.0.0.1', '2025-04-11 23:30:06', '2025-04-11 23:30:06', NULL, NULL, 2, '2025-07-11', 0),
(965, NULL, 0, NULL, '18:00:00', '19:00:00', NULL, NULL, 2, 1, 0, 1, 0, '127.0.0.1', '2025-04-11 23:30:06', '2025-04-11 23:30:06', NULL, NULL, 3, '2025-07-11', 0),
(966, NULL, 0, NULL, '20:00:00', '21:00:00', NULL, NULL, 2, 1, 0, 1, 0, '127.0.0.1', '2025-04-11 23:30:06', '2025-04-11 23:30:06', NULL, NULL, 4, '2025-07-11', 0),
(967, NULL, 0, NULL, '12:00:00', '13:00:00', NULL, NULL, 6, 13, 0, 1, 0, '127.0.0.1', '2025-04-11 23:30:06', '2025-04-11 23:30:06', NULL, NULL, 5, '2025-07-11', 0),
(968, NULL, 0, NULL, '14:00:00', '16:00:00', NULL, NULL, 7, 13, 0, 1, 0, '127.0.0.1', '2025-04-11 23:30:06', '2025-04-11 23:30:06', NULL, NULL, 6, '2025-07-11', 0),
(969, NULL, 0, NULL, '17:00:00', '18:00:00', NULL, NULL, 8, 13, 0, 1, 0, '127.0.0.1', '2025-04-11 23:30:06', '2025-04-11 23:30:06', NULL, NULL, 7, '2025-07-11', 0),
(970, NULL, 0, NULL, '18:00:00', '19:00:00', NULL, NULL, 6, 13, 0, 1, 0, '127.0.0.1', '2025-04-11 23:30:06', '2025-04-11 23:30:06', NULL, NULL, 8, '2025-07-11', 0),
(971, NULL, 0, NULL, '09:00:00', '10:00:00', NULL, NULL, 9, 15, 0, 1, 0, '127.0.0.1', '2025-04-11 23:30:06', '2025-04-11 23:30:06', NULL, NULL, 9, '2025-07-11', 0),
(972, NULL, 0, NULL, '16:00:00', '17:00:00', NULL, NULL, 1, 1, 0, 1, 0, '127.0.0.1', '2025-04-12 23:30:06', '2025-04-12 23:30:06', NULL, NULL, 1, '2025-07-12', 0),
(973, NULL, 0, NULL, '17:00:00', '18:00:00', NULL, NULL, 1, 1, 0, 1, 0, '127.0.0.1', '2025-04-12 23:30:06', '2025-04-12 23:30:06', NULL, NULL, 2, '2025-07-12', 0),
(974, NULL, 0, NULL, '18:00:00', '19:00:00', NULL, NULL, 2, 1, 0, 1, 0, '127.0.0.1', '2025-04-12 23:30:06', '2025-04-12 23:30:06', NULL, NULL, 3, '2025-07-12', 0),
(975, NULL, 0, NULL, '20:00:00', '21:00:00', NULL, NULL, 2, 1, 0, 1, 0, '127.0.0.1', '2025-04-12 23:30:06', '2025-04-12 23:30:06', NULL, NULL, 4, '2025-07-12', 0),
(976, NULL, 0, NULL, '12:00:00', '13:00:00', NULL, NULL, 6, 13, 0, 1, 0, '127.0.0.1', '2025-04-12 23:30:06', '2025-04-12 23:30:06', NULL, NULL, 5, '2025-07-12', 0),
(977, NULL, 0, NULL, '14:00:00', '16:00:00', NULL, NULL, 7, 13, 0, 1, 0, '127.0.0.1', '2025-04-12 23:30:06', '2025-04-12 23:30:06', NULL, NULL, 6, '2025-07-12', 0),
(978, NULL, 0, NULL, '17:00:00', '18:00:00', NULL, NULL, 8, 13, 0, 1, 0, '127.0.0.1', '2025-04-12 23:30:06', '2025-04-12 23:30:06', NULL, NULL, 7, '2025-07-12', 0),
(979, NULL, 0, NULL, '18:00:00', '19:00:00', NULL, NULL, 6, 13, 0, 1, 0, '127.0.0.1', '2025-04-12 23:30:06', '2025-04-12 23:30:06', NULL, NULL, 8, '2025-07-12', 0),
(980, NULL, 0, NULL, '09:00:00', '10:00:00', NULL, NULL, 9, 15, 0, 1, 0, '127.0.0.1', '2025-04-12 23:30:06', '2025-04-12 23:30:06', NULL, NULL, 9, '2025-07-12', 0),
(981, NULL, 0, NULL, '16:00:00', '17:00:00', NULL, NULL, 1, 1, 0, 1, 0, '127.0.0.1', '2025-04-13 23:30:07', '2025-04-13 23:30:07', NULL, NULL, 1, '2025-07-13', 0),
(982, NULL, 0, NULL, '17:00:00', '18:00:00', NULL, NULL, 1, 1, 0, 1, 0, '127.0.0.1', '2025-04-13 23:30:07', '2025-04-13 23:30:07', NULL, NULL, 2, '2025-07-13', 0),
(983, NULL, 0, NULL, '18:00:00', '19:00:00', NULL, NULL, 2, 1, 0, 1, 0, '127.0.0.1', '2025-04-13 23:30:07', '2025-04-13 23:30:07', NULL, NULL, 3, '2025-07-13', 0),
(984, NULL, 0, NULL, '20:00:00', '21:00:00', NULL, NULL, 2, 1, 0, 1, 0, '127.0.0.1', '2025-04-13 23:30:07', '2025-04-13 23:30:07', NULL, NULL, 4, '2025-07-13', 0),
(985, NULL, 0, NULL, '12:00:00', '13:00:00', NULL, NULL, 6, 13, 0, 1, 0, '127.0.0.1', '2025-04-13 23:30:07', '2025-04-13 23:30:07', NULL, NULL, 5, '2025-07-13', 0),
(986, NULL, 0, NULL, '14:00:00', '16:00:00', NULL, NULL, 7, 13, 0, 1, 0, '127.0.0.1', '2025-04-13 23:30:07', '2025-04-13 23:30:07', NULL, NULL, 6, '2025-07-13', 0),
(987, NULL, 0, NULL, '17:00:00', '18:00:00', NULL, NULL, 8, 13, 0, 1, 0, '127.0.0.1', '2025-04-13 23:30:07', '2025-04-13 23:30:07', NULL, NULL, 7, '2025-07-13', 0),
(988, NULL, 0, NULL, '18:00:00', '19:00:00', NULL, NULL, 6, 13, 0, 1, 0, '127.0.0.1', '2025-04-13 23:30:07', '2025-04-13 23:30:07', NULL, NULL, 8, '2025-07-13', 0),
(989, NULL, 0, NULL, '09:00:00', '10:00:00', NULL, NULL, 9, 15, 0, 1, 0, '127.0.0.1', '2025-04-13 23:30:07', '2025-04-13 23:30:07', NULL, NULL, 9, '2025-07-13', 0),
(990, NULL, 0, NULL, '16:00:00', '17:00:00', NULL, NULL, 1, 1, 0, 1, 0, '127.0.0.1', '2025-04-14 23:30:05', '2025-04-14 23:30:05', NULL, NULL, 1, '2025-07-14', 0),
(991, NULL, 0, NULL, '17:00:00', '18:00:00', NULL, NULL, 1, 1, 0, 1, 0, '127.0.0.1', '2025-04-14 23:30:05', '2025-04-14 23:30:05', NULL, NULL, 2, '2025-07-14', 0),
(992, NULL, 0, NULL, '18:00:00', '19:00:00', NULL, NULL, 2, 1, 0, 1, 0, '127.0.0.1', '2025-04-14 23:30:05', '2025-04-14 23:30:05', NULL, NULL, 3, '2025-07-14', 0),
(993, NULL, 0, NULL, '20:00:00', '21:00:00', NULL, NULL, 2, 1, 0, 1, 0, '127.0.0.1', '2025-04-14 23:30:05', '2025-04-14 23:30:05', NULL, NULL, 4, '2025-07-14', 0),
(994, NULL, 0, NULL, '12:00:00', '13:00:00', NULL, NULL, 6, 13, 0, 1, 0, '127.0.0.1', '2025-04-14 23:30:05', '2025-04-14 23:30:05', NULL, NULL, 5, '2025-07-14', 0),
(995, NULL, 0, NULL, '14:00:00', '16:00:00', NULL, NULL, 7, 13, 0, 1, 0, '127.0.0.1', '2025-04-14 23:30:05', '2025-04-14 23:30:05', NULL, NULL, 6, '2025-07-14', 0),
(996, NULL, 0, NULL, '17:00:00', '18:00:00', NULL, NULL, 8, 13, 0, 1, 0, '127.0.0.1', '2025-04-14 23:30:05', '2025-04-14 23:30:05', NULL, NULL, 7, '2025-07-14', 0),
(997, NULL, 0, NULL, '18:00:00', '19:00:00', NULL, NULL, 6, 13, 0, 1, 0, '127.0.0.1', '2025-04-14 23:30:05', '2025-04-14 23:30:05', NULL, NULL, 8, '2025-07-14', 0),
(998, NULL, 0, NULL, '09:00:00', '10:00:00', NULL, NULL, 9, 15, 0, 1, 0, '127.0.0.1', '2025-04-14 23:30:05', '2025-04-14 23:30:05', NULL, NULL, 9, '2025-07-14', 0),
(999, NULL, 0, NULL, '16:00:00', '17:00:00', NULL, NULL, 1, 1, 0, 1, 0, '127.0.0.1', '2025-04-15 23:30:06', '2025-04-15 23:30:06', NULL, NULL, 1, '2025-07-15', 0),
(1000, NULL, 0, NULL, '17:00:00', '18:00:00', NULL, NULL, 1, 1, 0, 1, 0, '127.0.0.1', '2025-04-15 23:30:06', '2025-04-15 23:30:06', NULL, NULL, 2, '2025-07-15', 0),
(1001, NULL, 0, NULL, '18:00:00', '19:00:00', NULL, NULL, 2, 1, 0, 1, 0, '127.0.0.1', '2025-04-15 23:30:06', '2025-04-15 23:30:06', NULL, NULL, 3, '2025-07-15', 0),
(1002, NULL, 0, NULL, '20:00:00', '21:00:00', NULL, NULL, 2, 1, 0, 1, 0, '127.0.0.1', '2025-04-15 23:30:06', '2025-04-15 23:30:06', NULL, NULL, 4, '2025-07-15', 0),
(1003, NULL, 0, NULL, '12:00:00', '13:00:00', NULL, NULL, 6, 13, 0, 1, 0, '127.0.0.1', '2025-04-15 23:30:06', '2025-04-15 23:30:06', NULL, NULL, 5, '2025-07-15', 0),
(1004, NULL, 0, NULL, '14:00:00', '16:00:00', NULL, NULL, 7, 13, 0, 1, 0, '127.0.0.1', '2025-04-15 23:30:06', '2025-04-15 23:30:06', NULL, NULL, 6, '2025-07-15', 0),
(1005, NULL, 0, NULL, '17:00:00', '18:00:00', NULL, NULL, 8, 13, 0, 1, 0, '127.0.0.1', '2025-04-15 23:30:06', '2025-04-15 23:30:06', NULL, NULL, 7, '2025-07-15', 0),
(1006, NULL, 0, NULL, '18:00:00', '19:00:00', NULL, NULL, 6, 13, 0, 1, 0, '127.0.0.1', '2025-04-15 23:30:06', '2025-04-15 23:30:06', NULL, NULL, 8, '2025-07-15', 0),
(1007, NULL, 0, NULL, '09:00:00', '10:00:00', NULL, NULL, 9, 15, 0, 1, 0, '127.0.0.1', '2025-04-15 23:30:06', '2025-04-15 23:30:06', NULL, NULL, 9, '2025-07-15', 0),
(1008, NULL, 0, NULL, '16:00:00', '17:00:00', NULL, NULL, 1, 1, 0, 1, 0, '127.0.0.1', '2025-04-16 23:30:05', '2025-04-16 23:30:05', NULL, NULL, 1, '2025-07-16', 0),
(1009, NULL, 0, NULL, '17:00:00', '18:00:00', NULL, NULL, 1, 1, 0, 1, 0, '127.0.0.1', '2025-04-16 23:30:05', '2025-04-16 23:30:05', NULL, NULL, 2, '2025-07-16', 0),
(1010, NULL, 0, NULL, '18:00:00', '19:00:00', NULL, NULL, 2, 1, 0, 1, 0, '127.0.0.1', '2025-04-16 23:30:05', '2025-04-16 23:30:05', NULL, NULL, 3, '2025-07-16', 0),
(1011, NULL, 0, NULL, '20:00:00', '21:00:00', NULL, NULL, 2, 1, 0, 1, 0, '127.0.0.1', '2025-04-16 23:30:05', '2025-04-16 23:30:05', NULL, NULL, 4, '2025-07-16', 0),
(1012, NULL, 0, NULL, '12:00:00', '13:00:00', NULL, NULL, 6, 13, 0, 1, 0, '127.0.0.1', '2025-04-16 23:30:05', '2025-04-16 23:30:05', NULL, NULL, 5, '2025-07-16', 0),
(1013, NULL, 0, NULL, '14:00:00', '16:00:00', NULL, NULL, 7, 13, 0, 1, 0, '127.0.0.1', '2025-04-16 23:30:05', '2025-04-16 23:30:05', NULL, NULL, 6, '2025-07-16', 0),
(1014, NULL, 0, NULL, '17:00:00', '18:00:00', NULL, NULL, 8, 13, 0, 1, 0, '127.0.0.1', '2025-04-16 23:30:05', '2025-04-16 23:30:05', NULL, NULL, 7, '2025-07-16', 0),
(1015, NULL, 0, NULL, '18:00:00', '19:00:00', NULL, NULL, 6, 13, 0, 1, 0, '127.0.0.1', '2025-04-16 23:30:05', '2025-04-16 23:30:05', NULL, NULL, 8, '2025-07-16', 0),
(1016, NULL, 0, NULL, '09:00:00', '10:00:00', NULL, NULL, 9, 15, 0, 1, 0, '127.0.0.1', '2025-04-16 23:30:05', '2025-04-16 23:30:05', NULL, NULL, 9, '2025-07-16', 0),
(1017, NULL, 0, NULL, '16:00:00', '17:00:00', NULL, NULL, 1, 1, 0, 1, 0, '127.0.0.1', '2025-04-17 23:30:05', '2025-04-17 23:30:05', NULL, NULL, 1, '2025-07-17', 0),
(1018, NULL, 0, NULL, '17:00:00', '18:00:00', NULL, NULL, 1, 1, 0, 1, 0, '127.0.0.1', '2025-04-17 23:30:05', '2025-04-17 23:30:05', NULL, NULL, 2, '2025-07-17', 0),
(1019, NULL, 0, NULL, '18:00:00', '19:00:00', NULL, NULL, 2, 1, 0, 1, 0, '127.0.0.1', '2025-04-17 23:30:05', '2025-04-17 23:30:05', NULL, NULL, 3, '2025-07-17', 0),
(1020, NULL, 0, NULL, '20:00:00', '21:00:00', NULL, NULL, 2, 1, 0, 1, 0, '127.0.0.1', '2025-04-17 23:30:05', '2025-04-17 23:30:05', NULL, NULL, 4, '2025-07-17', 0),
(1021, NULL, 0, NULL, '12:00:00', '13:00:00', NULL, NULL, 6, 13, 0, 1, 0, '127.0.0.1', '2025-04-17 23:30:05', '2025-04-17 23:30:05', NULL, NULL, 5, '2025-07-17', 0),
(1022, NULL, 0, NULL, '14:00:00', '16:00:00', NULL, NULL, 7, 13, 0, 1, 0, '127.0.0.1', '2025-04-17 23:30:05', '2025-04-17 23:30:05', NULL, NULL, 6, '2025-07-17', 0),
(1023, NULL, 0, NULL, '17:00:00', '18:00:00', NULL, NULL, 8, 13, 0, 1, 0, '127.0.0.1', '2025-04-17 23:30:05', '2025-04-17 23:30:05', NULL, NULL, 7, '2025-07-17', 0),
(1024, NULL, 0, NULL, '18:00:00', '19:00:00', NULL, NULL, 6, 13, 0, 1, 0, '127.0.0.1', '2025-04-17 23:30:05', '2025-04-17 23:30:05', NULL, NULL, 8, '2025-07-17', 0),
(1025, NULL, 0, NULL, '09:00:00', '10:00:00', NULL, NULL, 9, 15, 0, 1, 0, '127.0.0.1', '2025-04-17 23:30:05', '2025-04-17 23:30:05', NULL, NULL, 9, '2025-07-17', 0),
(1026, NULL, 0, NULL, '16:00:00', '17:00:00', NULL, NULL, 1, 1, 0, 1, 0, '127.0.0.1', '2025-04-18 23:30:05', '2025-04-18 23:30:05', NULL, NULL, 1, '2025-07-18', 0),
(1027, NULL, 0, NULL, '17:00:00', '18:00:00', NULL, NULL, 1, 1, 0, 1, 0, '127.0.0.1', '2025-04-18 23:30:05', '2025-04-18 23:30:05', NULL, NULL, 2, '2025-07-18', 0),
(1028, NULL, 0, NULL, '18:00:00', '19:00:00', NULL, NULL, 2, 1, 0, 1, 0, '127.0.0.1', '2025-04-18 23:30:05', '2025-04-18 23:30:05', NULL, NULL, 3, '2025-07-18', 0),
(1029, NULL, 0, NULL, '20:00:00', '21:00:00', NULL, NULL, 2, 1, 0, 1, 0, '127.0.0.1', '2025-04-18 23:30:05', '2025-04-18 23:30:05', NULL, NULL, 4, '2025-07-18', 0),
(1030, NULL, 0, NULL, '12:00:00', '13:00:00', NULL, NULL, 6, 13, 0, 1, 0, '127.0.0.1', '2025-04-18 23:30:05', '2025-04-18 23:30:05', NULL, NULL, 5, '2025-07-18', 0),
(1031, NULL, 0, NULL, '14:00:00', '16:00:00', NULL, NULL, 7, 13, 0, 1, 0, '127.0.0.1', '2025-04-18 23:30:05', '2025-04-18 23:30:05', NULL, NULL, 6, '2025-07-18', 0),
(1032, NULL, 0, NULL, '17:00:00', '18:00:00', NULL, NULL, 8, 13, 0, 1, 0, '127.0.0.1', '2025-04-18 23:30:05', '2025-04-18 23:30:05', NULL, NULL, 7, '2025-07-18', 0),
(1033, NULL, 0, NULL, '18:00:00', '19:00:00', NULL, NULL, 6, 13, 0, 1, 0, '127.0.0.1', '2025-04-18 23:30:05', '2025-04-18 23:30:05', NULL, NULL, 8, '2025-07-18', 0),
(1034, NULL, 0, NULL, '09:00:00', '10:00:00', NULL, NULL, 9, 15, 0, 1, 0, '127.0.0.1', '2025-04-18 23:30:05', '2025-04-18 23:30:05', NULL, NULL, 9, '2025-07-18', 0),
(1035, NULL, 0, NULL, '16:00:00', '17:00:00', NULL, NULL, 1, 1, 0, 1, 0, '127.0.0.1', '2025-04-19 23:30:06', '2025-04-19 23:30:06', NULL, NULL, 1, '2025-07-19', 0),
(1036, NULL, 0, NULL, '17:00:00', '18:00:00', NULL, NULL, 1, 1, 0, 1, 0, '127.0.0.1', '2025-04-19 23:30:06', '2025-04-19 23:30:06', NULL, NULL, 2, '2025-07-19', 0),
(1037, NULL, 0, NULL, '18:00:00', '19:00:00', NULL, NULL, 2, 1, 0, 1, 0, '127.0.0.1', '2025-04-19 23:30:06', '2025-04-19 23:30:06', NULL, NULL, 3, '2025-07-19', 0),
(1038, NULL, 0, NULL, '20:00:00', '21:00:00', NULL, NULL, 2, 1, 0, 1, 0, '127.0.0.1', '2025-04-19 23:30:06', '2025-04-19 23:30:06', NULL, NULL, 4, '2025-07-19', 0),
(1039, NULL, 0, NULL, '12:00:00', '13:00:00', NULL, NULL, 6, 13, 0, 1, 0, '127.0.0.1', '2025-04-19 23:30:06', '2025-04-19 23:30:06', NULL, NULL, 5, '2025-07-19', 0),
(1040, NULL, 0, NULL, '14:00:00', '16:00:00', NULL, NULL, 7, 13, 0, 1, 0, '127.0.0.1', '2025-04-19 23:30:06', '2025-04-19 23:30:06', NULL, NULL, 6, '2025-07-19', 0),
(1041, NULL, 0, NULL, '17:00:00', '18:00:00', NULL, NULL, 8, 13, 0, 1, 0, '127.0.0.1', '2025-04-19 23:30:06', '2025-04-19 23:30:06', NULL, NULL, 7, '2025-07-19', 0),
(1042, NULL, 0, NULL, '18:00:00', '19:00:00', NULL, NULL, 6, 13, 0, 1, 0, '127.0.0.1', '2025-04-19 23:30:06', '2025-04-19 23:30:06', NULL, NULL, 8, '2025-07-19', 0),
(1043, NULL, 0, NULL, '09:00:00', '10:00:00', NULL, NULL, 9, 15, 0, 1, 0, '127.0.0.1', '2025-04-19 23:30:06', '2025-04-19 23:30:06', NULL, NULL, 9, '2025-07-19', 0),
(1044, NULL, 0, NULL, '16:00:00', '17:00:00', NULL, NULL, 1, 1, 0, 1, 0, '127.0.0.1', '2025-04-20 23:30:05', '2025-04-20 23:30:05', NULL, NULL, 1, '2025-07-20', 0),
(1045, NULL, 0, NULL, '17:00:00', '18:00:00', NULL, NULL, 1, 1, 0, 1, 0, '127.0.0.1', '2025-04-20 23:30:05', '2025-04-20 23:30:05', NULL, NULL, 2, '2025-07-20', 0),
(1046, NULL, 0, NULL, '18:00:00', '19:00:00', NULL, NULL, 2, 1, 0, 1, 0, '127.0.0.1', '2025-04-20 23:30:05', '2025-04-20 23:30:05', NULL, NULL, 3, '2025-07-20', 0),
(1047, NULL, 0, NULL, '20:00:00', '21:00:00', NULL, NULL, 2, 1, 0, 1, 0, '127.0.0.1', '2025-04-20 23:30:05', '2025-04-20 23:30:05', NULL, NULL, 4, '2025-07-20', 0),
(1048, NULL, 0, NULL, '12:00:00', '13:00:00', NULL, NULL, 6, 13, 0, 1, 0, '127.0.0.1', '2025-04-20 23:30:05', '2025-04-20 23:30:05', NULL, NULL, 5, '2025-07-20', 0),
(1049, NULL, 0, NULL, '14:00:00', '16:00:00', NULL, NULL, 7, 13, 0, 1, 0, '127.0.0.1', '2025-04-20 23:30:05', '2025-04-20 23:30:05', NULL, NULL, 6, '2025-07-20', 0),
(1050, NULL, 0, NULL, '17:00:00', '18:00:00', NULL, NULL, 8, 13, 0, 1, 0, '127.0.0.1', '2025-04-20 23:30:05', '2025-04-20 23:30:05', NULL, NULL, 7, '2025-07-20', 0),
(1051, NULL, 0, NULL, '18:00:00', '19:00:00', NULL, NULL, 6, 13, 0, 1, 0, '127.0.0.1', '2025-04-20 23:30:05', '2025-04-20 23:30:05', NULL, NULL, 8, '2025-07-20', 0),
(1052, NULL, 0, NULL, '09:00:00', '10:00:00', NULL, NULL, 9, 15, 0, 1, 0, '127.0.0.1', '2025-04-20 23:30:05', '2025-04-20 23:30:05', NULL, NULL, 9, '2025-07-20', 0),
(1053, NULL, 0, NULL, '16:00:00', '17:00:00', NULL, NULL, 1, 1, 0, 1, 0, '127.0.0.1', '2025-04-21 23:30:05', '2025-04-21 23:30:05', NULL, NULL, 1, '2025-07-21', 0),
(1054, NULL, 0, NULL, '17:00:00', '18:00:00', NULL, NULL, 1, 1, 0, 1, 0, '127.0.0.1', '2025-04-21 23:30:05', '2025-04-21 23:30:05', NULL, NULL, 2, '2025-07-21', 0),
(1055, NULL, 0, NULL, '18:00:00', '19:00:00', NULL, NULL, 2, 1, 0, 1, 0, '127.0.0.1', '2025-04-21 23:30:05', '2025-04-21 23:30:05', NULL, NULL, 3, '2025-07-21', 0),
(1056, NULL, 0, NULL, '20:00:00', '21:00:00', NULL, NULL, 2, 1, 0, 1, 0, '127.0.0.1', '2025-04-21 23:30:05', '2025-04-21 23:30:05', NULL, NULL, 4, '2025-07-21', 0),
(1057, NULL, 0, NULL, '12:00:00', '13:00:00', NULL, NULL, 6, 13, 0, 1, 0, '127.0.0.1', '2025-04-21 23:30:05', '2025-04-21 23:30:05', NULL, NULL, 5, '2025-07-21', 0),
(1058, NULL, 0, NULL, '14:00:00', '16:00:00', NULL, NULL, 7, 13, 0, 1, 0, '127.0.0.1', '2025-04-21 23:30:05', '2025-04-21 23:30:05', NULL, NULL, 6, '2025-07-21', 0),
(1059, NULL, 0, NULL, '17:00:00', '18:00:00', NULL, NULL, 8, 13, 0, 1, 0, '127.0.0.1', '2025-04-21 23:30:05', '2025-04-21 23:30:05', NULL, NULL, 7, '2025-07-21', 0),
(1060, NULL, 0, NULL, '18:00:00', '19:00:00', NULL, NULL, 6, 13, 0, 1, 0, '127.0.0.1', '2025-04-21 23:30:05', '2025-04-21 23:30:05', NULL, NULL, 8, '2025-07-21', 0),
(1061, NULL, 0, NULL, '09:00:00', '10:00:00', NULL, NULL, 9, 15, 0, 1, 0, '127.0.0.1', '2025-04-21 23:30:05', '2025-04-21 23:30:05', NULL, NULL, 9, '2025-07-21', 0),
(1062, NULL, 0, NULL, '16:00:00', '17:00:00', NULL, NULL, 1, 1, 0, 1, 0, '127.0.0.1', '2025-04-22 23:30:06', '2025-04-22 23:30:06', NULL, NULL, 1, '2025-07-22', 0),
(1063, NULL, 0, NULL, '17:00:00', '18:00:00', NULL, NULL, 1, 1, 0, 1, 0, '127.0.0.1', '2025-04-22 23:30:06', '2025-04-22 23:30:06', NULL, NULL, 2, '2025-07-22', 0),
(1064, NULL, 0, NULL, '18:00:00', '19:00:00', NULL, NULL, 2, 1, 0, 1, 0, '127.0.0.1', '2025-04-22 23:30:06', '2025-04-22 23:30:06', NULL, NULL, 3, '2025-07-22', 0),
(1065, NULL, 0, NULL, '20:00:00', '21:00:00', NULL, NULL, 2, 1, 0, 1, 0, '127.0.0.1', '2025-04-22 23:30:06', '2025-04-22 23:30:06', NULL, NULL, 4, '2025-07-22', 0),
(1066, NULL, 0, NULL, '12:00:00', '13:00:00', NULL, NULL, 6, 13, 0, 1, 0, '127.0.0.1', '2025-04-22 23:30:06', '2025-04-22 23:30:06', NULL, NULL, 5, '2025-07-22', 0),
(1067, NULL, 0, NULL, '14:00:00', '16:00:00', NULL, NULL, 7, 13, 0, 1, 0, '127.0.0.1', '2025-04-22 23:30:06', '2025-04-22 23:30:06', NULL, NULL, 6, '2025-07-22', 0),
(1068, NULL, 0, NULL, '17:00:00', '18:00:00', NULL, NULL, 8, 13, 0, 1, 0, '127.0.0.1', '2025-04-22 23:30:06', '2025-04-22 23:30:06', NULL, NULL, 7, '2025-07-22', 0),
(1069, NULL, 0, NULL, '18:00:00', '19:00:00', NULL, NULL, 6, 13, 0, 1, 0, '127.0.0.1', '2025-04-22 23:30:06', '2025-04-22 23:30:06', NULL, NULL, 8, '2025-07-22', 0),
(1070, NULL, 0, NULL, '09:00:00', '10:00:00', NULL, NULL, 9, 15, 0, 1, 0, '127.0.0.1', '2025-04-22 23:30:06', '2025-04-22 23:30:06', NULL, NULL, 9, '2025-07-22', 0),
(1071, NULL, 0, NULL, '16:00:00', '17:00:00', NULL, NULL, 1, 1, 0, 1, 0, '127.0.0.1', '2025-04-23 23:30:06', '2025-04-23 23:30:06', NULL, NULL, 1, '2025-07-23', 0),
(1072, NULL, 0, NULL, '17:00:00', '18:00:00', NULL, NULL, 1, 1, 0, 1, 0, '127.0.0.1', '2025-04-23 23:30:06', '2025-04-23 23:30:06', NULL, NULL, 2, '2025-07-23', 0),
(1073, NULL, 0, NULL, '18:00:00', '19:00:00', NULL, NULL, 2, 1, 0, 1, 0, '127.0.0.1', '2025-04-23 23:30:06', '2025-04-23 23:30:06', NULL, NULL, 3, '2025-07-23', 0),
(1074, NULL, 0, NULL, '20:00:00', '21:00:00', NULL, NULL, 2, 1, 0, 1, 0, '127.0.0.1', '2025-04-23 23:30:06', '2025-04-23 23:30:06', NULL, NULL, 4, '2025-07-23', 0),
(1075, NULL, 0, NULL, '12:00:00', '13:00:00', NULL, NULL, 6, 13, 0, 1, 0, '127.0.0.1', '2025-04-23 23:30:06', '2025-04-23 23:30:06', NULL, NULL, 5, '2025-07-23', 0),
(1076, NULL, 0, NULL, '14:00:00', '16:00:00', NULL, NULL, 7, 13, 0, 1, 0, '127.0.0.1', '2025-04-23 23:30:06', '2025-04-23 23:30:06', NULL, NULL, 6, '2025-07-23', 0),
(1077, NULL, 0, NULL, '17:00:00', '18:00:00', NULL, NULL, 8, 13, 0, 1, 0, '127.0.0.1', '2025-04-23 23:30:06', '2025-04-23 23:30:06', NULL, NULL, 7, '2025-07-23', 0),
(1078, NULL, 0, NULL, '18:00:00', '19:00:00', NULL, NULL, 6, 13, 0, 1, 0, '127.0.0.1', '2025-04-23 23:30:06', '2025-04-23 23:30:06', NULL, NULL, 8, '2025-07-23', 0),
(1079, NULL, 0, NULL, '09:00:00', '10:00:00', NULL, NULL, 9, 15, 0, 1, 0, '127.0.0.1', '2025-04-23 23:30:06', '2025-04-23 23:30:06', NULL, NULL, 9, '2025-07-23', 0),
(1080, NULL, 0, NULL, '16:00:00', '17:00:00', NULL, NULL, 1, 1, 0, 1, 0, '127.0.0.1', '2025-04-24 23:30:05', '2025-04-24 23:30:05', NULL, NULL, 1, '2025-07-24', 0),
(1081, NULL, 0, NULL, '17:00:00', '18:00:00', NULL, NULL, 1, 1, 0, 1, 0, '127.0.0.1', '2025-04-24 23:30:05', '2025-04-24 23:30:05', NULL, NULL, 2, '2025-07-24', 0),
(1082, NULL, 0, NULL, '18:00:00', '19:00:00', NULL, NULL, 2, 1, 0, 1, 0, '127.0.0.1', '2025-04-24 23:30:05', '2025-04-24 23:30:05', NULL, NULL, 3, '2025-07-24', 0),
(1083, NULL, 0, NULL, '20:00:00', '21:00:00', NULL, NULL, 2, 1, 0, 1, 0, '127.0.0.1', '2025-04-24 23:30:05', '2025-04-24 23:30:05', NULL, NULL, 4, '2025-07-24', 0),
(1084, NULL, 0, NULL, '12:00:00', '13:00:00', NULL, NULL, 6, 13, 0, 1, 0, '127.0.0.1', '2025-04-24 23:30:05', '2025-04-24 23:30:05', NULL, NULL, 5, '2025-07-24', 0),
(1085, NULL, 0, NULL, '14:00:00', '16:00:00', NULL, NULL, 7, 13, 0, 1, 0, '127.0.0.1', '2025-04-24 23:30:05', '2025-04-24 23:30:05', NULL, NULL, 6, '2025-07-24', 0),
(1086, NULL, 0, NULL, '17:00:00', '18:00:00', NULL, NULL, 8, 13, 0, 1, 0, '127.0.0.1', '2025-04-24 23:30:05', '2025-04-24 23:30:05', NULL, NULL, 7, '2025-07-24', 0),
(1087, NULL, 0, NULL, '18:00:00', '19:00:00', NULL, NULL, 6, 13, 0, 1, 0, '127.0.0.1', '2025-04-24 23:30:05', '2025-04-24 23:30:05', NULL, NULL, 8, '2025-07-24', 0),
(1088, NULL, 0, NULL, '09:00:00', '10:00:00', NULL, NULL, 9, 15, 0, 1, 0, '127.0.0.1', '2025-04-24 23:30:05', '2025-04-24 23:30:05', NULL, NULL, 9, '2025-07-24', 0),
(1089, NULL, 0, NULL, '16:00:00', '17:00:00', NULL, NULL, 1, 1, 0, 1, 0, '127.0.0.1', '2025-04-25 23:30:06', '2025-04-25 23:30:06', NULL, NULL, 1, '2025-07-25', 0),
(1090, NULL, 0, NULL, '17:00:00', '18:00:00', NULL, NULL, 1, 1, 0, 1, 0, '127.0.0.1', '2025-04-25 23:30:06', '2025-04-25 23:30:06', NULL, NULL, 2, '2025-07-25', 0),
(1091, NULL, 0, NULL, '18:00:00', '19:00:00', NULL, NULL, 2, 1, 0, 1, 0, '127.0.0.1', '2025-04-25 23:30:06', '2025-04-25 23:30:06', NULL, NULL, 3, '2025-07-25', 0),
(1092, NULL, 0, NULL, '20:00:00', '21:00:00', NULL, NULL, 2, 1, 0, 1, 0, '127.0.0.1', '2025-04-25 23:30:06', '2025-04-25 23:30:06', NULL, NULL, 4, '2025-07-25', 0),
(1093, NULL, 0, NULL, '12:00:00', '13:00:00', NULL, NULL, 6, 13, 0, 1, 0, '127.0.0.1', '2025-04-25 23:30:06', '2025-04-25 23:30:06', NULL, NULL, 5, '2025-07-25', 0),
(1094, NULL, 0, NULL, '14:00:00', '16:00:00', NULL, NULL, 7, 13, 0, 1, 0, '127.0.0.1', '2025-04-25 23:30:06', '2025-04-25 23:30:06', NULL, NULL, 6, '2025-07-25', 0),
(1095, NULL, 0, NULL, '17:00:00', '18:00:00', NULL, NULL, 8, 13, 0, 1, 0, '127.0.0.1', '2025-04-25 23:30:06', '2025-04-25 23:30:06', NULL, NULL, 7, '2025-07-25', 0),
(1096, NULL, 0, NULL, '18:00:00', '19:00:00', NULL, NULL, 6, 13, 0, 1, 0, '127.0.0.1', '2025-04-25 23:30:06', '2025-04-25 23:30:06', NULL, NULL, 8, '2025-07-25', 0),
(1097, NULL, 0, NULL, '09:00:00', '10:00:00', NULL, NULL, 9, 15, 0, 1, 0, '127.0.0.1', '2025-04-25 23:30:06', '2025-04-25 23:30:06', NULL, NULL, 9, '2025-07-25', 0),
(1098, NULL, 0, NULL, '16:00:00', '17:00:00', NULL, NULL, 1, 1, 0, 1, 0, '127.0.0.1', '2025-04-26 23:30:05', '2025-04-26 23:30:05', NULL, NULL, 1, '2025-07-26', 0),
(1099, NULL, 0, NULL, '17:00:00', '18:00:00', NULL, NULL, 1, 1, 0, 1, 0, '127.0.0.1', '2025-04-26 23:30:05', '2025-04-26 23:30:05', NULL, NULL, 2, '2025-07-26', 0),
(1100, NULL, 0, NULL, '18:00:00', '19:00:00', NULL, NULL, 2, 1, 0, 1, 0, '127.0.0.1', '2025-04-26 23:30:05', '2025-04-26 23:30:05', NULL, NULL, 3, '2025-07-26', 0),
(1101, NULL, 0, NULL, '20:00:00', '21:00:00', NULL, NULL, 2, 1, 0, 1, 0, '127.0.0.1', '2025-04-26 23:30:05', '2025-04-26 23:30:05', NULL, NULL, 4, '2025-07-26', 0),
(1102, NULL, 0, NULL, '12:00:00', '13:00:00', NULL, NULL, 6, 13, 0, 1, 0, '127.0.0.1', '2025-04-26 23:30:05', '2025-04-26 23:30:05', NULL, NULL, 5, '2025-07-26', 0),
(1103, NULL, 0, NULL, '14:00:00', '16:00:00', NULL, NULL, 7, 13, 0, 1, 0, '127.0.0.1', '2025-04-26 23:30:05', '2025-04-26 23:30:05', NULL, NULL, 6, '2025-07-26', 0),
(1104, NULL, 0, NULL, '17:00:00', '18:00:00', NULL, NULL, 8, 13, 0, 1, 0, '127.0.0.1', '2025-04-26 23:30:05', '2025-04-26 23:30:05', NULL, NULL, 7, '2025-07-26', 0),
(1105, NULL, 0, NULL, '18:00:00', '19:00:00', NULL, NULL, 6, 13, 0, 1, 0, '127.0.0.1', '2025-04-26 23:30:05', '2025-04-26 23:30:05', NULL, NULL, 8, '2025-07-26', 0),
(1106, NULL, 0, NULL, '09:00:00', '10:00:00', NULL, NULL, 9, 15, 0, 1, 0, '127.0.0.1', '2025-04-26 23:30:05', '2025-04-26 23:30:05', NULL, NULL, 9, '2025-07-26', 0),
(1107, NULL, 0, NULL, '16:00:00', '17:00:00', NULL, NULL, 1, 1, 0, 1, 0, '127.0.0.1', '2025-04-27 23:30:06', '2025-04-27 23:30:06', NULL, NULL, 1, '2025-07-27', 0),
(1108, NULL, 0, NULL, '17:00:00', '18:00:00', NULL, NULL, 1, 1, 0, 1, 0, '127.0.0.1', '2025-04-27 23:30:06', '2025-04-27 23:30:06', NULL, NULL, 2, '2025-07-27', 0),
(1109, NULL, 0, NULL, '18:00:00', '19:00:00', NULL, NULL, 2, 1, 0, 1, 0, '127.0.0.1', '2025-04-27 23:30:06', '2025-04-27 23:30:06', NULL, NULL, 3, '2025-07-27', 0),
(1110, NULL, 0, NULL, '20:00:00', '21:00:00', NULL, NULL, 2, 1, 0, 1, 0, '127.0.0.1', '2025-04-27 23:30:06', '2025-04-27 23:30:06', NULL, NULL, 4, '2025-07-27', 0),
(1111, NULL, 0, NULL, '12:00:00', '13:00:00', NULL, NULL, 6, 13, 0, 1, 0, '127.0.0.1', '2025-04-27 23:30:06', '2025-04-27 23:30:06', NULL, NULL, 5, '2025-07-27', 0),
(1112, NULL, 0, NULL, '14:00:00', '16:00:00', NULL, NULL, 7, 13, 0, 1, 0, '127.0.0.1', '2025-04-27 23:30:06', '2025-04-27 23:30:06', NULL, NULL, 6, '2025-07-27', 0),
(1113, NULL, 0, NULL, '17:00:00', '18:00:00', NULL, NULL, 8, 13, 0, 1, 0, '127.0.0.1', '2025-04-27 23:30:06', '2025-04-27 23:30:06', NULL, NULL, 7, '2025-07-27', 0),
(1114, NULL, 0, NULL, '18:00:00', '19:00:00', NULL, NULL, 6, 13, 0, 1, 0, '127.0.0.1', '2025-04-27 23:30:06', '2025-04-27 23:30:06', NULL, NULL, 8, '2025-07-27', 0),
(1115, NULL, 0, NULL, '09:00:00', '10:00:00', NULL, NULL, 9, 15, 0, 1, 0, '127.0.0.1', '2025-04-27 23:30:06', '2025-04-27 23:30:06', NULL, NULL, 9, '2025-07-27', 0),
(1116, NULL, 0, NULL, '16:00:00', '17:00:00', NULL, NULL, 1, 1, 0, 1, 0, '127.0.0.1', '2025-04-28 23:30:06', '2025-04-28 23:30:06', NULL, NULL, 1, '2025-07-28', 0),
(1117, NULL, 0, NULL, '17:00:00', '18:00:00', NULL, NULL, 1, 1, 0, 1, 0, '127.0.0.1', '2025-04-28 23:30:06', '2025-04-28 23:30:06', NULL, NULL, 2, '2025-07-28', 0),
(1118, NULL, 0, NULL, '18:00:00', '19:00:00', NULL, NULL, 2, 1, 0, 1, 0, '127.0.0.1', '2025-04-28 23:30:06', '2025-04-28 23:30:06', NULL, NULL, 3, '2025-07-28', 0),
(1119, NULL, 0, NULL, '20:00:00', '21:00:00', NULL, NULL, 2, 1, 0, 1, 0, '127.0.0.1', '2025-04-28 23:30:06', '2025-04-28 23:30:06', NULL, NULL, 4, '2025-07-28', 0),
(1120, NULL, 0, NULL, '12:00:00', '13:00:00', NULL, NULL, 6, 13, 0, 1, 0, '127.0.0.1', '2025-04-28 23:30:06', '2025-04-28 23:30:06', NULL, NULL, 5, '2025-07-28', 0),
(1121, NULL, 0, NULL, '14:00:00', '16:00:00', NULL, NULL, 7, 13, 0, 1, 0, '127.0.0.1', '2025-04-28 23:30:06', '2025-04-28 23:30:06', NULL, NULL, 6, '2025-07-28', 0),
(1122, NULL, 0, NULL, '17:00:00', '18:00:00', NULL, NULL, 8, 13, 0, 1, 0, '127.0.0.1', '2025-04-28 23:30:06', '2025-04-28 23:30:06', NULL, NULL, 7, '2025-07-28', 0),
(1123, NULL, 0, NULL, '18:00:00', '19:00:00', NULL, NULL, 6, 13, 0, 1, 0, '127.0.0.1', '2025-04-28 23:30:06', '2025-04-28 23:30:06', NULL, NULL, 8, '2025-07-28', 0),
(1124, NULL, 0, NULL, '09:00:00', '10:00:00', NULL, NULL, 9, 15, 0, 1, 0, '127.0.0.1', '2025-04-28 23:30:06', '2025-04-28 23:30:06', NULL, NULL, 9, '2025-07-28', 0),
(1125, NULL, 0, NULL, '16:00:00', '17:00:00', NULL, NULL, 1, 1, 0, 1, 0, '127.0.0.1', '2025-04-29 23:30:06', '2025-04-29 23:30:06', NULL, NULL, 1, '2025-07-29', 0),
(1126, NULL, 0, NULL, '17:00:00', '18:00:00', NULL, NULL, 1, 1, 0, 1, 0, '127.0.0.1', '2025-04-29 23:30:06', '2025-04-29 23:30:06', NULL, NULL, 2, '2025-07-29', 0),
(1127, NULL, 0, NULL, '18:00:00', '19:00:00', NULL, NULL, 2, 1, 0, 1, 0, '127.0.0.1', '2025-04-29 23:30:06', '2025-04-29 23:30:06', NULL, NULL, 3, '2025-07-29', 0),
(1128, NULL, 0, NULL, '20:00:00', '21:00:00', NULL, NULL, 2, 1, 0, 1, 0, '127.0.0.1', '2025-04-29 23:30:06', '2025-04-29 23:30:06', NULL, NULL, 4, '2025-07-29', 0),
(1129, NULL, 0, NULL, '12:00:00', '13:00:00', NULL, NULL, 6, 13, 0, 1, 0, '127.0.0.1', '2025-04-29 23:30:06', '2025-04-29 23:30:06', NULL, NULL, 5, '2025-07-29', 0),
(1130, NULL, 0, NULL, '14:00:00', '16:00:00', NULL, NULL, 7, 13, 0, 1, 0, '127.0.0.1', '2025-04-29 23:30:06', '2025-04-29 23:30:06', NULL, NULL, 6, '2025-07-29', 0),
(1131, NULL, 0, NULL, '17:00:00', '18:00:00', NULL, NULL, 8, 13, 0, 1, 0, '127.0.0.1', '2025-04-29 23:30:06', '2025-04-29 23:30:06', NULL, NULL, 7, '2025-07-29', 0),
(1132, NULL, 0, NULL, '18:00:00', '19:00:00', NULL, NULL, 6, 13, 0, 1, 0, '127.0.0.1', '2025-04-29 23:30:06', '2025-04-29 23:30:06', NULL, NULL, 8, '2025-07-29', 0),
(1133, NULL, 0, NULL, '09:00:00', '10:00:00', NULL, NULL, 9, 15, 0, 1, 0, '127.0.0.1', '2025-04-29 23:30:06', '2025-04-29 23:30:06', NULL, NULL, 9, '2025-07-29', 0),
(1134, NULL, 0, NULL, '16:00:00', '17:00:00', NULL, NULL, 1, 1, 0, 1, 0, '127.0.0.1', '2025-04-30 23:30:06', '2025-04-30 23:30:06', NULL, NULL, 1, '2025-07-30', 0),
(1135, NULL, 0, NULL, '17:00:00', '18:00:00', NULL, NULL, 1, 1, 0, 1, 0, '127.0.0.1', '2025-04-30 23:30:06', '2025-04-30 23:30:06', NULL, NULL, 2, '2025-07-30', 0),
(1136, NULL, 0, NULL, '18:00:00', '19:00:00', NULL, NULL, 2, 1, 0, 1, 0, '127.0.0.1', '2025-04-30 23:30:06', '2025-04-30 23:30:06', NULL, NULL, 3, '2025-07-30', 0),
(1137, NULL, 0, NULL, '20:00:00', '21:00:00', NULL, NULL, 2, 1, 0, 1, 0, '127.0.0.1', '2025-04-30 23:30:06', '2025-04-30 23:30:06', NULL, NULL, 4, '2025-07-30', 0),
(1138, NULL, 0, NULL, '12:00:00', '13:00:00', NULL, NULL, 6, 13, 0, 1, 0, '127.0.0.1', '2025-04-30 23:30:06', '2025-04-30 23:30:06', NULL, NULL, 5, '2025-07-30', 0),
(1139, NULL, 0, NULL, '14:00:00', '16:00:00', NULL, NULL, 7, 13, 0, 1, 0, '127.0.0.1', '2025-04-30 23:30:06', '2025-04-30 23:30:06', NULL, NULL, 6, '2025-07-30', 0),
(1140, NULL, 0, NULL, '17:00:00', '18:00:00', NULL, NULL, 8, 13, 0, 1, 0, '127.0.0.1', '2025-04-30 23:30:06', '2025-04-30 23:30:06', NULL, NULL, 7, '2025-07-30', 0),
(1141, NULL, 0, NULL, '18:00:00', '19:00:00', NULL, NULL, 6, 13, 0, 1, 0, '127.0.0.1', '2025-04-30 23:30:06', '2025-04-30 23:30:06', NULL, NULL, 8, '2025-07-30', 0),
(1142, NULL, 0, NULL, '09:00:00', '10:00:00', NULL, NULL, 9, 15, 0, 1, 0, '127.0.0.1', '2025-04-30 23:30:06', '2025-04-30 23:30:06', NULL, NULL, 9, '2025-07-30', 0),
(1143, NULL, 0, NULL, '16:00:00', '17:00:00', NULL, NULL, 1, 1, 0, 1, 0, '127.0.0.1', '2025-05-01 23:30:06', '2025-05-01 23:30:06', NULL, NULL, 1, '2025-07-31', 0),
(1144, NULL, 0, NULL, '17:00:00', '18:00:00', NULL, NULL, 1, 1, 0, 1, 0, '127.0.0.1', '2025-05-01 23:30:06', '2025-05-01 23:30:06', NULL, NULL, 2, '2025-07-31', 0),
(1145, NULL, 0, NULL, '18:00:00', '19:00:00', NULL, NULL, 2, 1, 0, 1, 0, '127.0.0.1', '2025-05-01 23:30:06', '2025-05-01 23:30:06', NULL, NULL, 3, '2025-07-31', 0),
(1146, NULL, 0, NULL, '20:00:00', '21:00:00', NULL, NULL, 2, 1, 0, 1, 0, '127.0.0.1', '2025-05-01 23:30:06', '2025-05-01 23:30:06', NULL, NULL, 4, '2025-07-31', 0),
(1147, NULL, 0, NULL, '12:00:00', '13:00:00', NULL, NULL, 6, 13, 0, 1, 0, '127.0.0.1', '2025-05-01 23:30:06', '2025-05-01 23:30:06', NULL, NULL, 5, '2025-07-31', 0),
(1148, NULL, 0, NULL, '14:00:00', '16:00:00', NULL, NULL, 7, 13, 0, 1, 0, '127.0.0.1', '2025-05-01 23:30:06', '2025-05-01 23:30:06', NULL, NULL, 6, '2025-07-31', 0),
(1149, NULL, 0, NULL, '17:00:00', '18:00:00', NULL, NULL, 8, 13, 0, 1, 0, '127.0.0.1', '2025-05-01 23:30:06', '2025-05-01 23:30:06', NULL, NULL, 7, '2025-07-31', 0),
(1150, NULL, 0, NULL, '18:00:00', '19:00:00', NULL, NULL, 6, 13, 0, 1, 0, '127.0.0.1', '2025-05-01 23:30:06', '2025-05-01 23:30:06', NULL, NULL, 8, '2025-07-31', 0),
(1151, NULL, 0, NULL, '09:00:00', '10:00:00', NULL, NULL, 9, 15, 0, 1, 0, '127.0.0.1', '2025-05-01 23:30:06', '2025-05-01 23:30:06', NULL, NULL, 9, '2025-07-31', 0),
(1152, NULL, 0, NULL, '16:00:00', '17:00:00', NULL, NULL, 1, 1, 0, 1, 0, '127.0.0.1', '2025-05-02 23:30:05', '2025-05-02 23:30:05', NULL, NULL, 1, '2025-08-01', 0),
(1153, NULL, 0, NULL, '17:00:00', '18:00:00', NULL, NULL, 1, 1, 0, 1, 0, '127.0.0.1', '2025-05-02 23:30:05', '2025-05-02 23:30:05', NULL, NULL, 2, '2025-08-01', 0),
(1154, NULL, 0, NULL, '18:00:00', '19:00:00', NULL, NULL, 2, 1, 0, 1, 0, '127.0.0.1', '2025-05-02 23:30:05', '2025-05-02 23:30:05', NULL, NULL, 3, '2025-08-01', 0),
(1155, NULL, 0, NULL, '20:00:00', '21:00:00', NULL, NULL, 2, 1, 0, 1, 0, '127.0.0.1', '2025-05-02 23:30:05', '2025-05-02 23:30:05', NULL, NULL, 4, '2025-08-01', 0),
(1156, NULL, 0, NULL, '12:00:00', '13:00:00', NULL, NULL, 6, 13, 0, 1, 0, '127.0.0.1', '2025-05-02 23:30:05', '2025-05-02 23:30:05', NULL, NULL, 5, '2025-08-01', 0),
(1157, NULL, 0, NULL, '14:00:00', '16:00:00', NULL, NULL, 7, 13, 0, 1, 0, '127.0.0.1', '2025-05-02 23:30:05', '2025-05-02 23:30:05', NULL, NULL, 6, '2025-08-01', 0),
(1158, NULL, 0, NULL, '17:00:00', '18:00:00', NULL, NULL, 8, 13, 0, 1, 0, '127.0.0.1', '2025-05-02 23:30:05', '2025-05-02 23:30:05', NULL, NULL, 7, '2025-08-01', 0),
(1159, NULL, 0, NULL, '18:00:00', '19:00:00', NULL, NULL, 6, 13, 0, 1, 0, '127.0.0.1', '2025-05-02 23:30:05', '2025-05-02 23:30:05', NULL, NULL, 8, '2025-08-01', 0),
(1160, NULL, 0, NULL, '09:00:00', '10:00:00', NULL, NULL, 9, 15, 0, 1, 0, '127.0.0.1', '2025-05-02 23:30:05', '2025-05-02 23:30:05', NULL, NULL, 9, '2025-08-01', 0),
(1161, NULL, 0, NULL, '16:00:00', '17:00:00', NULL, NULL, 1, 1, 0, 1, 0, '127.0.0.1', '2025-05-03 23:30:06', '2025-05-03 23:30:06', NULL, NULL, 1, '2025-08-02', 0),
(1162, NULL, 0, NULL, '17:00:00', '18:00:00', NULL, NULL, 1, 1, 0, 1, 0, '127.0.0.1', '2025-05-03 23:30:06', '2025-05-03 23:30:06', NULL, NULL, 2, '2025-08-02', 0),
(1163, NULL, 0, NULL, '18:00:00', '19:00:00', NULL, NULL, 2, 1, 0, 1, 0, '127.0.0.1', '2025-05-03 23:30:06', '2025-05-03 23:30:06', NULL, NULL, 3, '2025-08-02', 0),
(1164, NULL, 0, NULL, '20:00:00', '21:00:00', NULL, NULL, 2, 1, 0, 1, 0, '127.0.0.1', '2025-05-03 23:30:06', '2025-05-03 23:30:06', NULL, NULL, 4, '2025-08-02', 0),
(1165, NULL, 0, NULL, '12:00:00', '13:00:00', NULL, NULL, 6, 13, 0, 1, 0, '127.0.0.1', '2025-05-03 23:30:06', '2025-05-03 23:30:06', NULL, NULL, 5, '2025-08-02', 0),
(1166, NULL, 0, NULL, '14:00:00', '16:00:00', NULL, NULL, 7, 13, 0, 1, 0, '127.0.0.1', '2025-05-03 23:30:06', '2025-05-03 23:30:06', NULL, NULL, 6, '2025-08-02', 0),
(1167, NULL, 0, NULL, '17:00:00', '18:00:00', NULL, NULL, 8, 13, 0, 1, 0, '127.0.0.1', '2025-05-03 23:30:06', '2025-05-03 23:30:06', NULL, NULL, 7, '2025-08-02', 0),
(1168, NULL, 0, NULL, '18:00:00', '19:00:00', NULL, NULL, 6, 13, 0, 1, 0, '127.0.0.1', '2025-05-03 23:30:06', '2025-05-03 23:30:06', NULL, NULL, 8, '2025-08-02', 0),
(1169, NULL, 0, NULL, '09:00:00', '10:00:00', NULL, NULL, 9, 15, 0, 1, 0, '127.0.0.1', '2025-05-03 23:30:06', '2025-05-03 23:30:06', NULL, NULL, 9, '2025-08-02', 0),
(1170, NULL, 0, NULL, '16:00:00', '17:00:00', NULL, NULL, 1, 1, 0, 1, 0, '127.0.0.1', '2025-05-04 23:30:05', '2025-05-04 23:30:05', NULL, NULL, 1, '2025-08-03', 0),
(1171, NULL, 0, NULL, '17:00:00', '18:00:00', NULL, NULL, 1, 1, 0, 1, 0, '127.0.0.1', '2025-05-04 23:30:05', '2025-05-04 23:30:05', NULL, NULL, 2, '2025-08-03', 0),
(1172, NULL, 0, NULL, '18:00:00', '19:00:00', NULL, NULL, 2, 1, 0, 1, 0, '127.0.0.1', '2025-05-04 23:30:05', '2025-05-04 23:30:05', NULL, NULL, 3, '2025-08-03', 0),
(1173, NULL, 0, NULL, '20:00:00', '21:00:00', NULL, NULL, 2, 1, 0, 1, 0, '127.0.0.1', '2025-05-04 23:30:05', '2025-05-04 23:30:05', NULL, NULL, 4, '2025-08-03', 0),
(1174, NULL, 0, NULL, '12:00:00', '13:00:00', NULL, NULL, 6, 13, 0, 1, 0, '127.0.0.1', '2025-05-04 23:30:05', '2025-05-04 23:30:05', NULL, NULL, 5, '2025-08-03', 0),
(1175, NULL, 0, NULL, '14:00:00', '16:00:00', NULL, NULL, 7, 13, 0, 1, 0, '127.0.0.1', '2025-05-04 23:30:05', '2025-05-04 23:30:05', NULL, NULL, 6, '2025-08-03', 0),
(1176, NULL, 0, NULL, '17:00:00', '18:00:00', NULL, NULL, 8, 13, 0, 1, 0, '127.0.0.1', '2025-05-04 23:30:05', '2025-05-04 23:30:05', NULL, NULL, 7, '2025-08-03', 0),
(1177, NULL, 0, NULL, '18:00:00', '19:00:00', NULL, NULL, 6, 13, 0, 1, 0, '127.0.0.1', '2025-05-04 23:30:05', '2025-05-04 23:30:05', NULL, NULL, 8, '2025-08-03', 0),
(1178, NULL, 0, NULL, '09:00:00', '10:00:00', NULL, NULL, 9, 15, 0, 1, 0, '127.0.0.1', '2025-05-04 23:30:05', '2025-05-04 23:30:05', NULL, NULL, 9, '2025-08-03', 0),
(1179, NULL, 0, NULL, '16:00:00', '17:00:00', NULL, NULL, 1, 1, 0, 1, 0, '127.0.0.1', '2025-05-05 23:30:06', '2025-05-05 23:30:06', NULL, NULL, 1, '2025-08-04', 0),
(1180, NULL, 0, NULL, '17:00:00', '18:00:00', NULL, NULL, 1, 1, 0, 1, 0, '127.0.0.1', '2025-05-05 23:30:06', '2025-05-05 23:30:06', NULL, NULL, 2, '2025-08-04', 0),
(1181, NULL, 0, NULL, '18:00:00', '19:00:00', NULL, NULL, 2, 1, 0, 1, 0, '127.0.0.1', '2025-05-05 23:30:06', '2025-05-05 23:30:06', NULL, NULL, 3, '2025-08-04', 0),
(1182, NULL, 0, NULL, '20:00:00', '21:00:00', NULL, NULL, 2, 1, 0, 1, 0, '127.0.0.1', '2025-05-05 23:30:06', '2025-05-05 23:30:06', NULL, NULL, 4, '2025-08-04', 0),
(1183, NULL, 0, NULL, '12:00:00', '13:00:00', NULL, NULL, 6, 13, 0, 1, 0, '127.0.0.1', '2025-05-05 23:30:06', '2025-05-05 23:30:06', NULL, NULL, 5, '2025-08-04', 0),
(1184, NULL, 0, NULL, '14:00:00', '16:00:00', NULL, NULL, 7, 13, 0, 1, 0, '127.0.0.1', '2025-05-05 23:30:06', '2025-05-05 23:30:06', NULL, NULL, 6, '2025-08-04', 0),
(1185, NULL, 0, NULL, '17:00:00', '18:00:00', NULL, NULL, 8, 13, 0, 1, 0, '127.0.0.1', '2025-05-05 23:30:06', '2025-05-05 23:30:06', NULL, NULL, 7, '2025-08-04', 0),
(1186, NULL, 0, NULL, '18:00:00', '19:00:00', NULL, NULL, 6, 13, 0, 1, 0, '127.0.0.1', '2025-05-05 23:30:06', '2025-05-05 23:30:06', NULL, NULL, 8, '2025-08-04', 0),
(1187, NULL, 0, NULL, '09:00:00', '10:00:00', NULL, NULL, 9, 15, 0, 1, 0, '127.0.0.1', '2025-05-05 23:30:06', '2025-05-05 23:30:06', NULL, NULL, 9, '2025-08-04', 0),
(1188, NULL, 0, NULL, '16:00:00', '17:00:00', NULL, NULL, 1, 1, 0, 1, 0, '127.0.0.1', '2025-05-06 23:30:06', '2025-05-06 23:30:06', NULL, NULL, 1, '2025-08-05', 0),
(1189, NULL, 0, NULL, '17:00:00', '18:00:00', NULL, NULL, 1, 1, 0, 1, 0, '127.0.0.1', '2025-05-06 23:30:06', '2025-05-06 23:30:06', NULL, NULL, 2, '2025-08-05', 0),
(1190, NULL, 0, NULL, '18:00:00', '19:00:00', NULL, NULL, 2, 1, 0, 1, 0, '127.0.0.1', '2025-05-06 23:30:06', '2025-05-06 23:30:06', NULL, NULL, 3, '2025-08-05', 0),
(1191, NULL, 0, NULL, '20:00:00', '21:00:00', NULL, NULL, 2, 1, 0, 1, 0, '127.0.0.1', '2025-05-06 23:30:06', '2025-05-06 23:30:06', NULL, NULL, 4, '2025-08-05', 0),
(1192, NULL, 0, NULL, '12:00:00', '13:00:00', NULL, NULL, 6, 13, 0, 1, 0, '127.0.0.1', '2025-05-06 23:30:06', '2025-05-06 23:30:06', NULL, NULL, 5, '2025-08-05', 0),
(1193, NULL, 0, NULL, '14:00:00', '16:00:00', NULL, NULL, 7, 13, 0, 1, 0, '127.0.0.1', '2025-05-06 23:30:06', '2025-05-06 23:30:06', NULL, NULL, 6, '2025-08-05', 0),
(1194, NULL, 0, NULL, '17:00:00', '18:00:00', NULL, NULL, 8, 13, 0, 1, 0, '127.0.0.1', '2025-05-06 23:30:06', '2025-05-06 23:30:06', NULL, NULL, 7, '2025-08-05', 0),
(1195, NULL, 0, NULL, '18:00:00', '19:00:00', NULL, NULL, 6, 13, 0, 1, 0, '127.0.0.1', '2025-05-06 23:30:06', '2025-05-06 23:30:06', NULL, NULL, 8, '2025-08-05', 0),
(1196, NULL, 0, NULL, '09:00:00', '10:00:00', NULL, NULL, 9, 15, 0, 1, 0, '127.0.0.1', '2025-05-06 23:30:06', '2025-05-06 23:30:06', NULL, NULL, 9, '2025-08-05', 0),
(1197, NULL, 0, NULL, '16:00:00', '17:00:00', NULL, NULL, 1, 1, 0, 1, 0, '127.0.0.1', '2025-05-07 23:30:05', '2025-05-07 23:30:05', NULL, NULL, 1, '2025-08-06', 0),
(1198, NULL, 0, NULL, '17:00:00', '18:00:00', NULL, NULL, 1, 1, 0, 1, 0, '127.0.0.1', '2025-05-07 23:30:05', '2025-05-07 23:30:05', NULL, NULL, 2, '2025-08-06', 0),
(1199, NULL, 0, NULL, '18:00:00', '19:00:00', NULL, NULL, 2, 1, 0, 1, 0, '127.0.0.1', '2025-05-07 23:30:05', '2025-05-07 23:30:05', NULL, NULL, 3, '2025-08-06', 0),
(1200, NULL, 0, NULL, '20:00:00', '21:00:00', NULL, NULL, 2, 1, 0, 1, 0, '127.0.0.1', '2025-05-07 23:30:05', '2025-05-07 23:30:05', NULL, NULL, 4, '2025-08-06', 0),
(1201, NULL, 0, NULL, '12:00:00', '13:00:00', NULL, NULL, 6, 13, 0, 1, 0, '127.0.0.1', '2025-05-07 23:30:05', '2025-05-07 23:30:05', NULL, NULL, 5, '2025-08-06', 0),
(1202, NULL, 0, NULL, '14:00:00', '16:00:00', NULL, NULL, 7, 13, 0, 1, 0, '127.0.0.1', '2025-05-07 23:30:05', '2025-05-07 23:30:05', NULL, NULL, 6, '2025-08-06', 0),
(1203, NULL, 0, NULL, '17:00:00', '18:00:00', NULL, NULL, 8, 13, 0, 1, 0, '127.0.0.1', '2025-05-07 23:30:05', '2025-05-07 23:30:05', NULL, NULL, 7, '2025-08-06', 0),
(1204, NULL, 0, NULL, '18:00:00', '19:00:00', NULL, NULL, 6, 13, 0, 1, 0, '127.0.0.1', '2025-05-07 23:30:05', '2025-05-07 23:30:05', NULL, NULL, 8, '2025-08-06', 0),
(1205, NULL, 0, NULL, '09:00:00', '10:00:00', NULL, NULL, 9, 15, 0, 1, 0, '127.0.0.1', '2025-05-07 23:30:05', '2025-05-07 23:30:05', NULL, NULL, 9, '2025-08-06', 0),
(1206, NULL, 0, NULL, '16:00:00', '17:00:00', NULL, NULL, 1, 1, 0, 1, 0, '127.0.0.1', '2025-05-08 23:30:06', '2025-05-08 23:30:06', NULL, NULL, 1, '2025-08-07', 0),
(1207, NULL, 0, NULL, '17:00:00', '18:00:00', NULL, NULL, 1, 1, 0, 1, 0, '127.0.0.1', '2025-05-08 23:30:06', '2025-05-08 23:30:06', NULL, NULL, 2, '2025-08-07', 0),
(1208, NULL, 0, NULL, '18:00:00', '19:00:00', NULL, NULL, 2, 1, 0, 1, 0, '127.0.0.1', '2025-05-08 23:30:06', '2025-05-08 23:30:06', NULL, NULL, 3, '2025-08-07', 0),
(1209, NULL, 0, NULL, '20:00:00', '21:00:00', NULL, NULL, 2, 1, 0, 1, 0, '127.0.0.1', '2025-05-08 23:30:06', '2025-05-08 23:30:06', NULL, NULL, 4, '2025-08-07', 0),
(1210, NULL, 0, NULL, '12:00:00', '13:00:00', NULL, NULL, 6, 13, 0, 1, 0, '127.0.0.1', '2025-05-08 23:30:06', '2025-05-08 23:30:06', NULL, NULL, 5, '2025-08-07', 0),
(1211, NULL, 0, NULL, '14:00:00', '16:00:00', NULL, NULL, 7, 13, 0, 1, 0, '127.0.0.1', '2025-05-08 23:30:06', '2025-05-08 23:30:06', NULL, NULL, 6, '2025-08-07', 0),
(1212, NULL, 0, NULL, '17:00:00', '18:00:00', NULL, NULL, 8, 13, 0, 1, 0, '127.0.0.1', '2025-05-08 23:30:06', '2025-05-08 23:30:06', NULL, NULL, 7, '2025-08-07', 0),
(1213, NULL, 0, NULL, '18:00:00', '19:00:00', NULL, NULL, 6, 13, 0, 1, 0, '127.0.0.1', '2025-05-08 23:30:06', '2025-05-08 23:30:06', NULL, NULL, 8, '2025-08-07', 0),
(1214, NULL, 0, NULL, '09:00:00', '10:00:00', NULL, NULL, 9, 15, 0, 1, 0, '127.0.0.1', '2025-05-08 23:30:06', '2025-05-08 23:30:06', NULL, NULL, 9, '2025-08-07', 0),
(1215, NULL, 0, NULL, '16:00:00', '17:00:00', NULL, NULL, 1, 1, 0, 1, 0, '127.0.0.1', '2025-05-09 23:30:06', '2025-05-09 23:30:06', NULL, NULL, 1, '2025-08-08', 0);
INSERT INTO `Schedule` (`Schedule_id`, `Customer_id`, `driver_id`, `status`, `fromtime`, `Totime`, `fromdate`, `Todate`, `car_id`, `SchoolId`, `package_order_id`, `iStatus`, `isDelete`, `strIP`, `created_at`, `updated_at`, `pickup_drop_point`, `day`, `Schedulemasterid`, `Schedule_date`, `attendance`) VALUES
(1216, NULL, 0, NULL, '17:00:00', '18:00:00', NULL, NULL, 1, 1, 0, 1, 0, '127.0.0.1', '2025-05-09 23:30:06', '2025-05-09 23:30:06', NULL, NULL, 2, '2025-08-08', 0),
(1217, NULL, 0, NULL, '18:00:00', '19:00:00', NULL, NULL, 2, 1, 0, 1, 0, '127.0.0.1', '2025-05-09 23:30:06', '2025-05-09 23:30:06', NULL, NULL, 3, '2025-08-08', 0),
(1218, NULL, 0, NULL, '20:00:00', '21:00:00', NULL, NULL, 2, 1, 0, 1, 0, '127.0.0.1', '2025-05-09 23:30:06', '2025-05-09 23:30:06', NULL, NULL, 4, '2025-08-08', 0),
(1219, NULL, 0, NULL, '12:00:00', '13:00:00', NULL, NULL, 6, 13, 0, 1, 0, '127.0.0.1', '2025-05-09 23:30:06', '2025-05-09 23:30:06', NULL, NULL, 5, '2025-08-08', 0),
(1220, NULL, 0, NULL, '14:00:00', '16:00:00', NULL, NULL, 7, 13, 0, 1, 0, '127.0.0.1', '2025-05-09 23:30:06', '2025-05-09 23:30:06', NULL, NULL, 6, '2025-08-08', 0),
(1221, NULL, 0, NULL, '17:00:00', '18:00:00', NULL, NULL, 8, 13, 0, 1, 0, '127.0.0.1', '2025-05-09 23:30:06', '2025-05-09 23:30:06', NULL, NULL, 7, '2025-08-08', 0),
(1222, NULL, 0, NULL, '18:00:00', '19:00:00', NULL, NULL, 6, 13, 0, 1, 0, '127.0.0.1', '2025-05-09 23:30:06', '2025-05-09 23:30:06', NULL, NULL, 8, '2025-08-08', 0),
(1223, NULL, 0, NULL, '09:00:00', '10:00:00', NULL, NULL, 9, 15, 0, 1, 0, '127.0.0.1', '2025-05-09 23:30:06', '2025-05-09 23:30:06', NULL, NULL, 9, '2025-08-08', 0),
(1224, NULL, 0, NULL, '16:00:00', '17:00:00', NULL, NULL, 1, 1, 0, 1, 0, '127.0.0.1', '2025-05-10 23:30:06', '2025-05-10 23:30:06', NULL, NULL, 1, '2025-08-09', 0),
(1225, NULL, 0, NULL, '17:00:00', '18:00:00', NULL, NULL, 1, 1, 0, 1, 0, '127.0.0.1', '2025-05-10 23:30:06', '2025-05-10 23:30:06', NULL, NULL, 2, '2025-08-09', 0),
(1226, NULL, 0, NULL, '18:00:00', '19:00:00', NULL, NULL, 2, 1, 0, 1, 0, '127.0.0.1', '2025-05-10 23:30:06', '2025-05-10 23:30:06', NULL, NULL, 3, '2025-08-09', 0),
(1227, NULL, 0, NULL, '20:00:00', '21:00:00', NULL, NULL, 2, 1, 0, 1, 0, '127.0.0.1', '2025-05-10 23:30:06', '2025-05-10 23:30:06', NULL, NULL, 4, '2025-08-09', 0),
(1228, NULL, 0, NULL, '12:00:00', '13:00:00', NULL, NULL, 6, 13, 0, 1, 0, '127.0.0.1', '2025-05-10 23:30:06', '2025-05-10 23:30:06', NULL, NULL, 5, '2025-08-09', 0),
(1229, NULL, 0, NULL, '14:00:00', '16:00:00', NULL, NULL, 7, 13, 0, 1, 0, '127.0.0.1', '2025-05-10 23:30:06', '2025-05-10 23:30:06', NULL, NULL, 6, '2025-08-09', 0),
(1230, NULL, 0, NULL, '17:00:00', '18:00:00', NULL, NULL, 8, 13, 0, 1, 0, '127.0.0.1', '2025-05-10 23:30:06', '2025-05-10 23:30:06', NULL, NULL, 7, '2025-08-09', 0),
(1231, NULL, 0, NULL, '18:00:00', '19:00:00', NULL, NULL, 6, 13, 0, 1, 0, '127.0.0.1', '2025-05-10 23:30:06', '2025-05-10 23:30:06', NULL, NULL, 8, '2025-08-09', 0),
(1232, NULL, 0, NULL, '09:00:00', '10:00:00', NULL, NULL, 9, 15, 0, 1, 0, '127.0.0.1', '2025-05-10 23:30:06', '2025-05-10 23:30:06', NULL, NULL, 9, '2025-08-09', 0),
(1233, NULL, 0, NULL, '16:00:00', '17:00:00', NULL, NULL, 1, 1, 0, 1, 0, '127.0.0.1', '2025-05-11 23:30:05', '2025-05-11 23:30:05', NULL, NULL, 1, '2025-08-10', 0),
(1234, NULL, 0, NULL, '17:00:00', '18:00:00', NULL, NULL, 1, 1, 0, 1, 0, '127.0.0.1', '2025-05-11 23:30:05', '2025-05-11 23:30:05', NULL, NULL, 2, '2025-08-10', 0),
(1235, NULL, 0, NULL, '18:00:00', '19:00:00', NULL, NULL, 2, 1, 0, 1, 0, '127.0.0.1', '2025-05-11 23:30:05', '2025-05-11 23:30:05', NULL, NULL, 3, '2025-08-10', 0),
(1236, NULL, 0, NULL, '20:00:00', '21:00:00', NULL, NULL, 2, 1, 0, 1, 0, '127.0.0.1', '2025-05-11 23:30:05', '2025-05-11 23:30:05', NULL, NULL, 4, '2025-08-10', 0),
(1237, NULL, 0, NULL, '12:00:00', '13:00:00', NULL, NULL, 6, 13, 0, 1, 0, '127.0.0.1', '2025-05-11 23:30:05', '2025-05-11 23:30:05', NULL, NULL, 5, '2025-08-10', 0),
(1238, NULL, 0, NULL, '14:00:00', '16:00:00', NULL, NULL, 7, 13, 0, 1, 0, '127.0.0.1', '2025-05-11 23:30:05', '2025-05-11 23:30:05', NULL, NULL, 6, '2025-08-10', 0),
(1239, NULL, 0, NULL, '17:00:00', '18:00:00', NULL, NULL, 8, 13, 0, 1, 0, '127.0.0.1', '2025-05-11 23:30:05', '2025-05-11 23:30:05', NULL, NULL, 7, '2025-08-10', 0),
(1240, NULL, 0, NULL, '18:00:00', '19:00:00', NULL, NULL, 6, 13, 0, 1, 0, '127.0.0.1', '2025-05-11 23:30:05', '2025-05-11 23:30:05', NULL, NULL, 8, '2025-08-10', 0),
(1241, NULL, 0, NULL, '09:00:00', '10:00:00', NULL, NULL, 9, 15, 0, 1, 0, '127.0.0.1', '2025-05-11 23:30:05', '2025-05-11 23:30:05', NULL, NULL, 9, '2025-08-10', 0),
(1242, NULL, 0, NULL, '16:00:00', '17:00:00', NULL, NULL, 1, 1, 0, 1, 0, '127.0.0.1', '2025-05-12 23:30:06', '2025-05-12 23:30:06', NULL, NULL, 1, '2025-08-11', 0),
(1243, NULL, 0, NULL, '17:00:00', '18:00:00', NULL, NULL, 1, 1, 0, 1, 0, '127.0.0.1', '2025-05-12 23:30:06', '2025-05-12 23:30:06', NULL, NULL, 2, '2025-08-11', 0),
(1244, NULL, 0, NULL, '18:00:00', '19:00:00', NULL, NULL, 2, 1, 0, 1, 0, '127.0.0.1', '2025-05-12 23:30:06', '2025-05-12 23:30:06', NULL, NULL, 3, '2025-08-11', 0),
(1245, NULL, 0, NULL, '20:00:00', '21:00:00', NULL, NULL, 2, 1, 0, 1, 0, '127.0.0.1', '2025-05-12 23:30:06', '2025-05-12 23:30:06', NULL, NULL, 4, '2025-08-11', 0),
(1246, NULL, 0, NULL, '12:00:00', '13:00:00', NULL, NULL, 6, 13, 0, 1, 0, '127.0.0.1', '2025-05-12 23:30:06', '2025-05-12 23:30:06', NULL, NULL, 5, '2025-08-11', 0),
(1247, NULL, 0, NULL, '14:00:00', '16:00:00', NULL, NULL, 7, 13, 0, 1, 0, '127.0.0.1', '2025-05-12 23:30:06', '2025-05-12 23:30:06', NULL, NULL, 6, '2025-08-11', 0),
(1248, NULL, 0, NULL, '17:00:00', '18:00:00', NULL, NULL, 8, 13, 0, 1, 0, '127.0.0.1', '2025-05-12 23:30:06', '2025-05-12 23:30:06', NULL, NULL, 7, '2025-08-11', 0),
(1249, NULL, 0, NULL, '18:00:00', '19:00:00', NULL, NULL, 6, 13, 0, 1, 0, '127.0.0.1', '2025-05-12 23:30:06', '2025-05-12 23:30:06', NULL, NULL, 8, '2025-08-11', 0),
(1250, NULL, 0, NULL, '09:00:00', '10:00:00', NULL, NULL, 9, 15, 0, 1, 0, '127.0.0.1', '2025-05-12 23:30:06', '2025-05-12 23:30:06', NULL, NULL, 9, '2025-08-11', 0),
(1251, NULL, 0, NULL, '16:00:00', '17:00:00', NULL, NULL, 1, 1, 0, 1, 0, '127.0.0.1', '2025-05-13 23:30:05', '2025-05-13 23:30:05', NULL, NULL, 1, '2025-08-12', 0),
(1252, NULL, 0, NULL, '17:00:00', '18:00:00', NULL, NULL, 1, 1, 0, 1, 0, '127.0.0.1', '2025-05-13 23:30:05', '2025-05-13 23:30:05', NULL, NULL, 2, '2025-08-12', 0),
(1253, NULL, 0, NULL, '18:00:00', '19:00:00', NULL, NULL, 2, 1, 0, 1, 0, '127.0.0.1', '2025-05-13 23:30:05', '2025-05-13 23:30:05', NULL, NULL, 3, '2025-08-12', 0),
(1254, NULL, 0, NULL, '20:00:00', '21:00:00', NULL, NULL, 2, 1, 0, 1, 0, '127.0.0.1', '2025-05-13 23:30:05', '2025-05-13 23:30:05', NULL, NULL, 4, '2025-08-12', 0),
(1255, NULL, 0, NULL, '12:00:00', '13:00:00', NULL, NULL, 6, 13, 0, 1, 0, '127.0.0.1', '2025-05-13 23:30:05', '2025-05-13 23:30:05', NULL, NULL, 5, '2025-08-12', 0),
(1256, NULL, 0, NULL, '14:00:00', '16:00:00', NULL, NULL, 7, 13, 0, 1, 0, '127.0.0.1', '2025-05-13 23:30:05', '2025-05-13 23:30:05', NULL, NULL, 6, '2025-08-12', 0),
(1257, NULL, 0, NULL, '17:00:00', '18:00:00', NULL, NULL, 8, 13, 0, 1, 0, '127.0.0.1', '2025-05-13 23:30:05', '2025-05-13 23:30:05', NULL, NULL, 7, '2025-08-12', 0),
(1258, NULL, 0, NULL, '18:00:00', '19:00:00', NULL, NULL, 6, 13, 0, 1, 0, '127.0.0.1', '2025-05-13 23:30:05', '2025-05-13 23:30:05', NULL, NULL, 8, '2025-08-12', 0),
(1259, NULL, 0, NULL, '09:00:00', '10:00:00', NULL, NULL, 9, 15, 0, 1, 0, '127.0.0.1', '2025-05-13 23:30:05', '2025-05-13 23:30:05', NULL, NULL, 9, '2025-08-12', 0),
(1260, NULL, 0, NULL, '16:00:00', '17:00:00', NULL, NULL, 1, 1, 0, 1, 0, '127.0.0.1', '2025-05-14 23:30:04', '2025-05-14 23:30:04', NULL, NULL, 1, '2025-08-13', 0),
(1261, NULL, 0, NULL, '17:00:00', '18:00:00', NULL, NULL, 1, 1, 0, 1, 0, '127.0.0.1', '2025-05-14 23:30:04', '2025-05-14 23:30:04', NULL, NULL, 2, '2025-08-13', 0),
(1262, NULL, 0, NULL, '18:00:00', '19:00:00', NULL, NULL, 2, 1, 0, 1, 0, '127.0.0.1', '2025-05-14 23:30:04', '2025-05-14 23:30:04', NULL, NULL, 3, '2025-08-13', 0),
(1263, NULL, 0, NULL, '20:00:00', '21:00:00', NULL, NULL, 2, 1, 0, 1, 0, '127.0.0.1', '2025-05-14 23:30:04', '2025-05-14 23:30:04', NULL, NULL, 4, '2025-08-13', 0),
(1264, NULL, 0, NULL, '12:00:00', '13:00:00', NULL, NULL, 6, 13, 0, 1, 0, '127.0.0.1', '2025-05-14 23:30:04', '2025-05-14 23:30:04', NULL, NULL, 5, '2025-08-13', 0),
(1265, NULL, 0, NULL, '14:00:00', '16:00:00', NULL, NULL, 7, 13, 0, 1, 0, '127.0.0.1', '2025-05-14 23:30:04', '2025-05-14 23:30:04', NULL, NULL, 6, '2025-08-13', 0),
(1266, NULL, 0, NULL, '17:00:00', '18:00:00', NULL, NULL, 8, 13, 0, 1, 0, '127.0.0.1', '2025-05-14 23:30:04', '2025-05-14 23:30:04', NULL, NULL, 7, '2025-08-13', 0),
(1267, NULL, 0, NULL, '18:00:00', '19:00:00', NULL, NULL, 6, 13, 0, 1, 0, '127.0.0.1', '2025-05-14 23:30:04', '2025-05-14 23:30:04', NULL, NULL, 8, '2025-08-13', 0),
(1268, NULL, 0, NULL, '09:00:00', '10:00:00', NULL, NULL, 9, 15, 0, 1, 0, '127.0.0.1', '2025-05-14 23:30:04', '2025-05-14 23:30:04', NULL, NULL, 9, '2025-08-13', 0),
(1269, NULL, 0, NULL, '16:00:00', '17:00:00', NULL, NULL, 1, 1, 0, 1, 0, '127.0.0.1', '2025-05-15 23:30:06', '2025-05-15 23:30:06', NULL, NULL, 1, '2025-08-14', 0),
(1270, NULL, 0, NULL, '17:00:00', '18:00:00', NULL, NULL, 1, 1, 0, 1, 0, '127.0.0.1', '2025-05-15 23:30:06', '2025-05-15 23:30:06', NULL, NULL, 2, '2025-08-14', 0),
(1271, NULL, 0, NULL, '18:00:00', '19:00:00', NULL, NULL, 2, 1, 0, 1, 0, '127.0.0.1', '2025-05-15 23:30:06', '2025-05-15 23:30:06', NULL, NULL, 3, '2025-08-14', 0),
(1272, NULL, 0, NULL, '20:00:00', '21:00:00', NULL, NULL, 2, 1, 0, 1, 0, '127.0.0.1', '2025-05-15 23:30:06', '2025-05-15 23:30:06', NULL, NULL, 4, '2025-08-14', 0),
(1273, NULL, 0, NULL, '12:00:00', '13:00:00', NULL, NULL, 6, 13, 0, 1, 0, '127.0.0.1', '2025-05-15 23:30:06', '2025-05-15 23:30:06', NULL, NULL, 5, '2025-08-14', 0),
(1274, NULL, 0, NULL, '14:00:00', '16:00:00', NULL, NULL, 7, 13, 0, 1, 0, '127.0.0.1', '2025-05-15 23:30:06', '2025-05-15 23:30:06', NULL, NULL, 6, '2025-08-14', 0),
(1275, NULL, 0, NULL, '17:00:00', '18:00:00', NULL, NULL, 8, 13, 0, 1, 0, '127.0.0.1', '2025-05-15 23:30:06', '2025-05-15 23:30:06', NULL, NULL, 7, '2025-08-14', 0),
(1276, NULL, 0, NULL, '18:00:00', '19:00:00', NULL, NULL, 6, 13, 0, 1, 0, '127.0.0.1', '2025-05-15 23:30:06', '2025-05-15 23:30:06', NULL, NULL, 8, '2025-08-14', 0),
(1277, NULL, 0, NULL, '09:00:00', '10:00:00', NULL, NULL, 9, 15, 0, 1, 0, '127.0.0.1', '2025-05-15 23:30:06', '2025-05-15 23:30:06', NULL, NULL, 9, '2025-08-14', 0),
(1278, NULL, 0, NULL, '16:00:00', '17:00:00', NULL, NULL, 1, 1, 0, 1, 0, '127.0.0.1', '2025-05-16 23:30:06', '2025-05-16 23:30:06', NULL, NULL, 1, '2025-08-15', 0),
(1279, NULL, 0, NULL, '17:00:00', '18:00:00', NULL, NULL, 1, 1, 0, 1, 0, '127.0.0.1', '2025-05-16 23:30:06', '2025-05-16 23:30:06', NULL, NULL, 2, '2025-08-15', 0),
(1280, NULL, 0, NULL, '18:00:00', '19:00:00', NULL, NULL, 2, 1, 0, 1, 0, '127.0.0.1', '2025-05-16 23:30:06', '2025-05-16 23:30:06', NULL, NULL, 3, '2025-08-15', 0),
(1281, NULL, 0, NULL, '20:00:00', '21:00:00', NULL, NULL, 2, 1, 0, 1, 0, '127.0.0.1', '2025-05-16 23:30:06', '2025-05-16 23:30:06', NULL, NULL, 4, '2025-08-15', 0),
(1282, NULL, 0, NULL, '12:00:00', '13:00:00', NULL, NULL, 6, 13, 0, 1, 0, '127.0.0.1', '2025-05-16 23:30:06', '2025-05-16 23:30:06', NULL, NULL, 5, '2025-08-15', 0),
(1283, NULL, 0, NULL, '14:00:00', '16:00:00', NULL, NULL, 7, 13, 0, 1, 0, '127.0.0.1', '2025-05-16 23:30:06', '2025-05-16 23:30:06', NULL, NULL, 6, '2025-08-15', 0),
(1284, NULL, 0, NULL, '17:00:00', '18:00:00', NULL, NULL, 8, 13, 0, 1, 0, '127.0.0.1', '2025-05-16 23:30:06', '2025-05-16 23:30:06', NULL, NULL, 7, '2025-08-15', 0),
(1285, NULL, 0, NULL, '18:00:00', '19:00:00', NULL, NULL, 6, 13, 0, 1, 0, '127.0.0.1', '2025-05-16 23:30:06', '2025-05-16 23:30:06', NULL, NULL, 8, '2025-08-15', 0),
(1286, NULL, 0, NULL, '09:00:00', '10:00:00', NULL, NULL, 9, 15, 0, 1, 0, '127.0.0.1', '2025-05-16 23:30:06', '2025-05-16 23:30:06', NULL, NULL, 9, '2025-08-15', 0),
(1287, NULL, 0, NULL, '16:00:00', '17:00:00', NULL, NULL, 1, 1, 0, 1, 0, '127.0.0.1', '2025-05-17 23:30:06', '2025-05-17 23:30:06', NULL, NULL, 1, '2025-08-16', 0),
(1288, NULL, 0, NULL, '17:00:00', '18:00:00', NULL, NULL, 1, 1, 0, 1, 0, '127.0.0.1', '2025-05-17 23:30:06', '2025-05-17 23:30:06', NULL, NULL, 2, '2025-08-16', 0),
(1289, NULL, 0, NULL, '18:00:00', '19:00:00', NULL, NULL, 2, 1, 0, 1, 0, '127.0.0.1', '2025-05-17 23:30:06', '2025-05-17 23:30:06', NULL, NULL, 3, '2025-08-16', 0),
(1290, NULL, 0, NULL, '20:00:00', '21:00:00', NULL, NULL, 2, 1, 0, 1, 0, '127.0.0.1', '2025-05-17 23:30:06', '2025-05-17 23:30:06', NULL, NULL, 4, '2025-08-16', 0),
(1291, NULL, 0, NULL, '12:00:00', '13:00:00', NULL, NULL, 6, 13, 0, 1, 0, '127.0.0.1', '2025-05-17 23:30:06', '2025-05-17 23:30:06', NULL, NULL, 5, '2025-08-16', 0),
(1292, NULL, 0, NULL, '14:00:00', '16:00:00', NULL, NULL, 7, 13, 0, 1, 0, '127.0.0.1', '2025-05-17 23:30:06', '2025-05-17 23:30:06', NULL, NULL, 6, '2025-08-16', 0),
(1293, NULL, 0, NULL, '17:00:00', '18:00:00', NULL, NULL, 8, 13, 0, 1, 0, '127.0.0.1', '2025-05-17 23:30:06', '2025-05-17 23:30:06', NULL, NULL, 7, '2025-08-16', 0),
(1294, NULL, 0, NULL, '18:00:00', '19:00:00', NULL, NULL, 6, 13, 0, 1, 0, '127.0.0.1', '2025-05-17 23:30:06', '2025-05-17 23:30:06', NULL, NULL, 8, '2025-08-16', 0),
(1295, NULL, 0, NULL, '09:00:00', '10:00:00', NULL, NULL, 9, 15, 0, 1, 0, '127.0.0.1', '2025-05-17 23:30:06', '2025-05-17 23:30:06', NULL, NULL, 9, '2025-08-16', 0),
(1296, NULL, 0, NULL, '16:00:00', '17:00:00', NULL, NULL, 1, 1, 0, 1, 0, '127.0.0.1', '2025-05-18 23:30:06', '2025-05-18 23:30:06', NULL, NULL, 1, '2025-08-17', 0),
(1297, NULL, 0, NULL, '17:00:00', '18:00:00', NULL, NULL, 1, 1, 0, 1, 0, '127.0.0.1', '2025-05-18 23:30:06', '2025-05-18 23:30:06', NULL, NULL, 2, '2025-08-17', 0),
(1298, NULL, 0, NULL, '18:00:00', '19:00:00', NULL, NULL, 2, 1, 0, 1, 0, '127.0.0.1', '2025-05-18 23:30:06', '2025-05-18 23:30:06', NULL, NULL, 3, '2025-08-17', 0),
(1299, NULL, 0, NULL, '20:00:00', '21:00:00', NULL, NULL, 2, 1, 0, 1, 0, '127.0.0.1', '2025-05-18 23:30:06', '2025-05-18 23:30:06', NULL, NULL, 4, '2025-08-17', 0),
(1300, NULL, 0, NULL, '12:00:00', '13:00:00', NULL, NULL, 6, 13, 0, 1, 0, '127.0.0.1', '2025-05-18 23:30:06', '2025-05-18 23:30:06', NULL, NULL, 5, '2025-08-17', 0),
(1301, NULL, 0, NULL, '14:00:00', '16:00:00', NULL, NULL, 7, 13, 0, 1, 0, '127.0.0.1', '2025-05-18 23:30:06', '2025-05-18 23:30:06', NULL, NULL, 6, '2025-08-17', 0),
(1302, NULL, 0, NULL, '17:00:00', '18:00:00', NULL, NULL, 8, 13, 0, 1, 0, '127.0.0.1', '2025-05-18 23:30:06', '2025-05-18 23:30:06', NULL, NULL, 7, '2025-08-17', 0),
(1303, NULL, 0, NULL, '18:00:00', '19:00:00', NULL, NULL, 6, 13, 0, 1, 0, '127.0.0.1', '2025-05-18 23:30:06', '2025-05-18 23:30:06', NULL, NULL, 8, '2025-08-17', 0),
(1304, NULL, 0, NULL, '09:00:00', '10:00:00', NULL, NULL, 9, 15, 0, 1, 0, '127.0.0.1', '2025-05-18 23:30:06', '2025-05-18 23:30:06', NULL, NULL, 9, '2025-08-17', 0),
(1305, NULL, 0, NULL, '16:00:00', '17:00:00', NULL, NULL, 1, 1, 0, 1, 0, '127.0.0.1', '2025-05-19 23:30:05', '2025-05-19 23:30:05', NULL, NULL, 1, '2025-08-18', 0),
(1306, NULL, 0, NULL, '17:00:00', '18:00:00', NULL, NULL, 1, 1, 0, 1, 0, '127.0.0.1', '2025-05-19 23:30:05', '2025-05-19 23:30:05', NULL, NULL, 2, '2025-08-18', 0),
(1307, NULL, 0, NULL, '18:00:00', '19:00:00', NULL, NULL, 2, 1, 0, 1, 0, '127.0.0.1', '2025-05-19 23:30:05', '2025-05-19 23:30:05', NULL, NULL, 3, '2025-08-18', 0),
(1308, NULL, 0, NULL, '20:00:00', '21:00:00', NULL, NULL, 2, 1, 0, 1, 0, '127.0.0.1', '2025-05-19 23:30:05', '2025-05-19 23:30:05', NULL, NULL, 4, '2025-08-18', 0),
(1309, NULL, 0, NULL, '12:00:00', '13:00:00', NULL, NULL, 6, 13, 0, 1, 0, '127.0.0.1', '2025-05-19 23:30:05', '2025-05-19 23:30:05', NULL, NULL, 5, '2025-08-18', 0),
(1310, NULL, 0, NULL, '14:00:00', '16:00:00', NULL, NULL, 7, 13, 0, 1, 0, '127.0.0.1', '2025-05-19 23:30:05', '2025-05-19 23:30:05', NULL, NULL, 6, '2025-08-18', 0),
(1311, NULL, 0, NULL, '17:00:00', '18:00:00', NULL, NULL, 8, 13, 0, 1, 0, '127.0.0.1', '2025-05-19 23:30:05', '2025-05-19 23:30:05', NULL, NULL, 7, '2025-08-18', 0),
(1312, NULL, 0, NULL, '18:00:00', '19:00:00', NULL, NULL, 6, 13, 0, 1, 0, '127.0.0.1', '2025-05-19 23:30:05', '2025-05-19 23:30:05', NULL, NULL, 8, '2025-08-18', 0),
(1313, NULL, 0, NULL, '09:00:00', '10:00:00', NULL, NULL, 9, 15, 0, 1, 0, '127.0.0.1', '2025-05-19 23:30:05', '2025-05-19 23:30:05', NULL, NULL, 9, '2025-08-18', 0),
(1314, NULL, 0, NULL, '16:00:00', '17:00:00', NULL, NULL, 1, 1, 0, 1, 0, '127.0.0.1', '2025-05-20 23:30:06', '2025-05-20 23:30:06', NULL, NULL, 1, '2025-08-19', 0),
(1315, NULL, 0, NULL, '17:00:00', '18:00:00', NULL, NULL, 1, 1, 0, 1, 0, '127.0.0.1', '2025-05-20 23:30:06', '2025-05-20 23:30:06', NULL, NULL, 2, '2025-08-19', 0),
(1316, NULL, 0, NULL, '18:00:00', '19:00:00', NULL, NULL, 2, 1, 0, 1, 0, '127.0.0.1', '2025-05-20 23:30:06', '2025-05-20 23:30:06', NULL, NULL, 3, '2025-08-19', 0),
(1317, NULL, 0, NULL, '20:00:00', '21:00:00', NULL, NULL, 2, 1, 0, 1, 0, '127.0.0.1', '2025-05-20 23:30:06', '2025-05-20 23:30:06', NULL, NULL, 4, '2025-08-19', 0),
(1318, NULL, 0, NULL, '12:00:00', '13:00:00', NULL, NULL, 6, 13, 0, 1, 0, '127.0.0.1', '2025-05-20 23:30:06', '2025-05-20 23:30:06', NULL, NULL, 5, '2025-08-19', 0),
(1319, NULL, 0, NULL, '14:00:00', '16:00:00', NULL, NULL, 7, 13, 0, 1, 0, '127.0.0.1', '2025-05-20 23:30:06', '2025-05-20 23:30:06', NULL, NULL, 6, '2025-08-19', 0),
(1320, NULL, 0, NULL, '17:00:00', '18:00:00', NULL, NULL, 8, 13, 0, 1, 0, '127.0.0.1', '2025-05-20 23:30:06', '2025-05-20 23:30:06', NULL, NULL, 7, '2025-08-19', 0),
(1321, NULL, 0, NULL, '18:00:00', '19:00:00', NULL, NULL, 6, 13, 0, 1, 0, '127.0.0.1', '2025-05-20 23:30:06', '2025-05-20 23:30:06', NULL, NULL, 8, '2025-08-19', 0),
(1322, NULL, 0, NULL, '09:00:00', '10:00:00', NULL, NULL, 9, 15, 0, 1, 0, '127.0.0.1', '2025-05-20 23:30:06', '2025-05-20 23:30:06', NULL, NULL, 9, '2025-08-19', 0),
(1323, NULL, 0, NULL, '16:00:00', '17:00:00', NULL, NULL, 1, 1, 0, 1, 0, '127.0.0.1', '2025-05-21 23:30:06', '2025-05-21 23:30:06', NULL, NULL, 1, '2025-08-20', 0),
(1324, NULL, 0, NULL, '17:00:00', '18:00:00', NULL, NULL, 1, 1, 0, 1, 0, '127.0.0.1', '2025-05-21 23:30:06', '2025-05-21 23:30:06', NULL, NULL, 2, '2025-08-20', 0),
(1325, NULL, 0, NULL, '18:00:00', '19:00:00', NULL, NULL, 2, 1, 0, 1, 0, '127.0.0.1', '2025-05-21 23:30:06', '2025-05-21 23:30:06', NULL, NULL, 3, '2025-08-20', 0),
(1326, NULL, 0, NULL, '20:00:00', '21:00:00', NULL, NULL, 2, 1, 0, 1, 0, '127.0.0.1', '2025-05-21 23:30:06', '2025-05-21 23:30:06', NULL, NULL, 4, '2025-08-20', 0),
(1327, NULL, 0, NULL, '12:00:00', '13:00:00', NULL, NULL, 6, 13, 0, 1, 0, '127.0.0.1', '2025-05-21 23:30:06', '2025-05-21 23:30:06', NULL, NULL, 5, '2025-08-20', 0),
(1328, NULL, 0, NULL, '14:00:00', '16:00:00', NULL, NULL, 7, 13, 0, 1, 0, '127.0.0.1', '2025-05-21 23:30:06', '2025-05-21 23:30:06', NULL, NULL, 6, '2025-08-20', 0),
(1329, NULL, 0, NULL, '17:00:00', '18:00:00', NULL, NULL, 8, 13, 0, 1, 0, '127.0.0.1', '2025-05-21 23:30:06', '2025-05-21 23:30:06', NULL, NULL, 7, '2025-08-20', 0),
(1330, NULL, 0, NULL, '18:00:00', '19:00:00', NULL, NULL, 6, 13, 0, 1, 0, '127.0.0.1', '2025-05-21 23:30:06', '2025-05-21 23:30:06', NULL, NULL, 8, '2025-08-20', 0),
(1331, NULL, 0, NULL, '09:00:00', '10:00:00', NULL, NULL, 9, 15, 0, 1, 0, '127.0.0.1', '2025-05-21 23:30:06', '2025-05-21 23:30:06', NULL, NULL, 9, '2025-08-20', 0),
(1332, NULL, 0, NULL, '16:00:00', '17:00:00', NULL, NULL, 1, 1, 0, 1, 0, '127.0.0.1', '2025-05-22 23:30:06', '2025-05-22 23:30:06', NULL, NULL, 1, '2025-08-21', 0),
(1333, NULL, 0, NULL, '17:00:00', '18:00:00', NULL, NULL, 1, 1, 0, 1, 0, '127.0.0.1', '2025-05-22 23:30:06', '2025-05-22 23:30:06', NULL, NULL, 2, '2025-08-21', 0),
(1334, NULL, 0, NULL, '18:00:00', '19:00:00', NULL, NULL, 2, 1, 0, 1, 0, '127.0.0.1', '2025-05-22 23:30:06', '2025-05-22 23:30:06', NULL, NULL, 3, '2025-08-21', 0),
(1335, NULL, 0, NULL, '20:00:00', '21:00:00', NULL, NULL, 2, 1, 0, 1, 0, '127.0.0.1', '2025-05-22 23:30:06', '2025-05-22 23:30:06', NULL, NULL, 4, '2025-08-21', 0),
(1336, NULL, 0, NULL, '12:00:00', '13:00:00', NULL, NULL, 6, 13, 0, 1, 0, '127.0.0.1', '2025-05-22 23:30:06', '2025-05-22 23:30:06', NULL, NULL, 5, '2025-08-21', 0),
(1337, NULL, 0, NULL, '14:00:00', '16:00:00', NULL, NULL, 7, 13, 0, 1, 0, '127.0.0.1', '2025-05-22 23:30:06', '2025-05-22 23:30:06', NULL, NULL, 6, '2025-08-21', 0),
(1338, NULL, 0, NULL, '17:00:00', '18:00:00', NULL, NULL, 8, 13, 0, 1, 0, '127.0.0.1', '2025-05-22 23:30:06', '2025-05-22 23:30:06', NULL, NULL, 7, '2025-08-21', 0),
(1339, NULL, 0, NULL, '18:00:00', '19:00:00', NULL, NULL, 6, 13, 0, 1, 0, '127.0.0.1', '2025-05-22 23:30:06', '2025-05-22 23:30:06', NULL, NULL, 8, '2025-08-21', 0),
(1340, NULL, 0, NULL, '09:00:00', '10:00:00', NULL, NULL, 9, 15, 0, 1, 0, '127.0.0.1', '2025-05-22 23:30:06', '2025-05-22 23:30:06', NULL, NULL, 9, '2025-08-21', 0),
(1341, NULL, 0, NULL, '16:00:00', '17:00:00', NULL, NULL, 1, 1, 0, 1, 0, '127.0.0.1', '2025-05-23 23:30:06', '2025-05-23 23:30:06', NULL, NULL, 1, '2025-08-22', 0),
(1342, NULL, 0, NULL, '17:00:00', '18:00:00', NULL, NULL, 1, 1, 0, 1, 0, '127.0.0.1', '2025-05-23 23:30:06', '2025-05-23 23:30:06', NULL, NULL, 2, '2025-08-22', 0),
(1343, NULL, 0, NULL, '18:00:00', '19:00:00', NULL, NULL, 2, 1, 0, 1, 0, '127.0.0.1', '2025-05-23 23:30:06', '2025-05-23 23:30:06', NULL, NULL, 3, '2025-08-22', 0),
(1344, NULL, 0, NULL, '20:00:00', '21:00:00', NULL, NULL, 2, 1, 0, 1, 0, '127.0.0.1', '2025-05-23 23:30:06', '2025-05-23 23:30:06', NULL, NULL, 4, '2025-08-22', 0),
(1345, NULL, 0, NULL, '12:00:00', '13:00:00', NULL, NULL, 6, 13, 0, 1, 0, '127.0.0.1', '2025-05-23 23:30:06', '2025-05-23 23:30:06', NULL, NULL, 5, '2025-08-22', 0),
(1346, NULL, 0, NULL, '14:00:00', '16:00:00', NULL, NULL, 7, 13, 0, 1, 0, '127.0.0.1', '2025-05-23 23:30:06', '2025-05-23 23:30:06', NULL, NULL, 6, '2025-08-22', 0),
(1347, NULL, 0, NULL, '17:00:00', '18:00:00', NULL, NULL, 8, 13, 0, 1, 0, '127.0.0.1', '2025-05-23 23:30:06', '2025-05-23 23:30:06', NULL, NULL, 7, '2025-08-22', 0),
(1348, NULL, 0, NULL, '18:00:00', '19:00:00', NULL, NULL, 6, 13, 0, 1, 0, '127.0.0.1', '2025-05-23 23:30:06', '2025-05-23 23:30:06', NULL, NULL, 8, '2025-08-22', 0),
(1349, NULL, 0, NULL, '09:00:00', '10:00:00', NULL, NULL, 9, 15, 0, 1, 0, '127.0.0.1', '2025-05-23 23:30:06', '2025-05-23 23:30:06', NULL, NULL, 9, '2025-08-22', 0),
(1350, NULL, 0, NULL, '16:00:00', '17:00:00', NULL, NULL, 1, 1, 0, 1, 0, '127.0.0.1', '2025-05-24 23:30:05', '2025-05-24 23:30:05', NULL, NULL, 1, '2025-08-23', 0),
(1351, NULL, 0, NULL, '17:00:00', '18:00:00', NULL, NULL, 1, 1, 0, 1, 0, '127.0.0.1', '2025-05-24 23:30:05', '2025-05-24 23:30:05', NULL, NULL, 2, '2025-08-23', 0),
(1352, NULL, 0, NULL, '18:00:00', '19:00:00', NULL, NULL, 2, 1, 0, 1, 0, '127.0.0.1', '2025-05-24 23:30:05', '2025-05-24 23:30:05', NULL, NULL, 3, '2025-08-23', 0),
(1353, NULL, 0, NULL, '20:00:00', '21:00:00', NULL, NULL, 2, 1, 0, 1, 0, '127.0.0.1', '2025-05-24 23:30:05', '2025-05-24 23:30:05', NULL, NULL, 4, '2025-08-23', 0),
(1354, NULL, 0, NULL, '12:00:00', '13:00:00', NULL, NULL, 6, 13, 0, 1, 0, '127.0.0.1', '2025-05-24 23:30:05', '2025-05-24 23:30:05', NULL, NULL, 5, '2025-08-23', 0),
(1355, NULL, 0, NULL, '14:00:00', '16:00:00', NULL, NULL, 7, 13, 0, 1, 0, '127.0.0.1', '2025-05-24 23:30:05', '2025-05-24 23:30:05', NULL, NULL, 6, '2025-08-23', 0),
(1356, NULL, 0, NULL, '17:00:00', '18:00:00', NULL, NULL, 8, 13, 0, 1, 0, '127.0.0.1', '2025-05-24 23:30:05', '2025-05-24 23:30:05', NULL, NULL, 7, '2025-08-23', 0),
(1357, NULL, 0, NULL, '18:00:00', '19:00:00', NULL, NULL, 6, 13, 0, 1, 0, '127.0.0.1', '2025-05-24 23:30:05', '2025-05-24 23:30:05', NULL, NULL, 8, '2025-08-23', 0),
(1358, NULL, 0, NULL, '09:00:00', '10:00:00', NULL, NULL, 9, 15, 0, 1, 0, '127.0.0.1', '2025-05-24 23:30:05', '2025-05-24 23:30:05', NULL, NULL, 9, '2025-08-23', 0),
(1359, NULL, 0, NULL, '16:00:00', '17:00:00', NULL, NULL, 1, 1, 0, 1, 0, '127.0.0.1', '2025-05-25 23:30:06', '2025-05-25 23:30:06', NULL, NULL, 1, '2025-08-24', 0),
(1360, NULL, 0, NULL, '17:00:00', '18:00:00', NULL, NULL, 1, 1, 0, 1, 0, '127.0.0.1', '2025-05-25 23:30:06', '2025-05-25 23:30:06', NULL, NULL, 2, '2025-08-24', 0),
(1361, NULL, 0, NULL, '18:00:00', '19:00:00', NULL, NULL, 2, 1, 0, 1, 0, '127.0.0.1', '2025-05-25 23:30:06', '2025-05-25 23:30:06', NULL, NULL, 3, '2025-08-24', 0),
(1362, NULL, 0, NULL, '20:00:00', '21:00:00', NULL, NULL, 2, 1, 0, 1, 0, '127.0.0.1', '2025-05-25 23:30:06', '2025-05-25 23:30:06', NULL, NULL, 4, '2025-08-24', 0),
(1363, NULL, 0, NULL, '12:00:00', '13:00:00', NULL, NULL, 6, 13, 0, 1, 0, '127.0.0.1', '2025-05-25 23:30:06', '2025-05-25 23:30:06', NULL, NULL, 5, '2025-08-24', 0),
(1364, NULL, 0, NULL, '14:00:00', '16:00:00', NULL, NULL, 7, 13, 0, 1, 0, '127.0.0.1', '2025-05-25 23:30:06', '2025-05-25 23:30:06', NULL, NULL, 6, '2025-08-24', 0),
(1365, NULL, 0, NULL, '17:00:00', '18:00:00', NULL, NULL, 8, 13, 0, 1, 0, '127.0.0.1', '2025-05-25 23:30:06', '2025-05-25 23:30:06', NULL, NULL, 7, '2025-08-24', 0),
(1366, NULL, 0, NULL, '18:00:00', '19:00:00', NULL, NULL, 6, 13, 0, 1, 0, '127.0.0.1', '2025-05-25 23:30:06', '2025-05-25 23:30:06', NULL, NULL, 8, '2025-08-24', 0),
(1367, NULL, 0, NULL, '09:00:00', '10:00:00', NULL, NULL, 9, 15, 0, 1, 0, '127.0.0.1', '2025-05-25 23:30:06', '2025-05-25 23:30:06', NULL, NULL, 9, '2025-08-24', 0),
(1368, NULL, 0, NULL, '16:00:00', '17:00:00', NULL, NULL, 1, 1, 0, 1, 0, '127.0.0.1', '2025-05-26 23:30:07', '2025-05-26 23:30:07', NULL, NULL, 1, '2025-08-25', 0),
(1369, NULL, 0, NULL, '17:00:00', '18:00:00', NULL, NULL, 1, 1, 0, 1, 0, '127.0.0.1', '2025-05-26 23:30:07', '2025-05-26 23:30:07', NULL, NULL, 2, '2025-08-25', 0),
(1370, NULL, 0, NULL, '18:00:00', '19:00:00', NULL, NULL, 2, 1, 0, 1, 0, '127.0.0.1', '2025-05-26 23:30:07', '2025-05-26 23:30:07', NULL, NULL, 3, '2025-08-25', 0),
(1371, NULL, 0, NULL, '20:00:00', '21:00:00', NULL, NULL, 2, 1, 0, 1, 0, '127.0.0.1', '2025-05-26 23:30:07', '2025-05-26 23:30:07', NULL, NULL, 4, '2025-08-25', 0),
(1372, NULL, 0, NULL, '12:00:00', '13:00:00', NULL, NULL, 6, 13, 0, 1, 0, '127.0.0.1', '2025-05-26 23:30:07', '2025-05-26 23:30:07', NULL, NULL, 5, '2025-08-25', 0),
(1373, NULL, 0, NULL, '14:00:00', '16:00:00', NULL, NULL, 7, 13, 0, 1, 0, '127.0.0.1', '2025-05-26 23:30:07', '2025-05-26 23:30:07', NULL, NULL, 6, '2025-08-25', 0),
(1374, NULL, 0, NULL, '17:00:00', '18:00:00', NULL, NULL, 8, 13, 0, 1, 0, '127.0.0.1', '2025-05-26 23:30:07', '2025-05-26 23:30:07', NULL, NULL, 7, '2025-08-25', 0),
(1375, NULL, 0, NULL, '18:00:00', '19:00:00', NULL, NULL, 6, 13, 0, 1, 0, '127.0.0.1', '2025-05-26 23:30:07', '2025-05-26 23:30:07', NULL, NULL, 8, '2025-08-25', 0),
(1376, NULL, 0, NULL, '09:00:00', '10:00:00', NULL, NULL, 9, 15, 0, 1, 0, '127.0.0.1', '2025-05-26 23:30:07', '2025-05-26 23:30:07', NULL, NULL, 9, '2025-08-25', 0),
(1377, NULL, 0, NULL, '16:00:00', '17:00:00', NULL, NULL, 1, 1, 0, 1, 0, '127.0.0.1', '2025-05-27 23:30:06', '2025-05-27 23:30:06', NULL, NULL, 1, '2025-08-26', 0),
(1378, NULL, 0, NULL, '17:00:00', '18:00:00', NULL, NULL, 1, 1, 0, 1, 0, '127.0.0.1', '2025-05-27 23:30:06', '2025-05-27 23:30:06', NULL, NULL, 2, '2025-08-26', 0),
(1379, NULL, 0, NULL, '18:00:00', '19:00:00', NULL, NULL, 2, 1, 0, 1, 0, '127.0.0.1', '2025-05-27 23:30:06', '2025-05-27 23:30:06', NULL, NULL, 3, '2025-08-26', 0),
(1380, NULL, 0, NULL, '20:00:00', '21:00:00', NULL, NULL, 2, 1, 0, 1, 0, '127.0.0.1', '2025-05-27 23:30:06', '2025-05-27 23:30:06', NULL, NULL, 4, '2025-08-26', 0),
(1381, NULL, 0, NULL, '12:00:00', '13:00:00', NULL, NULL, 6, 13, 0, 1, 0, '127.0.0.1', '2025-05-27 23:30:06', '2025-05-27 23:30:06', NULL, NULL, 5, '2025-08-26', 0),
(1382, NULL, 0, NULL, '14:00:00', '16:00:00', NULL, NULL, 7, 13, 0, 1, 0, '127.0.0.1', '2025-05-27 23:30:06', '2025-05-27 23:30:06', NULL, NULL, 6, '2025-08-26', 0),
(1383, NULL, 0, NULL, '17:00:00', '18:00:00', NULL, NULL, 8, 13, 0, 1, 0, '127.0.0.1', '2025-05-27 23:30:06', '2025-05-27 23:30:06', NULL, NULL, 7, '2025-08-26', 0),
(1384, NULL, 0, NULL, '18:00:00', '19:00:00', NULL, NULL, 6, 13, 0, 1, 0, '127.0.0.1', '2025-05-27 23:30:06', '2025-05-27 23:30:06', NULL, NULL, 8, '2025-08-26', 0),
(1385, NULL, 0, NULL, '09:00:00', '10:00:00', NULL, NULL, 9, 15, 0, 1, 0, '127.0.0.1', '2025-05-27 23:30:06', '2025-05-27 23:30:06', NULL, NULL, 9, '2025-08-26', 0),
(1386, NULL, 0, NULL, '16:00:00', '17:00:00', NULL, NULL, 1, 1, 0, 1, 0, '127.0.0.1', '2025-05-28 23:30:06', '2025-05-28 23:30:06', NULL, NULL, 1, '2025-08-27', 0),
(1387, NULL, 0, NULL, '17:00:00', '18:00:00', NULL, NULL, 1, 1, 0, 1, 0, '127.0.0.1', '2025-05-28 23:30:06', '2025-05-28 23:30:06', NULL, NULL, 2, '2025-08-27', 0),
(1388, NULL, 0, NULL, '18:00:00', '19:00:00', NULL, NULL, 2, 1, 0, 1, 0, '127.0.0.1', '2025-05-28 23:30:06', '2025-05-28 23:30:06', NULL, NULL, 3, '2025-08-27', 0),
(1389, NULL, 0, NULL, '20:00:00', '21:00:00', NULL, NULL, 2, 1, 0, 1, 0, '127.0.0.1', '2025-05-28 23:30:06', '2025-05-28 23:30:06', NULL, NULL, 4, '2025-08-27', 0),
(1390, NULL, 0, NULL, '12:00:00', '13:00:00', NULL, NULL, 6, 13, 0, 1, 0, '127.0.0.1', '2025-05-28 23:30:06', '2025-05-28 23:30:06', NULL, NULL, 5, '2025-08-27', 0),
(1391, NULL, 0, NULL, '14:00:00', '16:00:00', NULL, NULL, 7, 13, 0, 1, 0, '127.0.0.1', '2025-05-28 23:30:06', '2025-05-28 23:30:06', NULL, NULL, 6, '2025-08-27', 0),
(1392, NULL, 0, NULL, '17:00:00', '18:00:00', NULL, NULL, 8, 13, 0, 1, 0, '127.0.0.1', '2025-05-28 23:30:06', '2025-05-28 23:30:06', NULL, NULL, 7, '2025-08-27', 0),
(1393, NULL, 0, NULL, '18:00:00', '19:00:00', NULL, NULL, 6, 13, 0, 1, 0, '127.0.0.1', '2025-05-28 23:30:06', '2025-05-28 23:30:06', NULL, NULL, 8, '2025-08-27', 0),
(1394, NULL, 0, NULL, '09:00:00', '10:00:00', NULL, NULL, 9, 15, 0, 1, 0, '127.0.0.1', '2025-05-28 23:30:06', '2025-05-28 23:30:06', NULL, NULL, 9, '2025-08-27', 0),
(1395, NULL, 0, NULL, '16:00:00', '17:00:00', NULL, NULL, 1, 1, 0, 1, 0, '127.0.0.1', '2025-05-29 23:30:05', '2025-05-29 23:30:05', NULL, NULL, 1, '2025-08-28', 0),
(1396, NULL, 0, NULL, '17:00:00', '18:00:00', NULL, NULL, 1, 1, 0, 1, 0, '127.0.0.1', '2025-05-29 23:30:05', '2025-05-29 23:30:05', NULL, NULL, 2, '2025-08-28', 0),
(1397, NULL, 0, NULL, '18:00:00', '19:00:00', NULL, NULL, 2, 1, 0, 1, 0, '127.0.0.1', '2025-05-29 23:30:05', '2025-05-29 23:30:05', NULL, NULL, 3, '2025-08-28', 0),
(1398, NULL, 0, NULL, '20:00:00', '21:00:00', NULL, NULL, 2, 1, 0, 1, 0, '127.0.0.1', '2025-05-29 23:30:05', '2025-05-29 23:30:05', NULL, NULL, 4, '2025-08-28', 0),
(1399, NULL, 0, NULL, '12:00:00', '13:00:00', NULL, NULL, 6, 13, 0, 1, 0, '127.0.0.1', '2025-05-29 23:30:05', '2025-05-29 23:30:05', NULL, NULL, 5, '2025-08-28', 0),
(1400, NULL, 0, NULL, '14:00:00', '16:00:00', NULL, NULL, 7, 13, 0, 1, 0, '127.0.0.1', '2025-05-29 23:30:05', '2025-05-29 23:30:05', NULL, NULL, 6, '2025-08-28', 0),
(1401, NULL, 0, NULL, '17:00:00', '18:00:00', NULL, NULL, 8, 13, 0, 1, 0, '127.0.0.1', '2025-05-29 23:30:05', '2025-05-29 23:30:05', NULL, NULL, 7, '2025-08-28', 0),
(1402, NULL, 0, NULL, '18:00:00', '19:00:00', NULL, NULL, 6, 13, 0, 1, 0, '127.0.0.1', '2025-05-29 23:30:05', '2025-05-29 23:30:05', NULL, NULL, 8, '2025-08-28', 0),
(1403, NULL, 0, NULL, '09:00:00', '10:00:00', NULL, NULL, 9, 15, 0, 1, 0, '127.0.0.1', '2025-05-29 23:30:05', '2025-05-29 23:30:05', NULL, NULL, 9, '2025-08-28', 0),
(1404, NULL, 0, NULL, '16:00:00', '17:00:00', NULL, NULL, 1, 1, 0, 1, 0, '127.0.0.1', '2025-05-30 23:30:06', '2025-05-30 23:30:06', NULL, NULL, 1, '2025-08-29', 0),
(1405, NULL, 0, NULL, '17:00:00', '18:00:00', NULL, NULL, 1, 1, 0, 1, 0, '127.0.0.1', '2025-05-30 23:30:06', '2025-05-30 23:30:06', NULL, NULL, 2, '2025-08-29', 0),
(1406, NULL, 0, NULL, '18:00:00', '19:00:00', NULL, NULL, 2, 1, 0, 1, 0, '127.0.0.1', '2025-05-30 23:30:06', '2025-05-30 23:30:06', NULL, NULL, 3, '2025-08-29', 0),
(1407, NULL, 0, NULL, '20:00:00', '21:00:00', NULL, NULL, 2, 1, 0, 1, 0, '127.0.0.1', '2025-05-30 23:30:06', '2025-05-30 23:30:06', NULL, NULL, 4, '2025-08-29', 0),
(1408, NULL, 0, NULL, '12:00:00', '13:00:00', NULL, NULL, 6, 13, 0, 1, 0, '127.0.0.1', '2025-05-30 23:30:06', '2025-05-30 23:30:06', NULL, NULL, 5, '2025-08-29', 0),
(1409, NULL, 0, NULL, '14:00:00', '16:00:00', NULL, NULL, 7, 13, 0, 1, 0, '127.0.0.1', '2025-05-30 23:30:06', '2025-05-30 23:30:06', NULL, NULL, 6, '2025-08-29', 0),
(1410, NULL, 0, NULL, '17:00:00', '18:00:00', NULL, NULL, 8, 13, 0, 1, 0, '127.0.0.1', '2025-05-30 23:30:06', '2025-05-30 23:30:06', NULL, NULL, 7, '2025-08-29', 0),
(1411, NULL, 0, NULL, '18:00:00', '19:00:00', NULL, NULL, 6, 13, 0, 1, 0, '127.0.0.1', '2025-05-30 23:30:06', '2025-05-30 23:30:06', NULL, NULL, 8, '2025-08-29', 0),
(1412, NULL, 0, NULL, '09:00:00', '10:00:00', NULL, NULL, 9, 15, 0, 1, 0, '127.0.0.1', '2025-05-30 23:30:06', '2025-05-30 23:30:06', NULL, NULL, 9, '2025-08-29', 0),
(1413, NULL, 0, NULL, '16:00:00', '17:00:00', NULL, NULL, 1, 1, 0, 1, 0, '127.0.0.1', '2025-05-31 23:30:06', '2025-05-31 23:30:06', NULL, NULL, 1, '2025-08-30', 0),
(1414, NULL, 0, NULL, '17:00:00', '18:00:00', NULL, NULL, 1, 1, 0, 1, 0, '127.0.0.1', '2025-05-31 23:30:06', '2025-05-31 23:30:06', NULL, NULL, 2, '2025-08-30', 0),
(1415, NULL, 0, NULL, '18:00:00', '19:00:00', NULL, NULL, 2, 1, 0, 1, 0, '127.0.0.1', '2025-05-31 23:30:06', '2025-05-31 23:30:06', NULL, NULL, 3, '2025-08-30', 0),
(1416, NULL, 0, NULL, '20:00:00', '21:00:00', NULL, NULL, 2, 1, 0, 1, 0, '127.0.0.1', '2025-05-31 23:30:06', '2025-05-31 23:30:06', NULL, NULL, 4, '2025-08-30', 0),
(1417, NULL, 0, NULL, '12:00:00', '13:00:00', NULL, NULL, 6, 13, 0, 1, 0, '127.0.0.1', '2025-05-31 23:30:06', '2025-05-31 23:30:06', NULL, NULL, 5, '2025-08-30', 0),
(1418, NULL, 0, NULL, '14:00:00', '16:00:00', NULL, NULL, 7, 13, 0, 1, 0, '127.0.0.1', '2025-05-31 23:30:06', '2025-05-31 23:30:06', NULL, NULL, 6, '2025-08-30', 0),
(1419, NULL, 0, NULL, '17:00:00', '18:00:00', NULL, NULL, 8, 13, 0, 1, 0, '127.0.0.1', '2025-05-31 23:30:06', '2025-05-31 23:30:06', NULL, NULL, 7, '2025-08-30', 0),
(1420, NULL, 0, NULL, '18:00:00', '19:00:00', NULL, NULL, 6, 13, 0, 1, 0, '127.0.0.1', '2025-05-31 23:30:06', '2025-05-31 23:30:06', NULL, NULL, 8, '2025-08-30', 0),
(1421, NULL, 0, NULL, '09:00:00', '10:00:00', NULL, NULL, 9, 15, 0, 1, 0, '127.0.0.1', '2025-05-31 23:30:06', '2025-05-31 23:30:06', NULL, NULL, 9, '2025-08-30', 0),
(1422, NULL, 0, NULL, '16:00:00', '17:00:00', NULL, NULL, 1, 1, 0, 1, 0, '127.0.0.1', '2025-06-01 23:30:07', '2025-06-01 23:30:07', NULL, NULL, 1, '2025-08-31', 0),
(1423, NULL, 0, NULL, '17:00:00', '18:00:00', NULL, NULL, 1, 1, 0, 1, 0, '127.0.0.1', '2025-06-01 23:30:07', '2025-06-01 23:30:07', NULL, NULL, 2, '2025-08-31', 0),
(1424, NULL, 0, NULL, '18:00:00', '19:00:00', NULL, NULL, 2, 1, 0, 1, 0, '127.0.0.1', '2025-06-01 23:30:07', '2025-06-01 23:30:07', NULL, NULL, 3, '2025-08-31', 0),
(1425, NULL, 0, NULL, '20:00:00', '21:00:00', NULL, NULL, 2, 1, 0, 1, 0, '127.0.0.1', '2025-06-01 23:30:07', '2025-06-01 23:30:07', NULL, NULL, 4, '2025-08-31', 0),
(1426, NULL, 0, NULL, '12:00:00', '13:00:00', NULL, NULL, 6, 13, 0, 1, 0, '127.0.0.1', '2025-06-01 23:30:07', '2025-06-01 23:30:07', NULL, NULL, 5, '2025-08-31', 0),
(1427, NULL, 0, NULL, '14:00:00', '16:00:00', NULL, NULL, 7, 13, 0, 1, 0, '127.0.0.1', '2025-06-01 23:30:07', '2025-06-01 23:30:07', NULL, NULL, 6, '2025-08-31', 0),
(1428, NULL, 0, NULL, '17:00:00', '18:00:00', NULL, NULL, 8, 13, 0, 1, 0, '127.0.0.1', '2025-06-01 23:30:07', '2025-06-01 23:30:07', NULL, NULL, 7, '2025-08-31', 0),
(1429, NULL, 0, NULL, '18:00:00', '19:00:00', NULL, NULL, 6, 13, 0, 1, 0, '127.0.0.1', '2025-06-01 23:30:07', '2025-06-01 23:30:07', NULL, NULL, 8, '2025-08-31', 0),
(1430, NULL, 0, NULL, '09:00:00', '10:00:00', NULL, NULL, 9, 15, 0, 1, 0, '127.0.0.1', '2025-06-01 23:30:07', '2025-06-01 23:30:07', NULL, NULL, 9, '2025-08-31', 0),
(1431, NULL, 0, NULL, '16:00:00', '17:00:00', NULL, NULL, 1, 1, 0, 1, 0, '127.0.0.1', '2025-06-02 23:30:05', '2025-06-02 23:30:05', NULL, NULL, 1, '2025-09-01', 0),
(1432, NULL, 0, NULL, '17:00:00', '18:00:00', NULL, NULL, 1, 1, 0, 1, 0, '127.0.0.1', '2025-06-02 23:30:05', '2025-06-02 23:30:05', NULL, NULL, 2, '2025-09-01', 0),
(1433, NULL, 0, NULL, '18:00:00', '19:00:00', NULL, NULL, 2, 1, 0, 1, 0, '127.0.0.1', '2025-06-02 23:30:05', '2025-06-02 23:30:05', NULL, NULL, 3, '2025-09-01', 0),
(1434, NULL, 0, NULL, '20:00:00', '21:00:00', NULL, NULL, 2, 1, 0, 1, 0, '127.0.0.1', '2025-06-02 23:30:05', '2025-06-02 23:30:05', NULL, NULL, 4, '2025-09-01', 0),
(1435, NULL, 0, NULL, '12:00:00', '13:00:00', NULL, NULL, 6, 13, 0, 1, 0, '127.0.0.1', '2025-06-02 23:30:05', '2025-06-02 23:30:05', NULL, NULL, 5, '2025-09-01', 0),
(1436, NULL, 0, NULL, '14:00:00', '16:00:00', NULL, NULL, 7, 13, 0, 1, 0, '127.0.0.1', '2025-06-02 23:30:05', '2025-06-02 23:30:05', NULL, NULL, 6, '2025-09-01', 0),
(1437, NULL, 0, NULL, '17:00:00', '18:00:00', NULL, NULL, 8, 13, 0, 1, 0, '127.0.0.1', '2025-06-02 23:30:05', '2025-06-02 23:30:05', NULL, NULL, 7, '2025-09-01', 0),
(1438, NULL, 0, NULL, '18:00:00', '19:00:00', NULL, NULL, 6, 13, 0, 1, 0, '127.0.0.1', '2025-06-02 23:30:05', '2025-06-02 23:30:05', NULL, NULL, 8, '2025-09-01', 0),
(1439, NULL, 0, NULL, '09:00:00', '10:00:00', NULL, NULL, 9, 15, 0, 1, 0, '127.0.0.1', '2025-06-02 23:30:05', '2025-06-02 23:30:05', NULL, NULL, 9, '2025-09-01', 0),
(1440, NULL, 0, NULL, '16:00:00', '17:00:00', NULL, NULL, 1, 1, 0, 1, 0, '127.0.0.1', '2025-06-03 23:30:06', '2025-06-03 23:30:06', NULL, NULL, 1, '2025-09-02', 0),
(1441, NULL, 0, NULL, '17:00:00', '18:00:00', NULL, NULL, 1, 1, 0, 1, 0, '127.0.0.1', '2025-06-03 23:30:06', '2025-06-03 23:30:06', NULL, NULL, 2, '2025-09-02', 0),
(1442, NULL, 0, NULL, '18:00:00', '19:00:00', NULL, NULL, 2, 1, 0, 1, 0, '127.0.0.1', '2025-06-03 23:30:06', '2025-06-03 23:30:06', NULL, NULL, 3, '2025-09-02', 0),
(1443, NULL, 0, NULL, '20:00:00', '21:00:00', NULL, NULL, 2, 1, 0, 1, 0, '127.0.0.1', '2025-06-03 23:30:06', '2025-06-03 23:30:06', NULL, NULL, 4, '2025-09-02', 0),
(1444, NULL, 0, NULL, '12:00:00', '13:00:00', NULL, NULL, 6, 13, 0, 1, 0, '127.0.0.1', '2025-06-03 23:30:06', '2025-06-03 23:30:06', NULL, NULL, 5, '2025-09-02', 0),
(1445, NULL, 0, NULL, '14:00:00', '16:00:00', NULL, NULL, 7, 13, 0, 1, 0, '127.0.0.1', '2025-06-03 23:30:06', '2025-06-03 23:30:06', NULL, NULL, 6, '2025-09-02', 0),
(1446, NULL, 0, NULL, '17:00:00', '18:00:00', NULL, NULL, 8, 13, 0, 1, 0, '127.0.0.1', '2025-06-03 23:30:06', '2025-06-03 23:30:06', NULL, NULL, 7, '2025-09-02', 0),
(1447, NULL, 0, NULL, '18:00:00', '19:00:00', NULL, NULL, 6, 13, 0, 1, 0, '127.0.0.1', '2025-06-03 23:30:06', '2025-06-03 23:30:06', NULL, NULL, 8, '2025-09-02', 0),
(1448, NULL, 0, NULL, '09:00:00', '10:00:00', NULL, NULL, 9, 15, 0, 1, 0, '127.0.0.1', '2025-06-03 23:30:06', '2025-06-03 23:30:06', NULL, NULL, 9, '2025-09-02', 0),
(1449, NULL, 0, NULL, '16:00:00', '17:00:00', NULL, NULL, 1, 1, 0, 1, 0, '127.0.0.1', '2025-06-04 23:30:05', '2025-06-04 23:30:05', NULL, NULL, 1, '2025-09-03', 0),
(1450, NULL, 0, NULL, '17:00:00', '18:00:00', NULL, NULL, 1, 1, 0, 1, 0, '127.0.0.1', '2025-06-04 23:30:05', '2025-06-04 23:30:05', NULL, NULL, 2, '2025-09-03', 0),
(1451, NULL, 0, NULL, '18:00:00', '19:00:00', NULL, NULL, 2, 1, 0, 1, 0, '127.0.0.1', '2025-06-04 23:30:05', '2025-06-04 23:30:05', NULL, NULL, 3, '2025-09-03', 0),
(1452, NULL, 0, NULL, '20:00:00', '21:00:00', NULL, NULL, 2, 1, 0, 1, 0, '127.0.0.1', '2025-06-04 23:30:06', '2025-06-04 23:30:06', NULL, NULL, 4, '2025-09-03', 0),
(1453, NULL, 0, NULL, '12:00:00', '13:00:00', NULL, NULL, 6, 13, 0, 1, 0, '127.0.0.1', '2025-06-04 23:30:06', '2025-06-04 23:30:06', NULL, NULL, 5, '2025-09-03', 0),
(1454, NULL, 0, NULL, '14:00:00', '16:00:00', NULL, NULL, 7, 13, 0, 1, 0, '127.0.0.1', '2025-06-04 23:30:06', '2025-06-04 23:30:06', NULL, NULL, 6, '2025-09-03', 0),
(1455, NULL, 0, NULL, '17:00:00', '18:00:00', NULL, NULL, 8, 13, 0, 1, 0, '127.0.0.1', '2025-06-04 23:30:06', '2025-06-04 23:30:06', NULL, NULL, 7, '2025-09-03', 0),
(1456, NULL, 0, NULL, '18:00:00', '19:00:00', NULL, NULL, 6, 13, 0, 1, 0, '127.0.0.1', '2025-06-04 23:30:06', '2025-06-04 23:30:06', NULL, NULL, 8, '2025-09-03', 0),
(1457, NULL, 0, NULL, '09:00:00', '10:00:00', NULL, NULL, 9, 15, 0, 1, 0, '127.0.0.1', '2025-06-04 23:30:06', '2025-06-04 23:30:06', NULL, NULL, 9, '2025-09-03', 0),
(1458, NULL, 0, NULL, '16:00:00', '17:00:00', NULL, NULL, 1, 1, 0, 1, 0, '127.0.0.1', '2025-06-05 23:30:05', '2025-06-05 23:30:05', NULL, NULL, 1, '2025-09-04', 0),
(1459, NULL, 0, NULL, '17:00:00', '18:00:00', NULL, NULL, 1, 1, 0, 1, 0, '127.0.0.1', '2025-06-05 23:30:05', '2025-06-05 23:30:05', NULL, NULL, 2, '2025-09-04', 0),
(1460, NULL, 0, NULL, '18:00:00', '19:00:00', NULL, NULL, 2, 1, 0, 1, 0, '127.0.0.1', '2025-06-05 23:30:05', '2025-06-05 23:30:05', NULL, NULL, 3, '2025-09-04', 0),
(1461, NULL, 0, NULL, '20:00:00', '21:00:00', NULL, NULL, 2, 1, 0, 1, 0, '127.0.0.1', '2025-06-05 23:30:05', '2025-06-05 23:30:05', NULL, NULL, 4, '2025-09-04', 0),
(1462, NULL, 0, NULL, '12:00:00', '13:00:00', NULL, NULL, 6, 13, 0, 1, 0, '127.0.0.1', '2025-06-05 23:30:05', '2025-06-05 23:30:05', NULL, NULL, 5, '2025-09-04', 0),
(1463, NULL, 0, NULL, '14:00:00', '16:00:00', NULL, NULL, 7, 13, 0, 1, 0, '127.0.0.1', '2025-06-05 23:30:05', '2025-06-05 23:30:05', NULL, NULL, 6, '2025-09-04', 0),
(1464, NULL, 0, NULL, '17:00:00', '18:00:00', NULL, NULL, 8, 13, 0, 1, 0, '127.0.0.1', '2025-06-05 23:30:05', '2025-06-05 23:30:05', NULL, NULL, 7, '2025-09-04', 0),
(1465, NULL, 0, NULL, '18:00:00', '19:00:00', NULL, NULL, 6, 13, 0, 1, 0, '127.0.0.1', '2025-06-05 23:30:05', '2025-06-05 23:30:05', NULL, NULL, 8, '2025-09-04', 0),
(1466, NULL, 0, NULL, '09:00:00', '10:00:00', NULL, NULL, 9, 15, 0, 1, 0, '127.0.0.1', '2025-06-05 23:30:05', '2025-06-05 23:30:05', NULL, NULL, 9, '2025-09-04', 0),
(1467, NULL, 0, NULL, '16:00:00', '17:00:00', NULL, NULL, 1, 1, 0, 1, 0, '127.0.0.1', '2025-06-06 23:30:06', '2025-06-06 23:30:06', NULL, NULL, 1, '2025-09-05', 0),
(1468, NULL, 0, NULL, '17:00:00', '18:00:00', NULL, NULL, 1, 1, 0, 1, 0, '127.0.0.1', '2025-06-06 23:30:06', '2025-06-06 23:30:06', NULL, NULL, 2, '2025-09-05', 0),
(1469, NULL, 0, NULL, '18:00:00', '19:00:00', NULL, NULL, 2, 1, 0, 1, 0, '127.0.0.1', '2025-06-06 23:30:06', '2025-06-06 23:30:06', NULL, NULL, 3, '2025-09-05', 0),
(1470, NULL, 0, NULL, '20:00:00', '21:00:00', NULL, NULL, 2, 1, 0, 1, 0, '127.0.0.1', '2025-06-06 23:30:06', '2025-06-06 23:30:06', NULL, NULL, 4, '2025-09-05', 0),
(1471, NULL, 0, NULL, '12:00:00', '13:00:00', NULL, NULL, 6, 13, 0, 1, 0, '127.0.0.1', '2025-06-06 23:30:06', '2025-06-06 23:30:06', NULL, NULL, 5, '2025-09-05', 0),
(1472, NULL, 0, NULL, '14:00:00', '16:00:00', NULL, NULL, 7, 13, 0, 1, 0, '127.0.0.1', '2025-06-06 23:30:06', '2025-06-06 23:30:06', NULL, NULL, 6, '2025-09-05', 0),
(1473, NULL, 0, NULL, '17:00:00', '18:00:00', NULL, NULL, 8, 13, 0, 1, 0, '127.0.0.1', '2025-06-06 23:30:06', '2025-06-06 23:30:06', NULL, NULL, 7, '2025-09-05', 0),
(1474, NULL, 0, NULL, '18:00:00', '19:00:00', NULL, NULL, 6, 13, 0, 1, 0, '127.0.0.1', '2025-06-06 23:30:06', '2025-06-06 23:30:06', NULL, NULL, 8, '2025-09-05', 0),
(1475, NULL, 0, NULL, '09:00:00', '10:00:00', NULL, NULL, 9, 15, 0, 1, 0, '127.0.0.1', '2025-06-06 23:30:06', '2025-06-06 23:30:06', NULL, NULL, 9, '2025-09-05', 0),
(1476, NULL, 0, NULL, '16:00:00', '17:00:00', NULL, NULL, 1, 1, 0, 1, 0, '127.0.0.1', '2025-06-07 23:30:06', '2025-06-07 23:30:06', NULL, NULL, 1, '2025-09-06', 0),
(1477, NULL, 0, NULL, '17:00:00', '18:00:00', NULL, NULL, 1, 1, 0, 1, 0, '127.0.0.1', '2025-06-07 23:30:06', '2025-06-07 23:30:06', NULL, NULL, 2, '2025-09-06', 0),
(1478, NULL, 0, NULL, '18:00:00', '19:00:00', NULL, NULL, 2, 1, 0, 1, 0, '127.0.0.1', '2025-06-07 23:30:06', '2025-06-07 23:30:06', NULL, NULL, 3, '2025-09-06', 0),
(1479, NULL, 0, NULL, '20:00:00', '21:00:00', NULL, NULL, 2, 1, 0, 1, 0, '127.0.0.1', '2025-06-07 23:30:06', '2025-06-07 23:30:06', NULL, NULL, 4, '2025-09-06', 0),
(1480, NULL, 0, NULL, '12:00:00', '13:00:00', NULL, NULL, 6, 13, 0, 1, 0, '127.0.0.1', '2025-06-07 23:30:06', '2025-06-07 23:30:06', NULL, NULL, 5, '2025-09-06', 0),
(1481, NULL, 0, NULL, '14:00:00', '16:00:00', NULL, NULL, 7, 13, 0, 1, 0, '127.0.0.1', '2025-06-07 23:30:06', '2025-06-07 23:30:06', NULL, NULL, 6, '2025-09-06', 0),
(1482, NULL, 0, NULL, '17:00:00', '18:00:00', NULL, NULL, 8, 13, 0, 1, 0, '127.0.0.1', '2025-06-07 23:30:06', '2025-06-07 23:30:06', NULL, NULL, 7, '2025-09-06', 0),
(1483, NULL, 0, NULL, '18:00:00', '19:00:00', NULL, NULL, 6, 13, 0, 1, 0, '127.0.0.1', '2025-06-07 23:30:06', '2025-06-07 23:30:06', NULL, NULL, 8, '2025-09-06', 0),
(1484, NULL, 0, NULL, '09:00:00', '10:00:00', NULL, NULL, 9, 15, 0, 1, 0, '127.0.0.1', '2025-06-07 23:30:06', '2025-06-07 23:30:06', NULL, NULL, 9, '2025-09-06', 0),
(1485, NULL, 0, NULL, '16:00:00', '17:00:00', NULL, NULL, 1, 1, 0, 1, 0, '127.0.0.1', '2025-06-08 23:30:06', '2025-06-08 23:30:06', NULL, NULL, 1, '2025-09-07', 0),
(1486, NULL, 0, NULL, '17:00:00', '18:00:00', NULL, NULL, 1, 1, 0, 1, 0, '127.0.0.1', '2025-06-08 23:30:06', '2025-06-08 23:30:06', NULL, NULL, 2, '2025-09-07', 0),
(1487, NULL, 0, NULL, '18:00:00', '19:00:00', NULL, NULL, 2, 1, 0, 1, 0, '127.0.0.1', '2025-06-08 23:30:06', '2025-06-08 23:30:06', NULL, NULL, 3, '2025-09-07', 0),
(1488, NULL, 0, NULL, '20:00:00', '21:00:00', NULL, NULL, 2, 1, 0, 1, 0, '127.0.0.1', '2025-06-08 23:30:06', '2025-06-08 23:30:06', NULL, NULL, 4, '2025-09-07', 0),
(1489, NULL, 0, NULL, '12:00:00', '13:00:00', NULL, NULL, 6, 13, 0, 1, 0, '127.0.0.1', '2025-06-08 23:30:06', '2025-06-08 23:30:06', NULL, NULL, 5, '2025-09-07', 0),
(1490, NULL, 0, NULL, '14:00:00', '16:00:00', NULL, NULL, 7, 13, 0, 1, 0, '127.0.0.1', '2025-06-08 23:30:06', '2025-06-08 23:30:06', NULL, NULL, 6, '2025-09-07', 0),
(1491, NULL, 0, NULL, '17:00:00', '18:00:00', NULL, NULL, 8, 13, 0, 1, 0, '127.0.0.1', '2025-06-08 23:30:06', '2025-06-08 23:30:06', NULL, NULL, 7, '2025-09-07', 0),
(1492, NULL, 0, NULL, '18:00:00', '19:00:00', NULL, NULL, 6, 13, 0, 1, 0, '127.0.0.1', '2025-06-08 23:30:06', '2025-06-08 23:30:06', NULL, NULL, 8, '2025-09-07', 0),
(1493, NULL, 0, NULL, '09:00:00', '10:00:00', NULL, NULL, 9, 15, 0, 1, 0, '127.0.0.1', '2025-06-08 23:30:06', '2025-06-08 23:30:06', NULL, NULL, 9, '2025-09-07', 0),
(1494, NULL, 0, NULL, '16:00:00', '17:00:00', NULL, NULL, 1, 1, 0, 1, 0, '127.0.0.1', '2025-06-09 23:30:05', '2025-06-09 23:30:05', NULL, NULL, 1, '2025-09-08', 0),
(1495, NULL, 0, NULL, '17:00:00', '18:00:00', NULL, NULL, 1, 1, 0, 1, 0, '127.0.0.1', '2025-06-09 23:30:05', '2025-06-09 23:30:05', NULL, NULL, 2, '2025-09-08', 0),
(1496, NULL, 0, NULL, '18:00:00', '19:00:00', NULL, NULL, 2, 1, 0, 1, 0, '127.0.0.1', '2025-06-09 23:30:05', '2025-06-09 23:30:05', NULL, NULL, 3, '2025-09-08', 0),
(1497, NULL, 0, NULL, '20:00:00', '21:00:00', NULL, NULL, 2, 1, 0, 1, 0, '127.0.0.1', '2025-06-09 23:30:05', '2025-06-09 23:30:05', NULL, NULL, 4, '2025-09-08', 0),
(1498, NULL, 0, NULL, '12:00:00', '13:00:00', NULL, NULL, 6, 13, 0, 1, 0, '127.0.0.1', '2025-06-09 23:30:05', '2025-06-09 23:30:05', NULL, NULL, 5, '2025-09-08', 0),
(1499, NULL, 0, NULL, '14:00:00', '16:00:00', NULL, NULL, 7, 13, 0, 1, 0, '127.0.0.1', '2025-06-09 23:30:05', '2025-06-09 23:30:05', NULL, NULL, 6, '2025-09-08', 0),
(1500, NULL, 0, NULL, '17:00:00', '18:00:00', NULL, NULL, 8, 13, 0, 1, 0, '127.0.0.1', '2025-06-09 23:30:05', '2025-06-09 23:30:05', NULL, NULL, 7, '2025-09-08', 0),
(1501, NULL, 0, NULL, '18:00:00', '19:00:00', NULL, NULL, 6, 13, 0, 1, 0, '127.0.0.1', '2025-06-09 23:30:05', '2025-06-09 23:30:05', NULL, NULL, 8, '2025-09-08', 0),
(1502, NULL, 0, NULL, '09:00:00', '10:00:00', NULL, NULL, 9, 15, 0, 1, 0, '127.0.0.1', '2025-06-09 23:30:05', '2025-06-09 23:30:05', NULL, NULL, 9, '2025-09-08', 0),
(1503, NULL, 0, NULL, '16:00:00', '17:00:00', NULL, NULL, 1, 1, 0, 1, 0, '127.0.0.1', '2025-06-10 23:30:06', '2025-06-10 23:30:06', NULL, NULL, 1, '2025-09-09', 0),
(1504, NULL, 0, NULL, '17:00:00', '18:00:00', NULL, NULL, 1, 1, 0, 1, 0, '127.0.0.1', '2025-06-10 23:30:06', '2025-06-10 23:30:06', NULL, NULL, 2, '2025-09-09', 0),
(1505, NULL, 0, NULL, '18:00:00', '19:00:00', NULL, NULL, 2, 1, 0, 1, 0, '127.0.0.1', '2025-06-10 23:30:06', '2025-06-10 23:30:06', NULL, NULL, 3, '2025-09-09', 0),
(1506, NULL, 0, NULL, '20:00:00', '21:00:00', NULL, NULL, 2, 1, 0, 1, 0, '127.0.0.1', '2025-06-10 23:30:06', '2025-06-10 23:30:06', NULL, NULL, 4, '2025-09-09', 0),
(1507, NULL, 0, NULL, '12:00:00', '13:00:00', NULL, NULL, 6, 13, 0, 1, 0, '127.0.0.1', '2025-06-10 23:30:06', '2025-06-10 23:30:06', NULL, NULL, 5, '2025-09-09', 0),
(1508, NULL, 0, NULL, '14:00:00', '16:00:00', NULL, NULL, 7, 13, 0, 1, 0, '127.0.0.1', '2025-06-10 23:30:06', '2025-06-10 23:30:06', NULL, NULL, 6, '2025-09-09', 0),
(1509, NULL, 0, NULL, '17:00:00', '18:00:00', NULL, NULL, 8, 13, 0, 1, 0, '127.0.0.1', '2025-06-10 23:30:06', '2025-06-10 23:30:06', NULL, NULL, 7, '2025-09-09', 0),
(1510, NULL, 0, NULL, '18:00:00', '19:00:00', NULL, NULL, 6, 13, 0, 1, 0, '127.0.0.1', '2025-06-10 23:30:06', '2025-06-10 23:30:06', NULL, NULL, 8, '2025-09-09', 0),
(1511, NULL, 0, NULL, '09:00:00', '10:00:00', NULL, NULL, 9, 15, 0, 1, 0, '127.0.0.1', '2025-06-10 23:30:06', '2025-06-10 23:30:06', NULL, NULL, 9, '2025-09-09', 0),
(1512, NULL, 0, NULL, '16:00:00', '17:00:00', NULL, NULL, 1, 1, 0, 1, 0, '127.0.0.1', '2025-06-11 23:30:06', '2025-06-11 23:30:06', NULL, NULL, 1, '2025-09-10', 0),
(1513, NULL, 0, NULL, '17:00:00', '18:00:00', NULL, NULL, 1, 1, 0, 1, 0, '127.0.0.1', '2025-06-11 23:30:06', '2025-06-11 23:30:06', NULL, NULL, 2, '2025-09-10', 0),
(1514, NULL, 0, NULL, '18:00:00', '19:00:00', NULL, NULL, 2, 1, 0, 1, 0, '127.0.0.1', '2025-06-11 23:30:06', '2025-06-11 23:30:06', NULL, NULL, 3, '2025-09-10', 0),
(1515, NULL, 0, NULL, '20:00:00', '21:00:00', NULL, NULL, 2, 1, 0, 1, 0, '127.0.0.1', '2025-06-11 23:30:06', '2025-06-11 23:30:06', NULL, NULL, 4, '2025-09-10', 0),
(1516, NULL, 0, NULL, '12:00:00', '13:00:00', NULL, NULL, 6, 13, 0, 1, 0, '127.0.0.1', '2025-06-11 23:30:06', '2025-06-11 23:30:06', NULL, NULL, 5, '2025-09-10', 0),
(1517, NULL, 0, NULL, '14:00:00', '16:00:00', NULL, NULL, 7, 13, 0, 1, 0, '127.0.0.1', '2025-06-11 23:30:06', '2025-06-11 23:30:06', NULL, NULL, 6, '2025-09-10', 0),
(1518, NULL, 0, NULL, '17:00:00', '18:00:00', NULL, NULL, 8, 13, 0, 1, 0, '127.0.0.1', '2025-06-11 23:30:06', '2025-06-11 23:30:06', NULL, NULL, 7, '2025-09-10', 0);
INSERT INTO `Schedule` (`Schedule_id`, `Customer_id`, `driver_id`, `status`, `fromtime`, `Totime`, `fromdate`, `Todate`, `car_id`, `SchoolId`, `package_order_id`, `iStatus`, `isDelete`, `strIP`, `created_at`, `updated_at`, `pickup_drop_point`, `day`, `Schedulemasterid`, `Schedule_date`, `attendance`) VALUES
(1519, NULL, 0, NULL, '18:00:00', '19:00:00', NULL, NULL, 6, 13, 0, 1, 0, '127.0.0.1', '2025-06-11 23:30:06', '2025-06-11 23:30:06', NULL, NULL, 8, '2025-09-10', 0),
(1520, NULL, 0, NULL, '09:00:00', '10:00:00', NULL, NULL, 9, 15, 0, 1, 0, '127.0.0.1', '2025-06-11 23:30:06', '2025-06-11 23:30:06', NULL, NULL, 9, '2025-09-10', 0),
(1521, NULL, 0, NULL, '16:00:00', '17:00:00', NULL, NULL, 1, 1, 0, 1, 0, '127.0.0.1', '2025-06-12 23:30:06', '2025-06-12 23:30:06', NULL, NULL, 1, '2025-09-11', 0),
(1522, NULL, 0, NULL, '17:00:00', '18:00:00', NULL, NULL, 1, 1, 0, 1, 0, '127.0.0.1', '2025-06-12 23:30:06', '2025-06-12 23:30:06', NULL, NULL, 2, '2025-09-11', 0),
(1523, NULL, 0, NULL, '18:00:00', '19:00:00', NULL, NULL, 2, 1, 0, 1, 0, '127.0.0.1', '2025-06-12 23:30:06', '2025-06-12 23:30:06', NULL, NULL, 3, '2025-09-11', 0),
(1524, NULL, 0, NULL, '20:00:00', '21:00:00', NULL, NULL, 2, 1, 0, 1, 0, '127.0.0.1', '2025-06-12 23:30:06', '2025-06-12 23:30:06', NULL, NULL, 4, '2025-09-11', 0),
(1525, NULL, 0, NULL, '12:00:00', '13:00:00', NULL, NULL, 6, 13, 0, 1, 0, '127.0.0.1', '2025-06-12 23:30:06', '2025-06-12 23:30:06', NULL, NULL, 5, '2025-09-11', 0),
(1526, NULL, 0, NULL, '14:00:00', '16:00:00', NULL, NULL, 7, 13, 0, 1, 0, '127.0.0.1', '2025-06-12 23:30:06', '2025-06-12 23:30:06', NULL, NULL, 6, '2025-09-11', 0),
(1527, NULL, 0, NULL, '17:00:00', '18:00:00', NULL, NULL, 8, 13, 0, 1, 0, '127.0.0.1', '2025-06-12 23:30:06', '2025-06-12 23:30:06', NULL, NULL, 7, '2025-09-11', 0),
(1528, NULL, 0, NULL, '18:00:00', '19:00:00', NULL, NULL, 6, 13, 0, 1, 0, '127.0.0.1', '2025-06-12 23:30:06', '2025-06-12 23:30:06', NULL, NULL, 8, '2025-09-11', 0),
(1529, NULL, 0, NULL, '09:00:00', '10:00:00', NULL, NULL, 9, 15, 0, 1, 0, '127.0.0.1', '2025-06-12 23:30:06', '2025-06-12 23:30:06', NULL, NULL, 9, '2025-09-11', 0),
(1530, NULL, 0, NULL, '16:00:00', '17:00:00', NULL, NULL, 1, 1, 0, 1, 0, '127.0.0.1', '2025-06-13 23:30:06', '2025-06-13 23:30:06', NULL, NULL, 1, '2025-09-12', 0),
(1531, NULL, 0, NULL, '17:00:00', '18:00:00', NULL, NULL, 1, 1, 0, 1, 0, '127.0.0.1', '2025-06-13 23:30:06', '2025-06-13 23:30:06', NULL, NULL, 2, '2025-09-12', 0),
(1532, NULL, 0, NULL, '18:00:00', '19:00:00', NULL, NULL, 2, 1, 0, 1, 0, '127.0.0.1', '2025-06-13 23:30:06', '2025-06-13 23:30:06', NULL, NULL, 3, '2025-09-12', 0),
(1533, NULL, 0, NULL, '20:00:00', '21:00:00', NULL, NULL, 2, 1, 0, 1, 0, '127.0.0.1', '2025-06-13 23:30:06', '2025-06-13 23:30:06', NULL, NULL, 4, '2025-09-12', 0),
(1534, NULL, 0, NULL, '12:00:00', '13:00:00', NULL, NULL, 6, 13, 0, 1, 0, '127.0.0.1', '2025-06-13 23:30:06', '2025-06-13 23:30:06', NULL, NULL, 5, '2025-09-12', 0),
(1535, NULL, 0, NULL, '14:00:00', '16:00:00', NULL, NULL, 7, 13, 0, 1, 0, '127.0.0.1', '2025-06-13 23:30:06', '2025-06-13 23:30:06', NULL, NULL, 6, '2025-09-12', 0),
(1536, NULL, 0, NULL, '17:00:00', '18:00:00', NULL, NULL, 8, 13, 0, 1, 0, '127.0.0.1', '2025-06-13 23:30:06', '2025-06-13 23:30:06', NULL, NULL, 7, '2025-09-12', 0),
(1537, NULL, 0, NULL, '18:00:00', '19:00:00', NULL, NULL, 6, 13, 0, 1, 0, '127.0.0.1', '2025-06-13 23:30:06', '2025-06-13 23:30:06', NULL, NULL, 8, '2025-09-12', 0),
(1538, NULL, 0, NULL, '09:00:00', '10:00:00', NULL, NULL, 9, 15, 0, 1, 0, '127.0.0.1', '2025-06-13 23:30:06', '2025-06-13 23:30:06', NULL, NULL, 9, '2025-09-12', 0),
(1539, NULL, 0, NULL, '16:00:00', '17:00:00', NULL, NULL, 1, 1, 0, 1, 0, '127.0.0.1', '2025-06-14 23:30:07', '2025-06-14 23:30:07', NULL, NULL, 1, '2025-09-13', 0),
(1540, NULL, 0, NULL, '17:00:00', '18:00:00', NULL, NULL, 1, 1, 0, 1, 0, '127.0.0.1', '2025-06-14 23:30:07', '2025-06-14 23:30:07', NULL, NULL, 2, '2025-09-13', 0),
(1541, NULL, 0, NULL, '18:00:00', '19:00:00', NULL, NULL, 2, 1, 0, 1, 0, '127.0.0.1', '2025-06-14 23:30:07', '2025-06-14 23:30:07', NULL, NULL, 3, '2025-09-13', 0),
(1542, NULL, 0, NULL, '20:00:00', '21:00:00', NULL, NULL, 2, 1, 0, 1, 0, '127.0.0.1', '2025-06-14 23:30:07', '2025-06-14 23:30:07', NULL, NULL, 4, '2025-09-13', 0),
(1543, NULL, 0, NULL, '12:00:00', '13:00:00', NULL, NULL, 6, 13, 0, 1, 0, '127.0.0.1', '2025-06-14 23:30:07', '2025-06-14 23:30:07', NULL, NULL, 5, '2025-09-13', 0),
(1544, NULL, 0, NULL, '14:00:00', '16:00:00', NULL, NULL, 7, 13, 0, 1, 0, '127.0.0.1', '2025-06-14 23:30:07', '2025-06-14 23:30:07', NULL, NULL, 6, '2025-09-13', 0),
(1545, NULL, 0, NULL, '17:00:00', '18:00:00', NULL, NULL, 8, 13, 0, 1, 0, '127.0.0.1', '2025-06-14 23:30:07', '2025-06-14 23:30:07', NULL, NULL, 7, '2025-09-13', 0),
(1546, NULL, 0, NULL, '18:00:00', '19:00:00', NULL, NULL, 6, 13, 0, 1, 0, '127.0.0.1', '2025-06-14 23:30:07', '2025-06-14 23:30:07', NULL, NULL, 8, '2025-09-13', 0),
(1547, NULL, 0, NULL, '09:00:00', '10:00:00', NULL, NULL, 9, 15, 0, 1, 0, '127.0.0.1', '2025-06-14 23:30:07', '2025-06-14 23:30:07', NULL, NULL, 9, '2025-09-13', 0),
(1548, NULL, 0, NULL, '16:00:00', '17:00:00', NULL, NULL, 1, 1, 0, 1, 0, '127.0.0.1', '2025-06-15 23:30:05', '2025-06-15 23:30:05', NULL, NULL, 1, '2025-09-14', 0),
(1549, NULL, 0, NULL, '17:00:00', '18:00:00', NULL, NULL, 1, 1, 0, 1, 0, '127.0.0.1', '2025-06-15 23:30:05', '2025-06-15 23:30:05', NULL, NULL, 2, '2025-09-14', 0),
(1550, NULL, 0, NULL, '18:00:00', '19:00:00', NULL, NULL, 2, 1, 0, 1, 0, '127.0.0.1', '2025-06-15 23:30:05', '2025-06-15 23:30:05', NULL, NULL, 3, '2025-09-14', 0),
(1551, NULL, 0, NULL, '20:00:00', '21:00:00', NULL, NULL, 2, 1, 0, 1, 0, '127.0.0.1', '2025-06-15 23:30:05', '2025-06-15 23:30:05', NULL, NULL, 4, '2025-09-14', 0),
(1552, NULL, 0, NULL, '12:00:00', '13:00:00', NULL, NULL, 6, 13, 0, 1, 0, '127.0.0.1', '2025-06-15 23:30:05', '2025-06-15 23:30:05', NULL, NULL, 5, '2025-09-14', 0),
(1553, NULL, 0, NULL, '14:00:00', '16:00:00', NULL, NULL, 7, 13, 0, 1, 0, '127.0.0.1', '2025-06-15 23:30:05', '2025-06-15 23:30:05', NULL, NULL, 6, '2025-09-14', 0),
(1554, NULL, 0, NULL, '17:00:00', '18:00:00', NULL, NULL, 8, 13, 0, 1, 0, '127.0.0.1', '2025-06-15 23:30:05', '2025-06-15 23:30:05', NULL, NULL, 7, '2025-09-14', 0),
(1555, NULL, 0, NULL, '18:00:00', '19:00:00', NULL, NULL, 6, 13, 0, 1, 0, '127.0.0.1', '2025-06-15 23:30:05', '2025-06-15 23:30:05', NULL, NULL, 8, '2025-09-14', 0),
(1556, NULL, 0, NULL, '09:00:00', '10:00:00', NULL, NULL, 9, 15, 0, 1, 0, '127.0.0.1', '2025-06-15 23:30:05', '2025-06-15 23:30:05', NULL, NULL, 9, '2025-09-14', 0),
(1557, NULL, 0, NULL, '16:00:00', '17:00:00', NULL, NULL, 1, 1, 0, 1, 0, '127.0.0.1', '2025-06-16 23:30:06', '2025-06-16 23:30:06', NULL, NULL, 1, '2025-09-15', 0),
(1558, NULL, 0, NULL, '17:00:00', '18:00:00', NULL, NULL, 1, 1, 0, 1, 0, '127.0.0.1', '2025-06-16 23:30:06', '2025-06-16 23:30:06', NULL, NULL, 2, '2025-09-15', 0),
(1559, NULL, 0, NULL, '18:00:00', '19:00:00', NULL, NULL, 2, 1, 0, 1, 0, '127.0.0.1', '2025-06-16 23:30:06', '2025-06-16 23:30:06', NULL, NULL, 3, '2025-09-15', 0),
(1560, NULL, 0, NULL, '20:00:00', '21:00:00', NULL, NULL, 2, 1, 0, 1, 0, '127.0.0.1', '2025-06-16 23:30:06', '2025-06-16 23:30:06', NULL, NULL, 4, '2025-09-15', 0),
(1561, NULL, 0, NULL, '12:00:00', '13:00:00', NULL, NULL, 6, 13, 0, 1, 0, '127.0.0.1', '2025-06-16 23:30:06', '2025-06-16 23:30:06', NULL, NULL, 5, '2025-09-15', 0),
(1562, NULL, 0, NULL, '14:00:00', '16:00:00', NULL, NULL, 7, 13, 0, 1, 0, '127.0.0.1', '2025-06-16 23:30:06', '2025-06-16 23:30:06', NULL, NULL, 6, '2025-09-15', 0),
(1563, NULL, 0, NULL, '17:00:00', '18:00:00', NULL, NULL, 8, 13, 0, 1, 0, '127.0.0.1', '2025-06-16 23:30:06', '2025-06-16 23:30:06', NULL, NULL, 7, '2025-09-15', 0),
(1564, NULL, 0, NULL, '18:00:00', '19:00:00', NULL, NULL, 6, 13, 0, 1, 0, '127.0.0.1', '2025-06-16 23:30:06', '2025-06-16 23:30:06', NULL, NULL, 8, '2025-09-15', 0),
(1565, NULL, 0, NULL, '09:00:00', '10:00:00', NULL, NULL, 9, 15, 0, 1, 0, '127.0.0.1', '2025-06-16 23:30:06', '2025-06-16 23:30:06', NULL, NULL, 9, '2025-09-15', 0),
(1566, NULL, 0, NULL, '16:00:00', '17:00:00', NULL, NULL, 1, 1, 0, 1, 0, '127.0.0.1', '2025-06-17 23:30:06', '2025-06-17 23:30:06', NULL, NULL, 1, '2025-09-16', 0),
(1567, NULL, 0, NULL, '17:00:00', '18:00:00', NULL, NULL, 1, 1, 0, 1, 0, '127.0.0.1', '2025-06-17 23:30:06', '2025-06-17 23:30:06', NULL, NULL, 2, '2025-09-16', 0),
(1568, NULL, 0, NULL, '18:00:00', '19:00:00', NULL, NULL, 2, 1, 0, 1, 0, '127.0.0.1', '2025-06-17 23:30:06', '2025-06-17 23:30:06', NULL, NULL, 3, '2025-09-16', 0),
(1569, NULL, 0, NULL, '20:00:00', '21:00:00', NULL, NULL, 2, 1, 0, 1, 0, '127.0.0.1', '2025-06-17 23:30:06', '2025-06-17 23:30:06', NULL, NULL, 4, '2025-09-16', 0),
(1570, NULL, 0, NULL, '12:00:00', '13:00:00', NULL, NULL, 6, 13, 0, 1, 0, '127.0.0.1', '2025-06-17 23:30:06', '2025-06-17 23:30:06', NULL, NULL, 5, '2025-09-16', 0),
(1571, NULL, 0, NULL, '14:00:00', '16:00:00', NULL, NULL, 7, 13, 0, 1, 0, '127.0.0.1', '2025-06-17 23:30:06', '2025-06-17 23:30:06', NULL, NULL, 6, '2025-09-16', 0),
(1572, NULL, 0, NULL, '17:00:00', '18:00:00', NULL, NULL, 8, 13, 0, 1, 0, '127.0.0.1', '2025-06-17 23:30:06', '2025-06-17 23:30:06', NULL, NULL, 7, '2025-09-16', 0),
(1573, NULL, 0, NULL, '18:00:00', '19:00:00', NULL, NULL, 6, 13, 0, 1, 0, '127.0.0.1', '2025-06-17 23:30:06', '2025-06-17 23:30:06', NULL, NULL, 8, '2025-09-16', 0),
(1574, NULL, 0, NULL, '09:00:00', '10:00:00', NULL, NULL, 9, 15, 0, 1, 0, '127.0.0.1', '2025-06-17 23:30:06', '2025-06-17 23:30:06', NULL, NULL, 9, '2025-09-16', 0),
(1575, NULL, 0, NULL, '16:00:00', '17:00:00', NULL, NULL, 1, 1, 0, 1, 0, '127.0.0.1', '2025-06-18 23:30:05', '2025-06-18 23:30:05', NULL, NULL, 1, '2025-09-17', 0),
(1576, NULL, 0, NULL, '17:00:00', '18:00:00', NULL, NULL, 1, 1, 0, 1, 0, '127.0.0.1', '2025-06-18 23:30:05', '2025-06-18 23:30:05', NULL, NULL, 2, '2025-09-17', 0),
(1577, NULL, 0, NULL, '18:00:00', '19:00:00', NULL, NULL, 2, 1, 0, 1, 0, '127.0.0.1', '2025-06-18 23:30:05', '2025-06-18 23:30:05', NULL, NULL, 3, '2025-09-17', 0),
(1578, NULL, 0, NULL, '20:00:00', '21:00:00', NULL, NULL, 2, 1, 0, 1, 0, '127.0.0.1', '2025-06-18 23:30:05', '2025-06-18 23:30:05', NULL, NULL, 4, '2025-09-17', 0),
(1579, NULL, 0, NULL, '12:00:00', '13:00:00', NULL, NULL, 6, 13, 0, 1, 0, '127.0.0.1', '2025-06-18 23:30:05', '2025-06-18 23:30:05', NULL, NULL, 5, '2025-09-17', 0),
(1580, NULL, 0, NULL, '14:00:00', '16:00:00', NULL, NULL, 7, 13, 0, 1, 0, '127.0.0.1', '2025-06-18 23:30:05', '2025-06-18 23:30:05', NULL, NULL, 6, '2025-09-17', 0),
(1581, NULL, 0, NULL, '17:00:00', '18:00:00', NULL, NULL, 8, 13, 0, 1, 0, '127.0.0.1', '2025-06-18 23:30:05', '2025-06-18 23:30:05', NULL, NULL, 7, '2025-09-17', 0),
(1582, NULL, 0, NULL, '18:00:00', '19:00:00', NULL, NULL, 6, 13, 0, 1, 0, '127.0.0.1', '2025-06-18 23:30:05', '2025-06-18 23:30:05', NULL, NULL, 8, '2025-09-17', 0),
(1583, NULL, 0, NULL, '09:00:00', '10:00:00', NULL, NULL, 9, 15, 0, 1, 0, '127.0.0.1', '2025-06-18 23:30:05', '2025-06-18 23:30:05', NULL, NULL, 9, '2025-09-17', 0),
(1584, NULL, 0, NULL, '16:00:00', '17:00:00', NULL, NULL, 1, 1, 0, 1, 0, '127.0.0.1', '2025-06-19 23:30:06', '2025-06-19 23:30:06', NULL, NULL, 1, '2025-09-18', 0),
(1585, NULL, 0, NULL, '17:00:00', '18:00:00', NULL, NULL, 1, 1, 0, 1, 0, '127.0.0.1', '2025-06-19 23:30:06', '2025-06-19 23:30:06', NULL, NULL, 2, '2025-09-18', 0),
(1586, NULL, 0, NULL, '18:00:00', '19:00:00', NULL, NULL, 2, 1, 0, 1, 0, '127.0.0.1', '2025-06-19 23:30:06', '2025-06-19 23:30:06', NULL, NULL, 3, '2025-09-18', 0),
(1587, NULL, 0, NULL, '20:00:00', '21:00:00', NULL, NULL, 2, 1, 0, 1, 0, '127.0.0.1', '2025-06-19 23:30:06', '2025-06-19 23:30:06', NULL, NULL, 4, '2025-09-18', 0),
(1588, NULL, 0, NULL, '12:00:00', '13:00:00', NULL, NULL, 6, 13, 0, 1, 0, '127.0.0.1', '2025-06-19 23:30:06', '2025-06-19 23:30:06', NULL, NULL, 5, '2025-09-18', 0),
(1589, NULL, 0, NULL, '14:00:00', '16:00:00', NULL, NULL, 7, 13, 0, 1, 0, '127.0.0.1', '2025-06-19 23:30:06', '2025-06-19 23:30:06', NULL, NULL, 6, '2025-09-18', 0),
(1590, NULL, 0, NULL, '17:00:00', '18:00:00', NULL, NULL, 8, 13, 0, 1, 0, '127.0.0.1', '2025-06-19 23:30:06', '2025-06-19 23:30:06', NULL, NULL, 7, '2025-09-18', 0),
(1591, NULL, 0, NULL, '18:00:00', '19:00:00', NULL, NULL, 6, 13, 0, 1, 0, '127.0.0.1', '2025-06-19 23:30:06', '2025-06-19 23:30:06', NULL, NULL, 8, '2025-09-18', 0),
(1592, NULL, 0, NULL, '09:00:00', '10:00:00', NULL, NULL, 9, 15, 0, 1, 0, '127.0.0.1', '2025-06-19 23:30:06', '2025-06-19 23:30:06', NULL, NULL, 9, '2025-09-18', 0),
(1593, NULL, 0, NULL, '16:00:00', '17:00:00', NULL, NULL, 1, 1, 0, 1, 0, '127.0.0.1', '2025-06-20 23:30:07', '2025-06-20 23:30:07', NULL, NULL, 1, '2025-09-19', 0),
(1594, NULL, 0, NULL, '17:00:00', '18:00:00', NULL, NULL, 1, 1, 0, 1, 0, '127.0.0.1', '2025-06-20 23:30:07', '2025-06-20 23:30:07', NULL, NULL, 2, '2025-09-19', 0),
(1595, NULL, 0, NULL, '18:00:00', '19:00:00', NULL, NULL, 2, 1, 0, 1, 0, '127.0.0.1', '2025-06-20 23:30:07', '2025-06-20 23:30:07', NULL, NULL, 3, '2025-09-19', 0),
(1596, NULL, 0, NULL, '20:00:00', '21:00:00', NULL, NULL, 2, 1, 0, 1, 0, '127.0.0.1', '2025-06-20 23:30:07', '2025-06-20 23:30:07', NULL, NULL, 4, '2025-09-19', 0),
(1597, NULL, 0, NULL, '12:00:00', '13:00:00', NULL, NULL, 6, 13, 0, 1, 0, '127.0.0.1', '2025-06-20 23:30:07', '2025-06-20 23:30:07', NULL, NULL, 5, '2025-09-19', 0),
(1598, NULL, 0, NULL, '14:00:00', '16:00:00', NULL, NULL, 7, 13, 0, 1, 0, '127.0.0.1', '2025-06-20 23:30:07', '2025-06-20 23:30:07', NULL, NULL, 6, '2025-09-19', 0),
(1599, NULL, 0, NULL, '17:00:00', '18:00:00', NULL, NULL, 8, 13, 0, 1, 0, '127.0.0.1', '2025-06-20 23:30:07', '2025-06-20 23:30:07', NULL, NULL, 7, '2025-09-19', 0),
(1600, NULL, 0, NULL, '18:00:00', '19:00:00', NULL, NULL, 6, 13, 0, 1, 0, '127.0.0.1', '2025-06-20 23:30:07', '2025-06-20 23:30:07', NULL, NULL, 8, '2025-09-19', 0),
(1601, NULL, 0, NULL, '09:00:00', '10:00:00', NULL, NULL, 9, 15, 0, 1, 0, '127.0.0.1', '2025-06-20 23:30:07', '2025-06-20 23:30:07', NULL, NULL, 9, '2025-09-19', 0),
(1602, NULL, 0, NULL, '16:00:00', '17:00:00', NULL, NULL, 1, 1, 0, 1, 0, '127.0.0.1', '2025-06-21 23:30:06', '2025-06-21 23:30:06', NULL, NULL, 1, '2025-09-20', 0),
(1603, NULL, 0, NULL, '17:00:00', '18:00:00', NULL, NULL, 1, 1, 0, 1, 0, '127.0.0.1', '2025-06-21 23:30:06', '2025-06-21 23:30:06', NULL, NULL, 2, '2025-09-20', 0),
(1604, NULL, 0, NULL, '18:00:00', '19:00:00', NULL, NULL, 2, 1, 0, 1, 0, '127.0.0.1', '2025-06-21 23:30:06', '2025-06-21 23:30:06', NULL, NULL, 3, '2025-09-20', 0),
(1605, NULL, 0, NULL, '20:00:00', '21:00:00', NULL, NULL, 2, 1, 0, 1, 0, '127.0.0.1', '2025-06-21 23:30:06', '2025-06-21 23:30:06', NULL, NULL, 4, '2025-09-20', 0),
(1606, NULL, 0, NULL, '12:00:00', '13:00:00', NULL, NULL, 6, 13, 0, 1, 0, '127.0.0.1', '2025-06-21 23:30:06', '2025-06-21 23:30:06', NULL, NULL, 5, '2025-09-20', 0),
(1607, NULL, 0, NULL, '14:00:00', '16:00:00', NULL, NULL, 7, 13, 0, 1, 0, '127.0.0.1', '2025-06-21 23:30:06', '2025-06-21 23:30:06', NULL, NULL, 6, '2025-09-20', 0),
(1608, NULL, 0, NULL, '17:00:00', '18:00:00', NULL, NULL, 8, 13, 0, 1, 0, '127.0.0.1', '2025-06-21 23:30:06', '2025-06-21 23:30:06', NULL, NULL, 7, '2025-09-20', 0),
(1609, NULL, 0, NULL, '18:00:00', '19:00:00', NULL, NULL, 6, 13, 0, 1, 0, '127.0.0.1', '2025-06-21 23:30:06', '2025-06-21 23:30:06', NULL, NULL, 8, '2025-09-20', 0),
(1610, NULL, 0, NULL, '09:00:00', '10:00:00', NULL, NULL, 9, 15, 0, 1, 0, '127.0.0.1', '2025-06-21 23:30:06', '2025-06-21 23:30:06', NULL, NULL, 9, '2025-09-20', 0),
(1611, NULL, 0, NULL, '16:00:00', '17:00:00', NULL, NULL, 1, 1, 0, 1, 0, '127.0.0.1', '2025-06-22 23:30:07', '2025-06-22 23:30:07', NULL, NULL, 1, '2025-09-21', 0),
(1612, NULL, 0, NULL, '17:00:00', '18:00:00', NULL, NULL, 1, 1, 0, 1, 0, '127.0.0.1', '2025-06-22 23:30:07', '2025-06-22 23:30:07', NULL, NULL, 2, '2025-09-21', 0),
(1613, NULL, 0, NULL, '18:00:00', '19:00:00', NULL, NULL, 2, 1, 0, 1, 0, '127.0.0.1', '2025-06-22 23:30:07', '2025-06-22 23:30:07', NULL, NULL, 3, '2025-09-21', 0),
(1614, NULL, 0, NULL, '20:00:00', '21:00:00', NULL, NULL, 2, 1, 0, 1, 0, '127.0.0.1', '2025-06-22 23:30:07', '2025-06-22 23:30:07', NULL, NULL, 4, '2025-09-21', 0),
(1615, NULL, 0, NULL, '12:00:00', '13:00:00', NULL, NULL, 6, 13, 0, 1, 0, '127.0.0.1', '2025-06-22 23:30:07', '2025-06-22 23:30:07', NULL, NULL, 5, '2025-09-21', 0),
(1616, NULL, 0, NULL, '14:00:00', '16:00:00', NULL, NULL, 7, 13, 0, 1, 0, '127.0.0.1', '2025-06-22 23:30:07', '2025-06-22 23:30:07', NULL, NULL, 6, '2025-09-21', 0),
(1617, NULL, 0, NULL, '17:00:00', '18:00:00', NULL, NULL, 8, 13, 0, 1, 0, '127.0.0.1', '2025-06-22 23:30:07', '2025-06-22 23:30:07', NULL, NULL, 7, '2025-09-21', 0),
(1618, NULL, 0, NULL, '18:00:00', '19:00:00', NULL, NULL, 6, 13, 0, 1, 0, '127.0.0.1', '2025-06-22 23:30:07', '2025-06-22 23:30:07', NULL, NULL, 8, '2025-09-21', 0),
(1619, NULL, 0, NULL, '09:00:00', '10:00:00', NULL, NULL, 9, 15, 0, 1, 0, '127.0.0.1', '2025-06-22 23:30:07', '2025-06-22 23:30:07', NULL, NULL, 9, '2025-09-21', 0),
(1620, NULL, 0, NULL, '16:00:00', '17:00:00', NULL, NULL, 1, 1, 0, 1, 0, '127.0.0.1', '2025-06-23 23:30:02', '2025-06-23 23:30:02', NULL, NULL, 1, '2025-09-22', 0),
(1621, NULL, 0, NULL, '17:00:00', '18:00:00', NULL, NULL, 1, 1, 0, 1, 0, '127.0.0.1', '2025-06-23 23:30:02', '2025-06-23 23:30:02', NULL, NULL, 2, '2025-09-22', 0),
(1622, NULL, 0, NULL, '18:00:00', '19:00:00', NULL, NULL, 2, 1, 0, 1, 0, '127.0.0.1', '2025-06-23 23:30:02', '2025-06-23 23:30:02', NULL, NULL, 3, '2025-09-22', 0),
(1623, NULL, 0, NULL, '20:00:00', '21:00:00', NULL, NULL, 2, 1, 0, 1, 0, '127.0.0.1', '2025-06-23 23:30:02', '2025-06-23 23:30:02', NULL, NULL, 4, '2025-09-22', 0),
(1624, NULL, 0, NULL, '12:00:00', '13:00:00', NULL, NULL, 6, 13, 0, 1, 0, '127.0.0.1', '2025-06-23 23:30:02', '2025-06-23 23:30:02', NULL, NULL, 5, '2025-09-22', 0),
(1625, NULL, 0, NULL, '14:00:00', '16:00:00', NULL, NULL, 7, 13, 0, 1, 0, '127.0.0.1', '2025-06-23 23:30:02', '2025-06-23 23:30:02', NULL, NULL, 6, '2025-09-22', 0),
(1626, NULL, 0, NULL, '17:00:00', '18:00:00', NULL, NULL, 8, 13, 0, 1, 0, '127.0.0.1', '2025-06-23 23:30:02', '2025-06-23 23:30:02', NULL, NULL, 7, '2025-09-22', 0),
(1627, NULL, 0, NULL, '18:00:00', '19:00:00', NULL, NULL, 6, 13, 0, 1, 0, '127.0.0.1', '2025-06-23 23:30:02', '2025-06-23 23:30:02', NULL, NULL, 8, '2025-09-22', 0),
(1628, NULL, 0, NULL, '09:00:00', '10:00:00', NULL, NULL, 9, 15, 0, 1, 0, '127.0.0.1', '2025-06-23 23:30:02', '2025-06-23 23:30:02', NULL, NULL, 9, '2025-09-22', 0),
(1629, NULL, 0, NULL, '16:00:00', '17:00:00', NULL, NULL, 1, 1, 0, 1, 0, '127.0.0.1', '2025-06-24 23:30:02', '2025-06-24 23:30:02', NULL, NULL, 1, '2025-09-23', 0),
(1630, NULL, 0, NULL, '17:00:00', '18:00:00', NULL, NULL, 1, 1, 0, 1, 0, '127.0.0.1', '2025-06-24 23:30:02', '2025-06-24 23:30:02', NULL, NULL, 2, '2025-09-23', 0),
(1631, NULL, 0, NULL, '18:00:00', '19:00:00', NULL, NULL, 2, 1, 0, 1, 0, '127.0.0.1', '2025-06-24 23:30:02', '2025-06-24 23:30:02', NULL, NULL, 3, '2025-09-23', 0),
(1632, NULL, 0, NULL, '20:00:00', '21:00:00', NULL, NULL, 2, 1, 0, 1, 0, '127.0.0.1', '2025-06-24 23:30:02', '2025-06-24 23:30:02', NULL, NULL, 4, '2025-09-23', 0),
(1633, NULL, 0, NULL, '12:00:00', '13:00:00', NULL, NULL, 6, 13, 0, 1, 0, '127.0.0.1', '2025-06-24 23:30:02', '2025-06-24 23:30:02', NULL, NULL, 5, '2025-09-23', 0),
(1634, NULL, 0, NULL, '14:00:00', '16:00:00', NULL, NULL, 7, 13, 0, 1, 0, '127.0.0.1', '2025-06-24 23:30:02', '2025-06-24 23:30:02', NULL, NULL, 6, '2025-09-23', 0),
(1635, NULL, 0, NULL, '17:00:00', '18:00:00', NULL, NULL, 8, 13, 0, 1, 0, '127.0.0.1', '2025-06-24 23:30:02', '2025-06-24 23:30:02', NULL, NULL, 7, '2025-09-23', 0),
(1636, NULL, 0, NULL, '18:00:00', '19:00:00', NULL, NULL, 6, 13, 0, 1, 0, '127.0.0.1', '2025-06-24 23:30:02', '2025-06-24 23:30:02', NULL, NULL, 8, '2025-09-23', 0),
(1637, NULL, 0, NULL, '09:00:00', '10:00:00', NULL, NULL, 9, 15, 0, 1, 0, '127.0.0.1', '2025-06-24 23:30:02', '2025-06-24 23:30:02', NULL, NULL, 9, '2025-09-23', 0),
(1638, NULL, 0, NULL, '16:00:00', '17:00:00', NULL, NULL, 1, 1, 0, 1, 0, '127.0.0.1', '2025-06-25 23:30:02', '2025-06-25 23:30:02', NULL, NULL, 1, '2025-09-24', 0),
(1639, NULL, 0, NULL, '17:00:00', '18:00:00', NULL, NULL, 1, 1, 0, 1, 0, '127.0.0.1', '2025-06-25 23:30:02', '2025-06-25 23:30:02', NULL, NULL, 2, '2025-09-24', 0),
(1640, NULL, 0, NULL, '18:00:00', '19:00:00', NULL, NULL, 2, 1, 0, 1, 0, '127.0.0.1', '2025-06-25 23:30:02', '2025-06-25 23:30:02', NULL, NULL, 3, '2025-09-24', 0),
(1641, NULL, 0, NULL, '20:00:00', '21:00:00', NULL, NULL, 2, 1, 0, 1, 0, '127.0.0.1', '2025-06-25 23:30:02', '2025-06-25 23:30:02', NULL, NULL, 4, '2025-09-24', 0),
(1642, NULL, 0, NULL, '12:00:00', '13:00:00', NULL, NULL, 6, 13, 0, 1, 0, '127.0.0.1', '2025-06-25 23:30:02', '2025-06-25 23:30:02', NULL, NULL, 5, '2025-09-24', 0),
(1643, NULL, 0, NULL, '14:00:00', '16:00:00', NULL, NULL, 7, 13, 0, 1, 0, '127.0.0.1', '2025-06-25 23:30:02', '2025-06-25 23:30:02', NULL, NULL, 6, '2025-09-24', 0),
(1644, NULL, 0, NULL, '17:00:00', '18:00:00', NULL, NULL, 8, 13, 0, 1, 0, '127.0.0.1', '2025-06-25 23:30:02', '2025-06-25 23:30:02', NULL, NULL, 7, '2025-09-24', 0),
(1645, NULL, 0, NULL, '18:00:00', '19:00:00', NULL, NULL, 6, 13, 0, 1, 0, '127.0.0.1', '2025-06-25 23:30:02', '2025-06-25 23:30:02', NULL, NULL, 8, '2025-09-24', 0),
(1646, NULL, 0, NULL, '09:00:00', '10:00:00', NULL, NULL, 9, 15, 0, 1, 0, '127.0.0.1', '2025-06-25 23:30:02', '2025-06-25 23:30:02', NULL, NULL, 9, '2025-09-24', 0),
(1647, NULL, 0, NULL, '16:00:00', '17:00:00', NULL, NULL, 1, 1, 0, 1, 0, '127.0.0.1', '2025-06-26 23:30:02', '2025-06-26 23:30:02', NULL, NULL, 1, '2025-09-25', 0),
(1648, NULL, 0, NULL, '17:00:00', '18:00:00', NULL, NULL, 1, 1, 0, 1, 0, '127.0.0.1', '2025-06-26 23:30:02', '2025-06-26 23:30:02', NULL, NULL, 2, '2025-09-25', 0),
(1649, NULL, 0, NULL, '18:00:00', '19:00:00', NULL, NULL, 2, 1, 0, 1, 0, '127.0.0.1', '2025-06-26 23:30:02', '2025-06-26 23:30:02', NULL, NULL, 3, '2025-09-25', 0),
(1650, NULL, 0, NULL, '20:00:00', '21:00:00', NULL, NULL, 2, 1, 0, 1, 0, '127.0.0.1', '2025-06-26 23:30:02', '2025-06-26 23:30:02', NULL, NULL, 4, '2025-09-25', 0),
(1651, NULL, 0, NULL, '12:00:00', '13:00:00', NULL, NULL, 6, 13, 0, 1, 0, '127.0.0.1', '2025-06-26 23:30:02', '2025-06-26 23:30:02', NULL, NULL, 5, '2025-09-25', 0),
(1652, NULL, 0, NULL, '14:00:00', '16:00:00', NULL, NULL, 7, 13, 0, 1, 0, '127.0.0.1', '2025-06-26 23:30:02', '2025-06-26 23:30:02', NULL, NULL, 6, '2025-09-25', 0),
(1653, NULL, 0, NULL, '17:00:00', '18:00:00', NULL, NULL, 8, 13, 0, 1, 0, '127.0.0.1', '2025-06-26 23:30:02', '2025-06-26 23:30:02', NULL, NULL, 7, '2025-09-25', 0),
(1654, NULL, 0, NULL, '18:00:00', '19:00:00', NULL, NULL, 6, 13, 0, 1, 0, '127.0.0.1', '2025-06-26 23:30:02', '2025-06-26 23:30:02', NULL, NULL, 8, '2025-09-25', 0),
(1655, NULL, 0, NULL, '09:00:00', '10:00:00', NULL, NULL, 9, 15, 0, 1, 0, '127.0.0.1', '2025-06-26 23:30:02', '2025-06-26 23:30:02', NULL, NULL, 9, '2025-09-25', 0),
(1656, NULL, 0, NULL, '16:00:00', '17:00:00', NULL, NULL, 1, 1, 0, 1, 0, '127.0.0.1', '2025-06-27 23:30:02', '2025-06-27 23:30:02', NULL, NULL, 1, '2025-09-26', 0),
(1657, NULL, 0, NULL, '17:00:00', '18:00:00', NULL, NULL, 1, 1, 0, 1, 0, '127.0.0.1', '2025-06-27 23:30:02', '2025-06-27 23:30:02', NULL, NULL, 2, '2025-09-26', 0),
(1658, NULL, 0, NULL, '18:00:00', '19:00:00', NULL, NULL, 2, 1, 0, 1, 0, '127.0.0.1', '2025-06-27 23:30:02', '2025-06-27 23:30:02', NULL, NULL, 3, '2025-09-26', 0),
(1659, NULL, 0, NULL, '20:00:00', '21:00:00', NULL, NULL, 2, 1, 0, 1, 0, '127.0.0.1', '2025-06-27 23:30:02', '2025-06-27 23:30:02', NULL, NULL, 4, '2025-09-26', 0),
(1660, NULL, 0, NULL, '12:00:00', '13:00:00', NULL, NULL, 6, 13, 0, 1, 0, '127.0.0.1', '2025-06-27 23:30:02', '2025-06-27 23:30:02', NULL, NULL, 5, '2025-09-26', 0),
(1661, NULL, 0, NULL, '14:00:00', '16:00:00', NULL, NULL, 7, 13, 0, 1, 0, '127.0.0.1', '2025-06-27 23:30:02', '2025-06-27 23:30:02', NULL, NULL, 6, '2025-09-26', 0),
(1662, NULL, 0, NULL, '17:00:00', '18:00:00', NULL, NULL, 8, 13, 0, 1, 0, '127.0.0.1', '2025-06-27 23:30:02', '2025-06-27 23:30:02', NULL, NULL, 7, '2025-09-26', 0),
(1663, NULL, 0, NULL, '18:00:00', '19:00:00', NULL, NULL, 6, 13, 0, 1, 0, '127.0.0.1', '2025-06-27 23:30:02', '2025-06-27 23:30:02', NULL, NULL, 8, '2025-09-26', 0),
(1664, NULL, 0, NULL, '09:00:00', '10:00:00', NULL, NULL, 9, 15, 0, 1, 0, '127.0.0.1', '2025-06-27 23:30:02', '2025-06-27 23:30:02', NULL, NULL, 9, '2025-09-26', 0),
(1665, NULL, 0, NULL, '16:00:00', '17:00:00', NULL, NULL, 1, 1, 0, 1, 0, '127.0.0.1', '2025-06-28 23:30:02', '2025-06-28 23:30:02', NULL, NULL, 1, '2025-09-27', 0),
(1666, NULL, 0, NULL, '17:00:00', '18:00:00', NULL, NULL, 1, 1, 0, 1, 0, '127.0.0.1', '2025-06-28 23:30:02', '2025-06-28 23:30:02', NULL, NULL, 2, '2025-09-27', 0),
(1667, NULL, 0, NULL, '18:00:00', '19:00:00', NULL, NULL, 2, 1, 0, 1, 0, '127.0.0.1', '2025-06-28 23:30:02', '2025-06-28 23:30:02', NULL, NULL, 3, '2025-09-27', 0),
(1668, NULL, 0, NULL, '20:00:00', '21:00:00', NULL, NULL, 2, 1, 0, 1, 0, '127.0.0.1', '2025-06-28 23:30:02', '2025-06-28 23:30:02', NULL, NULL, 4, '2025-09-27', 0),
(1669, NULL, 0, NULL, '12:00:00', '13:00:00', NULL, NULL, 6, 13, 0, 1, 0, '127.0.0.1', '2025-06-28 23:30:02', '2025-06-28 23:30:02', NULL, NULL, 5, '2025-09-27', 0),
(1670, NULL, 0, NULL, '14:00:00', '16:00:00', NULL, NULL, 7, 13, 0, 1, 0, '127.0.0.1', '2025-06-28 23:30:02', '2025-06-28 23:30:02', NULL, NULL, 6, '2025-09-27', 0),
(1671, NULL, 0, NULL, '17:00:00', '18:00:00', NULL, NULL, 8, 13, 0, 1, 0, '127.0.0.1', '2025-06-28 23:30:02', '2025-06-28 23:30:02', NULL, NULL, 7, '2025-09-27', 0),
(1672, NULL, 0, NULL, '18:00:00', '19:00:00', NULL, NULL, 6, 13, 0, 1, 0, '127.0.0.1', '2025-06-28 23:30:02', '2025-06-28 23:30:02', NULL, NULL, 8, '2025-09-27', 0),
(1673, NULL, 0, NULL, '09:00:00', '10:00:00', NULL, NULL, 9, 15, 0, 1, 0, '127.0.0.1', '2025-06-28 23:30:02', '2025-06-28 23:30:02', NULL, NULL, 9, '2025-09-27', 0),
(1674, NULL, 0, NULL, '16:00:00', '17:00:00', NULL, NULL, 1, 1, 0, 1, 0, '127.0.0.1', '2025-06-29 23:30:02', '2025-06-29 23:30:02', NULL, NULL, 1, '2025-09-28', 0),
(1675, NULL, 0, NULL, '17:00:00', '18:00:00', NULL, NULL, 1, 1, 0, 1, 0, '127.0.0.1', '2025-06-29 23:30:02', '2025-06-29 23:30:02', NULL, NULL, 2, '2025-09-28', 0),
(1676, NULL, 0, NULL, '18:00:00', '19:00:00', NULL, NULL, 2, 1, 0, 1, 0, '127.0.0.1', '2025-06-29 23:30:02', '2025-06-29 23:30:02', NULL, NULL, 3, '2025-09-28', 0),
(1677, NULL, 0, NULL, '20:00:00', '21:00:00', NULL, NULL, 2, 1, 0, 1, 0, '127.0.0.1', '2025-06-29 23:30:02', '2025-06-29 23:30:02', NULL, NULL, 4, '2025-09-28', 0),
(1678, NULL, 0, NULL, '12:00:00', '13:00:00', NULL, NULL, 6, 13, 0, 1, 0, '127.0.0.1', '2025-06-29 23:30:02', '2025-06-29 23:30:02', NULL, NULL, 5, '2025-09-28', 0),
(1679, NULL, 0, NULL, '14:00:00', '16:00:00', NULL, NULL, 7, 13, 0, 1, 0, '127.0.0.1', '2025-06-29 23:30:02', '2025-06-29 23:30:02', NULL, NULL, 6, '2025-09-28', 0),
(1680, NULL, 0, NULL, '17:00:00', '18:00:00', NULL, NULL, 8, 13, 0, 1, 0, '127.0.0.1', '2025-06-29 23:30:02', '2025-06-29 23:30:02', NULL, NULL, 7, '2025-09-28', 0),
(1681, NULL, 0, NULL, '18:00:00', '19:00:00', NULL, NULL, 6, 13, 0, 1, 0, '127.0.0.1', '2025-06-29 23:30:02', '2025-06-29 23:30:02', NULL, NULL, 8, '2025-09-28', 0),
(1682, NULL, 0, NULL, '09:00:00', '10:00:00', NULL, NULL, 9, 15, 0, 1, 0, '127.0.0.1', '2025-06-29 23:30:02', '2025-06-29 23:30:02', NULL, NULL, 9, '2025-09-28', 0),
(1683, NULL, 0, NULL, '16:00:00', '17:00:00', NULL, NULL, 1, 1, 0, 1, 0, '127.0.0.1', '2025-06-30 23:30:03', '2025-06-30 23:30:03', NULL, NULL, 1, '2025-09-29', 0),
(1684, NULL, 0, NULL, '17:00:00', '18:00:00', NULL, NULL, 1, 1, 0, 1, 0, '127.0.0.1', '2025-06-30 23:30:03', '2025-06-30 23:30:03', NULL, NULL, 2, '2025-09-29', 0),
(1685, NULL, 0, NULL, '18:00:00', '19:00:00', NULL, NULL, 2, 1, 0, 1, 0, '127.0.0.1', '2025-06-30 23:30:03', '2025-06-30 23:30:03', NULL, NULL, 3, '2025-09-29', 0),
(1686, NULL, 0, NULL, '20:00:00', '21:00:00', NULL, NULL, 2, 1, 0, 1, 0, '127.0.0.1', '2025-06-30 23:30:03', '2025-06-30 23:30:03', NULL, NULL, 4, '2025-09-29', 0),
(1687, NULL, 0, NULL, '12:00:00', '13:00:00', NULL, NULL, 6, 13, 0, 1, 0, '127.0.0.1', '2025-06-30 23:30:03', '2025-06-30 23:30:03', NULL, NULL, 5, '2025-09-29', 0),
(1688, NULL, 0, NULL, '14:00:00', '16:00:00', NULL, NULL, 7, 13, 0, 1, 0, '127.0.0.1', '2025-06-30 23:30:03', '2025-06-30 23:30:03', NULL, NULL, 6, '2025-09-29', 0),
(1689, NULL, 0, NULL, '17:00:00', '18:00:00', NULL, NULL, 8, 13, 0, 1, 0, '127.0.0.1', '2025-06-30 23:30:03', '2025-06-30 23:30:03', NULL, NULL, 7, '2025-09-29', 0),
(1690, NULL, 0, NULL, '18:00:00', '19:00:00', NULL, NULL, 6, 13, 0, 1, 0, '127.0.0.1', '2025-06-30 23:30:03', '2025-06-30 23:30:03', NULL, NULL, 8, '2025-09-29', 0),
(1691, NULL, 0, NULL, '09:00:00', '10:00:00', NULL, NULL, 9, 15, 0, 1, 0, '127.0.0.1', '2025-06-30 23:30:03', '2025-06-30 23:30:03', NULL, NULL, 9, '2025-09-29', 0),
(1692, NULL, 0, NULL, '16:00:00', '17:00:00', NULL, NULL, 1, 1, 0, 1, 0, '127.0.0.1', '2025-07-01 23:30:03', '2025-07-01 23:30:03', NULL, NULL, 1, '2025-09-30', 0),
(1693, NULL, 0, NULL, '17:00:00', '18:00:00', NULL, NULL, 1, 1, 0, 1, 0, '127.0.0.1', '2025-07-01 23:30:03', '2025-07-01 23:30:03', NULL, NULL, 2, '2025-09-30', 0),
(1694, NULL, 0, NULL, '18:00:00', '19:00:00', NULL, NULL, 2, 1, 0, 1, 0, '127.0.0.1', '2025-07-01 23:30:03', '2025-07-01 23:30:03', NULL, NULL, 3, '2025-09-30', 0),
(1695, NULL, 0, NULL, '20:00:00', '21:00:00', NULL, NULL, 2, 1, 0, 1, 0, '127.0.0.1', '2025-07-01 23:30:03', '2025-07-01 23:30:03', NULL, NULL, 4, '2025-09-30', 0),
(1696, NULL, 0, NULL, '12:00:00', '13:00:00', NULL, NULL, 6, 13, 0, 1, 0, '127.0.0.1', '2025-07-01 23:30:03', '2025-07-01 23:30:03', NULL, NULL, 5, '2025-09-30', 0),
(1697, NULL, 0, NULL, '14:00:00', '16:00:00', NULL, NULL, 7, 13, 0, 1, 0, '127.0.0.1', '2025-07-01 23:30:03', '2025-07-01 23:30:03', NULL, NULL, 6, '2025-09-30', 0),
(1698, NULL, 0, NULL, '17:00:00', '18:00:00', NULL, NULL, 8, 13, 0, 1, 0, '127.0.0.1', '2025-07-01 23:30:03', '2025-07-01 23:30:03', NULL, NULL, 7, '2025-09-30', 0),
(1699, NULL, 0, NULL, '18:00:00', '19:00:00', NULL, NULL, 6, 13, 0, 1, 0, '127.0.0.1', '2025-07-01 23:30:03', '2025-07-01 23:30:03', NULL, NULL, 8, '2025-09-30', 0),
(1700, NULL, 0, NULL, '09:00:00', '10:00:00', NULL, NULL, 9, 15, 0, 1, 0, '127.0.0.1', '2025-07-01 23:30:03', '2025-07-01 23:30:03', NULL, NULL, 9, '2025-09-30', 0),
(1701, NULL, 0, NULL, '16:00:00', '17:00:00', NULL, NULL, 1, 1, 0, 1, 0, '127.0.0.1', '2025-07-02 23:30:03', '2025-07-02 23:30:03', NULL, NULL, 1, '2025-10-01', 0),
(1702, NULL, 0, NULL, '17:00:00', '18:00:00', NULL, NULL, 1, 1, 0, 1, 0, '127.0.0.1', '2025-07-02 23:30:03', '2025-07-02 23:30:03', NULL, NULL, 2, '2025-10-01', 0),
(1703, NULL, 0, NULL, '18:00:00', '19:00:00', NULL, NULL, 2, 1, 0, 1, 0, '127.0.0.1', '2025-07-02 23:30:03', '2025-07-02 23:30:03', NULL, NULL, 3, '2025-10-01', 0),
(1704, NULL, 0, NULL, '20:00:00', '21:00:00', NULL, NULL, 2, 1, 0, 1, 0, '127.0.0.1', '2025-07-02 23:30:03', '2025-07-02 23:30:03', NULL, NULL, 4, '2025-10-01', 0),
(1705, NULL, 0, NULL, '12:00:00', '13:00:00', NULL, NULL, 6, 13, 0, 1, 0, '127.0.0.1', '2025-07-02 23:30:03', '2025-07-02 23:30:03', NULL, NULL, 5, '2025-10-01', 0),
(1706, NULL, 0, NULL, '14:00:00', '16:00:00', NULL, NULL, 7, 13, 0, 1, 0, '127.0.0.1', '2025-07-02 23:30:03', '2025-07-02 23:30:03', NULL, NULL, 6, '2025-10-01', 0),
(1707, NULL, 0, NULL, '17:00:00', '18:00:00', NULL, NULL, 8, 13, 0, 1, 0, '127.0.0.1', '2025-07-02 23:30:03', '2025-07-02 23:30:03', NULL, NULL, 7, '2025-10-01', 0),
(1708, NULL, 0, NULL, '18:00:00', '19:00:00', NULL, NULL, 6, 13, 0, 1, 0, '127.0.0.1', '2025-07-02 23:30:03', '2025-07-02 23:30:03', NULL, NULL, 8, '2025-10-01', 0),
(1709, NULL, 0, NULL, '09:00:00', '10:00:00', NULL, NULL, 9, 15, 0, 1, 0, '127.0.0.1', '2025-07-02 23:30:03', '2025-07-02 23:30:03', NULL, NULL, 9, '2025-10-01', 0),
(1710, NULL, 0, NULL, '16:00:00', '17:00:00', NULL, NULL, 1, 1, 0, 1, 0, '127.0.0.1', '2025-07-03 23:30:02', '2025-07-03 23:30:02', NULL, NULL, 1, '2025-10-02', 0),
(1711, NULL, 0, NULL, '17:00:00', '18:00:00', NULL, NULL, 1, 1, 0, 1, 0, '127.0.0.1', '2025-07-03 23:30:02', '2025-07-03 23:30:02', NULL, NULL, 2, '2025-10-02', 0),
(1712, NULL, 0, NULL, '18:00:00', '19:00:00', NULL, NULL, 2, 1, 0, 1, 0, '127.0.0.1', '2025-07-03 23:30:02', '2025-07-03 23:30:02', NULL, NULL, 3, '2025-10-02', 0),
(1713, NULL, 0, NULL, '20:00:00', '21:00:00', NULL, NULL, 2, 1, 0, 1, 0, '127.0.0.1', '2025-07-03 23:30:02', '2025-07-03 23:30:02', NULL, NULL, 4, '2025-10-02', 0),
(1714, NULL, 0, NULL, '12:00:00', '13:00:00', NULL, NULL, 6, 13, 0, 1, 0, '127.0.0.1', '2025-07-03 23:30:02', '2025-07-03 23:30:02', NULL, NULL, 5, '2025-10-02', 0),
(1715, NULL, 0, NULL, '14:00:00', '16:00:00', NULL, NULL, 7, 13, 0, 1, 0, '127.0.0.1', '2025-07-03 23:30:02', '2025-07-03 23:30:02', NULL, NULL, 6, '2025-10-02', 0),
(1716, NULL, 0, NULL, '17:00:00', '18:00:00', NULL, NULL, 8, 13, 0, 1, 0, '127.0.0.1', '2025-07-03 23:30:02', '2025-07-03 23:30:02', NULL, NULL, 7, '2025-10-02', 0),
(1717, NULL, 0, NULL, '18:00:00', '19:00:00', NULL, NULL, 6, 13, 0, 1, 0, '127.0.0.1', '2025-07-03 23:30:02', '2025-07-03 23:30:02', NULL, NULL, 8, '2025-10-02', 0),
(1718, NULL, 0, NULL, '09:00:00', '10:00:00', NULL, NULL, 9, 15, 0, 1, 0, '127.0.0.1', '2025-07-03 23:30:02', '2025-07-03 23:30:02', NULL, NULL, 9, '2025-10-02', 0),
(1719, NULL, 0, NULL, '16:00:00', '17:00:00', NULL, NULL, 1, 1, 0, 1, 0, '127.0.0.1', '2025-07-04 23:30:02', '2025-07-04 23:30:02', NULL, NULL, 1, '2025-10-03', 0),
(1720, NULL, 0, NULL, '17:00:00', '18:00:00', NULL, NULL, 1, 1, 0, 1, 0, '127.0.0.1', '2025-07-04 23:30:02', '2025-07-04 23:30:02', NULL, NULL, 2, '2025-10-03', 0),
(1721, NULL, 0, NULL, '18:00:00', '19:00:00', NULL, NULL, 2, 1, 0, 1, 0, '127.0.0.1', '2025-07-04 23:30:02', '2025-07-04 23:30:02', NULL, NULL, 3, '2025-10-03', 0),
(1722, NULL, 0, NULL, '20:00:00', '21:00:00', NULL, NULL, 2, 1, 0, 1, 0, '127.0.0.1', '2025-07-04 23:30:02', '2025-07-04 23:30:02', NULL, NULL, 4, '2025-10-03', 0),
(1723, NULL, 0, NULL, '12:00:00', '13:00:00', NULL, NULL, 6, 13, 0, 1, 0, '127.0.0.1', '2025-07-04 23:30:02', '2025-07-04 23:30:02', NULL, NULL, 5, '2025-10-03', 0),
(1724, NULL, 0, NULL, '14:00:00', '16:00:00', NULL, NULL, 7, 13, 0, 1, 0, '127.0.0.1', '2025-07-04 23:30:02', '2025-07-04 23:30:02', NULL, NULL, 6, '2025-10-03', 0),
(1725, NULL, 0, NULL, '17:00:00', '18:00:00', NULL, NULL, 8, 13, 0, 1, 0, '127.0.0.1', '2025-07-04 23:30:02', '2025-07-04 23:30:02', NULL, NULL, 7, '2025-10-03', 0),
(1726, NULL, 0, NULL, '18:00:00', '19:00:00', NULL, NULL, 6, 13, 0, 1, 0, '127.0.0.1', '2025-07-04 23:30:02', '2025-07-04 23:30:02', NULL, NULL, 8, '2025-10-03', 0),
(1727, NULL, 0, NULL, '09:00:00', '10:00:00', NULL, NULL, 9, 15, 0, 1, 0, '127.0.0.1', '2025-07-04 23:30:02', '2025-07-04 23:30:02', NULL, NULL, 9, '2025-10-03', 0),
(1728, NULL, 0, NULL, '16:00:00', '17:00:00', NULL, NULL, 1, 1, 0, 1, 0, '127.0.0.1', '2025-07-05 23:30:02', '2025-07-05 23:30:02', NULL, NULL, 1, '2025-10-04', 0),
(1729, NULL, 0, NULL, '17:00:00', '18:00:00', NULL, NULL, 1, 1, 0, 1, 0, '127.0.0.1', '2025-07-05 23:30:02', '2025-07-05 23:30:02', NULL, NULL, 2, '2025-10-04', 0),
(1730, NULL, 0, NULL, '18:00:00', '19:00:00', NULL, NULL, 2, 1, 0, 1, 0, '127.0.0.1', '2025-07-05 23:30:02', '2025-07-05 23:30:02', NULL, NULL, 3, '2025-10-04', 0),
(1731, NULL, 0, NULL, '20:00:00', '21:00:00', NULL, NULL, 2, 1, 0, 1, 0, '127.0.0.1', '2025-07-05 23:30:02', '2025-07-05 23:30:02', NULL, NULL, 4, '2025-10-04', 0),
(1732, NULL, 0, NULL, '12:00:00', '13:00:00', NULL, NULL, 6, 13, 0, 1, 0, '127.0.0.1', '2025-07-05 23:30:02', '2025-07-05 23:30:02', NULL, NULL, 5, '2025-10-04', 0),
(1733, NULL, 0, NULL, '14:00:00', '16:00:00', NULL, NULL, 7, 13, 0, 1, 0, '127.0.0.1', '2025-07-05 23:30:02', '2025-07-05 23:30:02', NULL, NULL, 6, '2025-10-04', 0),
(1734, NULL, 0, NULL, '17:00:00', '18:00:00', NULL, NULL, 8, 13, 0, 1, 0, '127.0.0.1', '2025-07-05 23:30:02', '2025-07-05 23:30:02', NULL, NULL, 7, '2025-10-04', 0),
(1735, NULL, 0, NULL, '18:00:00', '19:00:00', NULL, NULL, 6, 13, 0, 1, 0, '127.0.0.1', '2025-07-05 23:30:02', '2025-07-05 23:30:02', NULL, NULL, 8, '2025-10-04', 0),
(1736, NULL, 0, NULL, '09:00:00', '10:00:00', NULL, NULL, 9, 15, 0, 1, 0, '127.0.0.1', '2025-07-05 23:30:02', '2025-07-05 23:30:02', NULL, NULL, 9, '2025-10-04', 0),
(1737, NULL, 0, NULL, '16:00:00', '17:00:00', NULL, NULL, 1, 1, 0, 1, 0, '127.0.0.1', '2025-07-06 23:30:02', '2025-07-06 23:30:02', NULL, NULL, 1, '2025-10-05', 0),
(1738, NULL, 0, NULL, '17:00:00', '18:00:00', NULL, NULL, 1, 1, 0, 1, 0, '127.0.0.1', '2025-07-06 23:30:02', '2025-07-06 23:30:02', NULL, NULL, 2, '2025-10-05', 0),
(1739, NULL, 0, NULL, '18:00:00', '19:00:00', NULL, NULL, 2, 1, 0, 1, 0, '127.0.0.1', '2025-07-06 23:30:02', '2025-07-06 23:30:02', NULL, NULL, 3, '2025-10-05', 0),
(1740, NULL, 0, NULL, '20:00:00', '21:00:00', NULL, NULL, 2, 1, 0, 1, 0, '127.0.0.1', '2025-07-06 23:30:02', '2025-07-06 23:30:02', NULL, NULL, 4, '2025-10-05', 0),
(1741, NULL, 0, NULL, '12:00:00', '13:00:00', NULL, NULL, 6, 13, 0, 1, 0, '127.0.0.1', '2025-07-06 23:30:02', '2025-07-06 23:30:02', NULL, NULL, 5, '2025-10-05', 0),
(1742, NULL, 0, NULL, '14:00:00', '16:00:00', NULL, NULL, 7, 13, 0, 1, 0, '127.0.0.1', '2025-07-06 23:30:02', '2025-07-06 23:30:02', NULL, NULL, 6, '2025-10-05', 0),
(1743, NULL, 0, NULL, '17:00:00', '18:00:00', NULL, NULL, 8, 13, 0, 1, 0, '127.0.0.1', '2025-07-06 23:30:02', '2025-07-06 23:30:02', NULL, NULL, 7, '2025-10-05', 0),
(1744, NULL, 0, NULL, '18:00:00', '19:00:00', NULL, NULL, 6, 13, 0, 1, 0, '127.0.0.1', '2025-07-06 23:30:02', '2025-07-06 23:30:02', NULL, NULL, 8, '2025-10-05', 0),
(1745, NULL, 0, NULL, '09:00:00', '10:00:00', NULL, NULL, 9, 15, 0, 1, 0, '127.0.0.1', '2025-07-06 23:30:02', '2025-07-06 23:30:02', NULL, NULL, 9, '2025-10-05', 0),
(1746, NULL, 0, NULL, '16:00:00', '17:00:00', NULL, NULL, 1, 1, 0, 1, 0, '127.0.0.1', '2025-07-07 23:30:02', '2025-07-07 23:30:02', NULL, NULL, 1, '2025-10-06', 0),
(1747, NULL, 0, NULL, '17:00:00', '18:00:00', NULL, NULL, 1, 1, 0, 1, 0, '127.0.0.1', '2025-07-07 23:30:02', '2025-07-07 23:30:02', NULL, NULL, 2, '2025-10-06', 0),
(1748, NULL, 0, NULL, '18:00:00', '19:00:00', NULL, NULL, 2, 1, 0, 1, 0, '127.0.0.1', '2025-07-07 23:30:02', '2025-07-07 23:30:02', NULL, NULL, 3, '2025-10-06', 0),
(1749, NULL, 0, NULL, '20:00:00', '21:00:00', NULL, NULL, 2, 1, 0, 1, 0, '127.0.0.1', '2025-07-07 23:30:02', '2025-07-07 23:30:02', NULL, NULL, 4, '2025-10-06', 0),
(1750, NULL, 0, NULL, '12:00:00', '13:00:00', NULL, NULL, 6, 13, 0, 1, 0, '127.0.0.1', '2025-07-07 23:30:02', '2025-07-07 23:30:02', NULL, NULL, 5, '2025-10-06', 0),
(1751, NULL, 0, NULL, '14:00:00', '16:00:00', NULL, NULL, 7, 13, 0, 1, 0, '127.0.0.1', '2025-07-07 23:30:02', '2025-07-07 23:30:02', NULL, NULL, 6, '2025-10-06', 0),
(1752, NULL, 0, NULL, '17:00:00', '18:00:00', NULL, NULL, 8, 13, 0, 1, 0, '127.0.0.1', '2025-07-07 23:30:02', '2025-07-07 23:30:02', NULL, NULL, 7, '2025-10-06', 0),
(1753, NULL, 0, NULL, '18:00:00', '19:00:00', NULL, NULL, 6, 13, 0, 1, 0, '127.0.0.1', '2025-07-07 23:30:02', '2025-07-07 23:30:02', NULL, NULL, 8, '2025-10-06', 0),
(1754, NULL, 0, NULL, '09:00:00', '10:00:00', NULL, NULL, 9, 15, 0, 1, 0, '127.0.0.1', '2025-07-07 23:30:02', '2025-07-07 23:30:02', NULL, NULL, 9, '2025-10-06', 0),
(1755, NULL, 0, NULL, '16:00:00', '17:00:00', NULL, NULL, 1, 1, 0, 1, 0, '127.0.0.1', '2025-07-08 23:30:02', '2025-07-08 23:30:02', NULL, NULL, 1, '2025-10-07', 0),
(1756, NULL, 0, NULL, '17:00:00', '18:00:00', NULL, NULL, 1, 1, 0, 1, 0, '127.0.0.1', '2025-07-08 23:30:02', '2025-07-08 23:30:02', NULL, NULL, 2, '2025-10-07', 0),
(1757, NULL, 0, NULL, '18:00:00', '19:00:00', NULL, NULL, 2, 1, 0, 1, 0, '127.0.0.1', '2025-07-08 23:30:02', '2025-07-08 23:30:02', NULL, NULL, 3, '2025-10-07', 0),
(1758, NULL, 0, NULL, '20:00:00', '21:00:00', NULL, NULL, 2, 1, 0, 1, 0, '127.0.0.1', '2025-07-08 23:30:02', '2025-07-08 23:30:02', NULL, NULL, 4, '2025-10-07', 0),
(1759, NULL, 0, NULL, '12:00:00', '13:00:00', NULL, NULL, 6, 13, 0, 1, 0, '127.0.0.1', '2025-07-08 23:30:02', '2025-07-08 23:30:02', NULL, NULL, 5, '2025-10-07', 0),
(1760, NULL, 0, NULL, '14:00:00', '16:00:00', NULL, NULL, 7, 13, 0, 1, 0, '127.0.0.1', '2025-07-08 23:30:02', '2025-07-08 23:30:02', NULL, NULL, 6, '2025-10-07', 0),
(1761, NULL, 0, NULL, '17:00:00', '18:00:00', NULL, NULL, 8, 13, 0, 1, 0, '127.0.0.1', '2025-07-08 23:30:02', '2025-07-08 23:30:02', NULL, NULL, 7, '2025-10-07', 0),
(1762, NULL, 0, NULL, '18:00:00', '19:00:00', NULL, NULL, 6, 13, 0, 1, 0, '127.0.0.1', '2025-07-08 23:30:02', '2025-07-08 23:30:02', NULL, NULL, 8, '2025-10-07', 0),
(1763, NULL, 0, NULL, '09:00:00', '10:00:00', NULL, NULL, 9, 15, 0, 1, 0, '127.0.0.1', '2025-07-08 23:30:02', '2025-07-08 23:30:02', NULL, NULL, 9, '2025-10-07', 0),
(1764, NULL, 0, NULL, '16:00:00', '17:00:00', NULL, NULL, 1, 1, 0, 1, 0, '127.0.0.1', '2025-07-09 23:30:02', '2025-07-09 23:30:02', NULL, NULL, 1, '2025-10-08', 0),
(1765, NULL, 0, NULL, '17:00:00', '18:00:00', NULL, NULL, 1, 1, 0, 1, 0, '127.0.0.1', '2025-07-09 23:30:02', '2025-07-09 23:30:02', NULL, NULL, 2, '2025-10-08', 0),
(1766, NULL, 0, NULL, '18:00:00', '19:00:00', NULL, NULL, 2, 1, 0, 1, 0, '127.0.0.1', '2025-07-09 23:30:02', '2025-07-09 23:30:02', NULL, NULL, 3, '2025-10-08', 0),
(1767, NULL, 0, NULL, '20:00:00', '21:00:00', NULL, NULL, 2, 1, 0, 1, 0, '127.0.0.1', '2025-07-09 23:30:02', '2025-07-09 23:30:02', NULL, NULL, 4, '2025-10-08', 0),
(1768, NULL, 0, NULL, '12:00:00', '13:00:00', NULL, NULL, 6, 13, 0, 1, 0, '127.0.0.1', '2025-07-09 23:30:02', '2025-07-09 23:30:02', NULL, NULL, 5, '2025-10-08', 0),
(1769, NULL, 0, NULL, '14:00:00', '16:00:00', NULL, NULL, 7, 13, 0, 1, 0, '127.0.0.1', '2025-07-09 23:30:02', '2025-07-09 23:30:02', NULL, NULL, 6, '2025-10-08', 0),
(1770, NULL, 0, NULL, '17:00:00', '18:00:00', NULL, NULL, 8, 13, 0, 1, 0, '127.0.0.1', '2025-07-09 23:30:02', '2025-07-09 23:30:02', NULL, NULL, 7, '2025-10-08', 0),
(1771, NULL, 0, NULL, '18:00:00', '19:00:00', NULL, NULL, 6, 13, 0, 1, 0, '127.0.0.1', '2025-07-09 23:30:02', '2025-07-09 23:30:02', NULL, NULL, 8, '2025-10-08', 0),
(1772, NULL, 0, NULL, '09:00:00', '10:00:00', NULL, NULL, 9, 15, 0, 1, 0, '127.0.0.1', '2025-07-09 23:30:02', '2025-07-09 23:30:02', NULL, NULL, 9, '2025-10-08', 0),
(1773, NULL, 0, NULL, '16:00:00', '17:00:00', NULL, NULL, 1, 1, 0, 1, 0, '127.0.0.1', '2025-07-10 23:30:02', '2025-07-10 23:30:02', NULL, NULL, 1, '2025-10-09', 0),
(1774, NULL, 0, NULL, '17:00:00', '18:00:00', NULL, NULL, 1, 1, 0, 1, 0, '127.0.0.1', '2025-07-10 23:30:02', '2025-07-10 23:30:02', NULL, NULL, 2, '2025-10-09', 0),
(1775, NULL, 0, NULL, '18:00:00', '19:00:00', NULL, NULL, 2, 1, 0, 1, 0, '127.0.0.1', '2025-07-10 23:30:02', '2025-07-10 23:30:02', NULL, NULL, 3, '2025-10-09', 0),
(1776, NULL, 0, NULL, '20:00:00', '21:00:00', NULL, NULL, 2, 1, 0, 1, 0, '127.0.0.1', '2025-07-10 23:30:02', '2025-07-10 23:30:02', NULL, NULL, 4, '2025-10-09', 0),
(1777, NULL, 0, NULL, '12:00:00', '13:00:00', NULL, NULL, 6, 13, 0, 1, 0, '127.0.0.1', '2025-07-10 23:30:02', '2025-07-10 23:30:02', NULL, NULL, 5, '2025-10-09', 0),
(1778, NULL, 0, NULL, '14:00:00', '16:00:00', NULL, NULL, 7, 13, 0, 1, 0, '127.0.0.1', '2025-07-10 23:30:02', '2025-07-10 23:30:02', NULL, NULL, 6, '2025-10-09', 0),
(1779, NULL, 0, NULL, '17:00:00', '18:00:00', NULL, NULL, 8, 13, 0, 1, 0, '127.0.0.1', '2025-07-10 23:30:02', '2025-07-10 23:30:02', NULL, NULL, 7, '2025-10-09', 0),
(1780, NULL, 0, NULL, '18:00:00', '19:00:00', NULL, NULL, 6, 13, 0, 1, 0, '127.0.0.1', '2025-07-10 23:30:02', '2025-07-10 23:30:02', NULL, NULL, 8, '2025-10-09', 0),
(1781, NULL, 0, NULL, '09:00:00', '10:00:00', NULL, NULL, 9, 15, 0, 1, 0, '127.0.0.1', '2025-07-10 23:30:02', '2025-07-10 23:30:02', NULL, NULL, 9, '2025-10-09', 0),
(1782, NULL, 0, NULL, '16:00:00', '17:00:00', NULL, NULL, 1, 1, 0, 1, 0, '127.0.0.1', '2025-07-11 23:30:02', '2025-07-11 23:30:02', NULL, NULL, 1, '2025-10-10', 0),
(1783, NULL, 0, NULL, '17:00:00', '18:00:00', NULL, NULL, 1, 1, 0, 1, 0, '127.0.0.1', '2025-07-11 23:30:02', '2025-07-11 23:30:02', NULL, NULL, 2, '2025-10-10', 0),
(1784, NULL, 0, NULL, '18:00:00', '19:00:00', NULL, NULL, 2, 1, 0, 1, 0, '127.0.0.1', '2025-07-11 23:30:02', '2025-07-11 23:30:02', NULL, NULL, 3, '2025-10-10', 0),
(1785, NULL, 0, NULL, '20:00:00', '21:00:00', NULL, NULL, 2, 1, 0, 1, 0, '127.0.0.1', '2025-07-11 23:30:02', '2025-07-11 23:30:02', NULL, NULL, 4, '2025-10-10', 0),
(1786, NULL, 0, NULL, '12:00:00', '13:00:00', NULL, NULL, 6, 13, 0, 1, 0, '127.0.0.1', '2025-07-11 23:30:02', '2025-07-11 23:30:02', NULL, NULL, 5, '2025-10-10', 0),
(1787, NULL, 0, NULL, '14:00:00', '16:00:00', NULL, NULL, 7, 13, 0, 1, 0, '127.0.0.1', '2025-07-11 23:30:02', '2025-07-11 23:30:02', NULL, NULL, 6, '2025-10-10', 0),
(1788, NULL, 0, NULL, '17:00:00', '18:00:00', NULL, NULL, 8, 13, 0, 1, 0, '127.0.0.1', '2025-07-11 23:30:02', '2025-07-11 23:30:02', NULL, NULL, 7, '2025-10-10', 0),
(1789, NULL, 0, NULL, '18:00:00', '19:00:00', NULL, NULL, 6, 13, 0, 1, 0, '127.0.0.1', '2025-07-11 23:30:02', '2025-07-11 23:30:02', NULL, NULL, 8, '2025-10-10', 0),
(1790, NULL, 0, NULL, '09:00:00', '10:00:00', NULL, NULL, 9, 15, 0, 1, 0, '127.0.0.1', '2025-07-11 23:30:02', '2025-07-11 23:30:02', NULL, NULL, 9, '2025-10-10', 0),
(1791, NULL, 0, NULL, '16:00:00', '17:00:00', NULL, NULL, 1, 1, 0, 1, 0, '127.0.0.1', '2025-07-12 23:30:02', '2025-07-12 23:30:02', NULL, NULL, 1, '2025-10-11', 0),
(1792, NULL, 0, NULL, '17:00:00', '18:00:00', NULL, NULL, 1, 1, 0, 1, 0, '127.0.0.1', '2025-07-12 23:30:02', '2025-07-12 23:30:02', NULL, NULL, 2, '2025-10-11', 0),
(1793, NULL, 0, NULL, '18:00:00', '19:00:00', NULL, NULL, 2, 1, 0, 1, 0, '127.0.0.1', '2025-07-12 23:30:02', '2025-07-12 23:30:02', NULL, NULL, 3, '2025-10-11', 0),
(1794, NULL, 0, NULL, '20:00:00', '21:00:00', NULL, NULL, 2, 1, 0, 1, 0, '127.0.0.1', '2025-07-12 23:30:02', '2025-07-12 23:30:02', NULL, NULL, 4, '2025-10-11', 0),
(1795, NULL, 0, NULL, '12:00:00', '13:00:00', NULL, NULL, 6, 13, 0, 1, 0, '127.0.0.1', '2025-07-12 23:30:02', '2025-07-12 23:30:02', NULL, NULL, 5, '2025-10-11', 0),
(1796, NULL, 0, NULL, '14:00:00', '16:00:00', NULL, NULL, 7, 13, 0, 1, 0, '127.0.0.1', '2025-07-12 23:30:02', '2025-07-12 23:30:02', NULL, NULL, 6, '2025-10-11', 0),
(1797, NULL, 0, NULL, '17:00:00', '18:00:00', NULL, NULL, 8, 13, 0, 1, 0, '127.0.0.1', '2025-07-12 23:30:02', '2025-07-12 23:30:02', NULL, NULL, 7, '2025-10-11', 0),
(1798, NULL, 0, NULL, '18:00:00', '19:00:00', NULL, NULL, 6, 13, 0, 1, 0, '127.0.0.1', '2025-07-12 23:30:02', '2025-07-12 23:30:02', NULL, NULL, 8, '2025-10-11', 0),
(1799, NULL, 0, NULL, '09:00:00', '10:00:00', NULL, NULL, 9, 15, 0, 1, 0, '127.0.0.1', '2025-07-12 23:30:02', '2025-07-12 23:30:02', NULL, NULL, 9, '2025-10-11', 0),
(1800, NULL, 0, NULL, '16:00:00', '17:00:00', NULL, NULL, 1, 1, 0, 1, 0, '127.0.0.1', '2025-07-13 23:30:03', '2025-07-13 23:30:03', NULL, NULL, 1, '2025-10-12', 0),
(1801, NULL, 0, NULL, '17:00:00', '18:00:00', NULL, NULL, 1, 1, 0, 1, 0, '127.0.0.1', '2025-07-13 23:30:03', '2025-07-13 23:30:03', NULL, NULL, 2, '2025-10-12', 0),
(1802, NULL, 0, NULL, '18:00:00', '19:00:00', NULL, NULL, 2, 1, 0, 1, 0, '127.0.0.1', '2025-07-13 23:30:03', '2025-07-13 23:30:03', NULL, NULL, 3, '2025-10-12', 0),
(1803, NULL, 0, NULL, '20:00:00', '21:00:00', NULL, NULL, 2, 1, 0, 1, 0, '127.0.0.1', '2025-07-13 23:30:03', '2025-07-13 23:30:03', NULL, NULL, 4, '2025-10-12', 0),
(1804, NULL, 0, NULL, '12:00:00', '13:00:00', NULL, NULL, 6, 13, 0, 1, 0, '127.0.0.1', '2025-07-13 23:30:03', '2025-07-13 23:30:03', NULL, NULL, 5, '2025-10-12', 0),
(1805, NULL, 0, NULL, '14:00:00', '16:00:00', NULL, NULL, 7, 13, 0, 1, 0, '127.0.0.1', '2025-07-13 23:30:03', '2025-07-13 23:30:03', NULL, NULL, 6, '2025-10-12', 0),
(1806, NULL, 0, NULL, '17:00:00', '18:00:00', NULL, NULL, 8, 13, 0, 1, 0, '127.0.0.1', '2025-07-13 23:30:03', '2025-07-13 23:30:03', NULL, NULL, 7, '2025-10-12', 0),
(1807, NULL, 0, NULL, '18:00:00', '19:00:00', NULL, NULL, 6, 13, 0, 1, 0, '127.0.0.1', '2025-07-13 23:30:03', '2025-07-13 23:30:03', NULL, NULL, 8, '2025-10-12', 0),
(1808, NULL, 0, NULL, '09:00:00', '10:00:00', NULL, NULL, 9, 15, 0, 1, 0, '127.0.0.1', '2025-07-13 23:30:03', '2025-07-13 23:30:03', NULL, NULL, 9, '2025-10-12', 0),
(1809, NULL, 0, NULL, '16:00:00', '17:00:00', NULL, NULL, 1, 1, 0, 1, 0, '127.0.0.1', '2025-07-14 23:30:02', '2025-07-14 23:30:02', NULL, NULL, 1, '2025-10-13', 0),
(1810, NULL, 0, NULL, '17:00:00', '18:00:00', NULL, NULL, 1, 1, 0, 1, 0, '127.0.0.1', '2025-07-14 23:30:02', '2025-07-14 23:30:02', NULL, NULL, 2, '2025-10-13', 0),
(1811, NULL, 0, NULL, '18:00:00', '19:00:00', NULL, NULL, 2, 1, 0, 1, 0, '127.0.0.1', '2025-07-14 23:30:02', '2025-07-14 23:30:02', NULL, NULL, 3, '2025-10-13', 0),
(1812, NULL, 0, NULL, '20:00:00', '21:00:00', NULL, NULL, 2, 1, 0, 1, 0, '127.0.0.1', '2025-07-14 23:30:02', '2025-07-14 23:30:02', NULL, NULL, 4, '2025-10-13', 0),
(1813, NULL, 0, NULL, '12:00:00', '13:00:00', NULL, NULL, 6, 13, 0, 1, 0, '127.0.0.1', '2025-07-14 23:30:02', '2025-07-14 23:30:02', NULL, NULL, 5, '2025-10-13', 0),
(1814, NULL, 0, NULL, '14:00:00', '16:00:00', NULL, NULL, 7, 13, 0, 1, 0, '127.0.0.1', '2025-07-14 23:30:02', '2025-07-14 23:30:02', NULL, NULL, 6, '2025-10-13', 0),
(1815, NULL, 0, NULL, '17:00:00', '18:00:00', NULL, NULL, 8, 13, 0, 1, 0, '127.0.0.1', '2025-07-14 23:30:02', '2025-07-14 23:30:02', NULL, NULL, 7, '2025-10-13', 0),
(1816, NULL, 0, NULL, '18:00:00', '19:00:00', NULL, NULL, 6, 13, 0, 1, 0, '127.0.0.1', '2025-07-14 23:30:02', '2025-07-14 23:30:02', NULL, NULL, 8, '2025-10-13', 0),
(1817, NULL, 0, NULL, '09:00:00', '10:00:00', NULL, NULL, 9, 15, 0, 1, 0, '127.0.0.1', '2025-07-14 23:30:02', '2025-07-14 23:30:02', NULL, NULL, 9, '2025-10-13', 0),
(1818, NULL, 0, NULL, '16:00:00', '17:00:00', NULL, NULL, 1, 1, 0, 1, 0, '127.0.0.1', '2025-07-15 23:30:02', '2025-07-15 23:30:02', NULL, NULL, 1, '2025-10-14', 0),
(1819, NULL, 0, NULL, '17:00:00', '18:00:00', NULL, NULL, 1, 1, 0, 1, 0, '127.0.0.1', '2025-07-15 23:30:02', '2025-07-15 23:30:02', NULL, NULL, 2, '2025-10-14', 0),
(1820, NULL, 0, NULL, '18:00:00', '19:00:00', NULL, NULL, 2, 1, 0, 1, 0, '127.0.0.1', '2025-07-15 23:30:02', '2025-07-15 23:30:02', NULL, NULL, 3, '2025-10-14', 0),
(1821, NULL, 0, NULL, '20:00:00', '21:00:00', NULL, NULL, 2, 1, 0, 1, 0, '127.0.0.1', '2025-07-15 23:30:02', '2025-07-15 23:30:02', NULL, NULL, 4, '2025-10-14', 0);
INSERT INTO `Schedule` (`Schedule_id`, `Customer_id`, `driver_id`, `status`, `fromtime`, `Totime`, `fromdate`, `Todate`, `car_id`, `SchoolId`, `package_order_id`, `iStatus`, `isDelete`, `strIP`, `created_at`, `updated_at`, `pickup_drop_point`, `day`, `Schedulemasterid`, `Schedule_date`, `attendance`) VALUES
(1822, NULL, 0, NULL, '12:00:00', '13:00:00', NULL, NULL, 6, 13, 0, 1, 0, '127.0.0.1', '2025-07-15 23:30:02', '2025-07-15 23:30:02', NULL, NULL, 5, '2025-10-14', 0),
(1823, NULL, 0, NULL, '14:00:00', '16:00:00', NULL, NULL, 7, 13, 0, 1, 0, '127.0.0.1', '2025-07-15 23:30:02', '2025-07-15 23:30:02', NULL, NULL, 6, '2025-10-14', 0),
(1824, NULL, 0, NULL, '17:00:00', '18:00:00', NULL, NULL, 8, 13, 0, 1, 0, '127.0.0.1', '2025-07-15 23:30:02', '2025-07-15 23:30:02', NULL, NULL, 7, '2025-10-14', 0),
(1825, NULL, 0, NULL, '18:00:00', '19:00:00', NULL, NULL, 6, 13, 0, 1, 0, '127.0.0.1', '2025-07-15 23:30:02', '2025-07-15 23:30:02', NULL, NULL, 8, '2025-10-14', 0),
(1826, NULL, 0, NULL, '09:00:00', '10:00:00', NULL, NULL, 9, 15, 0, 1, 0, '127.0.0.1', '2025-07-15 23:30:02', '2025-07-15 23:30:02', NULL, NULL, 9, '2025-10-14', 0),
(1827, NULL, 0, NULL, '16:00:00', '17:00:00', NULL, NULL, 1, 1, 0, 1, 0, '127.0.0.1', '2025-07-16 23:30:03', '2025-07-16 23:30:03', NULL, NULL, 1, '2025-10-15', 0),
(1828, NULL, 0, NULL, '17:00:00', '18:00:00', NULL, NULL, 1, 1, 0, 1, 0, '127.0.0.1', '2025-07-16 23:30:03', '2025-07-16 23:30:03', NULL, NULL, 2, '2025-10-15', 0),
(1829, NULL, 0, NULL, '18:00:00', '19:00:00', NULL, NULL, 2, 1, 0, 1, 0, '127.0.0.1', '2025-07-16 23:30:03', '2025-07-16 23:30:03', NULL, NULL, 3, '2025-10-15', 0),
(1830, NULL, 0, NULL, '20:00:00', '21:00:00', NULL, NULL, 2, 1, 0, 1, 0, '127.0.0.1', '2025-07-16 23:30:03', '2025-07-16 23:30:03', NULL, NULL, 4, '2025-10-15', 0),
(1831, NULL, 0, NULL, '12:00:00', '13:00:00', NULL, NULL, 6, 13, 0, 1, 0, '127.0.0.1', '2025-07-16 23:30:03', '2025-07-16 23:30:03', NULL, NULL, 5, '2025-10-15', 0),
(1832, NULL, 0, NULL, '14:00:00', '16:00:00', NULL, NULL, 7, 13, 0, 1, 0, '127.0.0.1', '2025-07-16 23:30:03', '2025-07-16 23:30:03', NULL, NULL, 6, '2025-10-15', 0),
(1833, NULL, 0, NULL, '17:00:00', '18:00:00', NULL, NULL, 8, 13, 0, 1, 0, '127.0.0.1', '2025-07-16 23:30:03', '2025-07-16 23:30:03', NULL, NULL, 7, '2025-10-15', 0),
(1834, NULL, 0, NULL, '18:00:00', '19:00:00', NULL, NULL, 6, 13, 0, 1, 0, '127.0.0.1', '2025-07-16 23:30:03', '2025-07-16 23:30:03', NULL, NULL, 8, '2025-10-15', 0),
(1835, NULL, 0, NULL, '09:00:00', '10:00:00', NULL, NULL, 9, 15, 0, 1, 0, '127.0.0.1', '2025-07-16 23:30:03', '2025-07-16 23:30:03', NULL, NULL, 9, '2025-10-15', 0),
(1836, NULL, 0, NULL, '16:00:00', '17:00:00', NULL, NULL, 1, 1, 0, 1, 0, '127.0.0.1', '2025-07-17 23:30:02', '2025-07-17 23:30:02', NULL, NULL, 1, '2025-10-16', 0),
(1837, NULL, 0, NULL, '17:00:00', '18:00:00', NULL, NULL, 1, 1, 0, 1, 0, '127.0.0.1', '2025-07-17 23:30:02', '2025-07-17 23:30:02', NULL, NULL, 2, '2025-10-16', 0),
(1838, NULL, 0, NULL, '18:00:00', '19:00:00', NULL, NULL, 2, 1, 0, 1, 0, '127.0.0.1', '2025-07-17 23:30:02', '2025-07-17 23:30:02', NULL, NULL, 3, '2025-10-16', 0),
(1839, NULL, 0, NULL, '20:00:00', '21:00:00', NULL, NULL, 2, 1, 0, 1, 0, '127.0.0.1', '2025-07-17 23:30:02', '2025-07-17 23:30:02', NULL, NULL, 4, '2025-10-16', 0),
(1840, NULL, 0, NULL, '12:00:00', '13:00:00', NULL, NULL, 6, 13, 0, 1, 0, '127.0.0.1', '2025-07-17 23:30:02', '2025-07-17 23:30:02', NULL, NULL, 5, '2025-10-16', 0),
(1841, NULL, 0, NULL, '14:00:00', '16:00:00', NULL, NULL, 7, 13, 0, 1, 0, '127.0.0.1', '2025-07-17 23:30:02', '2025-07-17 23:30:02', NULL, NULL, 6, '2025-10-16', 0),
(1842, NULL, 0, NULL, '17:00:00', '18:00:00', NULL, NULL, 8, 13, 0, 1, 0, '127.0.0.1', '2025-07-17 23:30:02', '2025-07-17 23:30:02', NULL, NULL, 7, '2025-10-16', 0),
(1843, NULL, 0, NULL, '18:00:00', '19:00:00', NULL, NULL, 6, 13, 0, 1, 0, '127.0.0.1', '2025-07-17 23:30:02', '2025-07-17 23:30:02', NULL, NULL, 8, '2025-10-16', 0),
(1844, NULL, 0, NULL, '09:00:00', '10:00:00', NULL, NULL, 9, 15, 0, 1, 0, '127.0.0.1', '2025-07-17 23:30:02', '2025-07-17 23:30:02', NULL, NULL, 9, '2025-10-16', 0),
(1845, NULL, 0, NULL, '16:00:00', '17:00:00', NULL, NULL, 1, 1, 0, 1, 0, '127.0.0.1', '2025-07-18 23:30:02', '2025-07-18 23:30:02', NULL, NULL, 1, '2025-10-17', 0),
(1846, NULL, 0, NULL, '17:00:00', '18:00:00', NULL, NULL, 1, 1, 0, 1, 0, '127.0.0.1', '2025-07-18 23:30:02', '2025-07-18 23:30:02', NULL, NULL, 2, '2025-10-17', 0),
(1847, NULL, 0, NULL, '18:00:00', '19:00:00', NULL, NULL, 2, 1, 0, 1, 0, '127.0.0.1', '2025-07-18 23:30:02', '2025-07-18 23:30:02', NULL, NULL, 3, '2025-10-17', 0),
(1848, NULL, 0, NULL, '20:00:00', '21:00:00', NULL, NULL, 2, 1, 0, 1, 0, '127.0.0.1', '2025-07-18 23:30:02', '2025-07-18 23:30:02', NULL, NULL, 4, '2025-10-17', 0),
(1849, NULL, 0, NULL, '12:00:00', '13:00:00', NULL, NULL, 6, 13, 0, 1, 0, '127.0.0.1', '2025-07-18 23:30:02', '2025-07-18 23:30:02', NULL, NULL, 5, '2025-10-17', 0),
(1850, NULL, 0, NULL, '14:00:00', '16:00:00', NULL, NULL, 7, 13, 0, 1, 0, '127.0.0.1', '2025-07-18 23:30:02', '2025-07-18 23:30:02', NULL, NULL, 6, '2025-10-17', 0),
(1851, NULL, 0, NULL, '17:00:00', '18:00:00', NULL, NULL, 8, 13, 0, 1, 0, '127.0.0.1', '2025-07-18 23:30:02', '2025-07-18 23:30:02', NULL, NULL, 7, '2025-10-17', 0),
(1852, NULL, 0, NULL, '18:00:00', '19:00:00', NULL, NULL, 6, 13, 0, 1, 0, '127.0.0.1', '2025-07-18 23:30:02', '2025-07-18 23:30:02', NULL, NULL, 8, '2025-10-17', 0),
(1853, NULL, 0, NULL, '09:00:00', '10:00:00', NULL, NULL, 9, 15, 0, 1, 0, '127.0.0.1', '2025-07-18 23:30:02', '2025-07-18 23:30:02', NULL, NULL, 9, '2025-10-17', 0),
(1854, NULL, 0, NULL, '16:00:00', '17:00:00', NULL, NULL, 1, 1, 0, 1, 0, '127.0.0.1', '2025-07-19 23:30:03', '2025-07-19 23:30:03', NULL, NULL, 1, '2025-10-18', 0),
(1855, NULL, 0, NULL, '17:00:00', '18:00:00', NULL, NULL, 1, 1, 0, 1, 0, '127.0.0.1', '2025-07-19 23:30:03', '2025-07-19 23:30:03', NULL, NULL, 2, '2025-10-18', 0),
(1856, NULL, 0, NULL, '18:00:00', '19:00:00', NULL, NULL, 2, 1, 0, 1, 0, '127.0.0.1', '2025-07-19 23:30:03', '2025-07-19 23:30:03', NULL, NULL, 3, '2025-10-18', 0),
(1857, NULL, 0, NULL, '20:00:00', '21:00:00', NULL, NULL, 2, 1, 0, 1, 0, '127.0.0.1', '2025-07-19 23:30:03', '2025-07-19 23:30:03', NULL, NULL, 4, '2025-10-18', 0),
(1858, NULL, 0, NULL, '12:00:00', '13:00:00', NULL, NULL, 6, 13, 0, 1, 0, '127.0.0.1', '2025-07-19 23:30:03', '2025-07-19 23:30:03', NULL, NULL, 5, '2025-10-18', 0),
(1859, NULL, 0, NULL, '14:00:00', '16:00:00', NULL, NULL, 7, 13, 0, 1, 0, '127.0.0.1', '2025-07-19 23:30:03', '2025-07-19 23:30:03', NULL, NULL, 6, '2025-10-18', 0),
(1860, NULL, 0, NULL, '17:00:00', '18:00:00', NULL, NULL, 8, 13, 0, 1, 0, '127.0.0.1', '2025-07-19 23:30:03', '2025-07-19 23:30:03', NULL, NULL, 7, '2025-10-18', 0),
(1861, NULL, 0, NULL, '18:00:00', '19:00:00', NULL, NULL, 6, 13, 0, 1, 0, '127.0.0.1', '2025-07-19 23:30:03', '2025-07-19 23:30:03', NULL, NULL, 8, '2025-10-18', 0),
(1862, NULL, 0, NULL, '09:00:00', '10:00:00', NULL, NULL, 9, 15, 0, 1, 0, '127.0.0.1', '2025-07-19 23:30:03', '2025-07-19 23:30:03', NULL, NULL, 9, '2025-10-18', 0),
(1863, NULL, 0, NULL, '16:00:00', '17:00:00', NULL, NULL, 1, 1, 0, 1, 0, '127.0.0.1', '2025-07-20 23:30:02', '2025-07-20 23:30:02', NULL, NULL, 1, '2025-10-19', 0),
(1864, NULL, 0, NULL, '17:00:00', '18:00:00', NULL, NULL, 1, 1, 0, 1, 0, '127.0.0.1', '2025-07-20 23:30:02', '2025-07-20 23:30:02', NULL, NULL, 2, '2025-10-19', 0),
(1865, NULL, 0, NULL, '18:00:00', '19:00:00', NULL, NULL, 2, 1, 0, 1, 0, '127.0.0.1', '2025-07-20 23:30:02', '2025-07-20 23:30:02', NULL, NULL, 3, '2025-10-19', 0),
(1866, NULL, 0, NULL, '20:00:00', '21:00:00', NULL, NULL, 2, 1, 0, 1, 0, '127.0.0.1', '2025-07-20 23:30:02', '2025-07-20 23:30:02', NULL, NULL, 4, '2025-10-19', 0),
(1867, NULL, 0, NULL, '12:00:00', '13:00:00', NULL, NULL, 6, 13, 0, 1, 0, '127.0.0.1', '2025-07-20 23:30:02', '2025-07-20 23:30:02', NULL, NULL, 5, '2025-10-19', 0),
(1868, NULL, 0, NULL, '14:00:00', '16:00:00', NULL, NULL, 7, 13, 0, 1, 0, '127.0.0.1', '2025-07-20 23:30:02', '2025-07-20 23:30:02', NULL, NULL, 6, '2025-10-19', 0),
(1869, NULL, 0, NULL, '17:00:00', '18:00:00', NULL, NULL, 8, 13, 0, 1, 0, '127.0.0.1', '2025-07-20 23:30:02', '2025-07-20 23:30:02', NULL, NULL, 7, '2025-10-19', 0),
(1870, NULL, 0, NULL, '18:00:00', '19:00:00', NULL, NULL, 6, 13, 0, 1, 0, '127.0.0.1', '2025-07-20 23:30:02', '2025-07-20 23:30:02', NULL, NULL, 8, '2025-10-19', 0),
(1871, NULL, 0, NULL, '09:00:00', '10:00:00', NULL, NULL, 9, 15, 0, 1, 0, '127.0.0.1', '2025-07-20 23:30:02', '2025-07-20 23:30:02', NULL, NULL, 9, '2025-10-19', 0),
(1872, NULL, 0, NULL, '16:00:00', '17:00:00', NULL, NULL, 1, 1, 0, 1, 0, '127.0.0.1', '2025-07-21 23:30:03', '2025-07-21 23:30:03', NULL, NULL, 1, '2025-10-20', 0),
(1873, NULL, 0, NULL, '17:00:00', '18:00:00', NULL, NULL, 1, 1, 0, 1, 0, '127.0.0.1', '2025-07-21 23:30:03', '2025-07-21 23:30:03', NULL, NULL, 2, '2025-10-20', 0),
(1874, NULL, 0, NULL, '18:00:00', '19:00:00', NULL, NULL, 2, 1, 0, 1, 0, '127.0.0.1', '2025-07-21 23:30:03', '2025-07-21 23:30:03', NULL, NULL, 3, '2025-10-20', 0),
(1875, NULL, 0, NULL, '20:00:00', '21:00:00', NULL, NULL, 2, 1, 0, 1, 0, '127.0.0.1', '2025-07-21 23:30:03', '2025-07-21 23:30:03', NULL, NULL, 4, '2025-10-20', 0),
(1876, NULL, 0, NULL, '12:00:00', '13:00:00', NULL, NULL, 6, 13, 0, 1, 0, '127.0.0.1', '2025-07-21 23:30:03', '2025-07-21 23:30:03', NULL, NULL, 5, '2025-10-20', 0),
(1877, NULL, 0, NULL, '14:00:00', '16:00:00', NULL, NULL, 7, 13, 0, 1, 0, '127.0.0.1', '2025-07-21 23:30:03', '2025-07-21 23:30:03', NULL, NULL, 6, '2025-10-20', 0),
(1878, NULL, 0, NULL, '17:00:00', '18:00:00', NULL, NULL, 8, 13, 0, 1, 0, '127.0.0.1', '2025-07-21 23:30:03', '2025-07-21 23:30:03', NULL, NULL, 7, '2025-10-20', 0),
(1879, NULL, 0, NULL, '18:00:00', '19:00:00', NULL, NULL, 6, 13, 0, 1, 0, '127.0.0.1', '2025-07-21 23:30:03', '2025-07-21 23:30:03', NULL, NULL, 8, '2025-10-20', 0),
(1880, NULL, 0, NULL, '09:00:00', '10:00:00', NULL, NULL, 9, 15, 0, 1, 0, '127.0.0.1', '2025-07-21 23:30:03', '2025-07-21 23:30:03', NULL, NULL, 9, '2025-10-20', 0),
(1881, NULL, 0, NULL, '16:00:00', '17:00:00', NULL, NULL, 1, 1, 0, 1, 0, '127.0.0.1', '2025-07-22 23:30:03', '2025-07-22 23:30:03', NULL, NULL, 1, '2025-10-21', 0),
(1882, NULL, 0, NULL, '17:00:00', '18:00:00', NULL, NULL, 1, 1, 0, 1, 0, '127.0.0.1', '2025-07-22 23:30:03', '2025-07-22 23:30:03', NULL, NULL, 2, '2025-10-21', 0),
(1883, NULL, 0, NULL, '18:00:00', '19:00:00', NULL, NULL, 2, 1, 0, 1, 0, '127.0.0.1', '2025-07-22 23:30:03', '2025-07-22 23:30:03', NULL, NULL, 3, '2025-10-21', 0),
(1884, NULL, 0, NULL, '20:00:00', '21:00:00', NULL, NULL, 2, 1, 0, 1, 0, '127.0.0.1', '2025-07-22 23:30:03', '2025-07-22 23:30:03', NULL, NULL, 4, '2025-10-21', 0),
(1885, NULL, 0, NULL, '12:00:00', '13:00:00', NULL, NULL, 6, 13, 0, 1, 0, '127.0.0.1', '2025-07-22 23:30:03', '2025-07-22 23:30:03', NULL, NULL, 5, '2025-10-21', 0),
(1886, NULL, 0, NULL, '14:00:00', '16:00:00', NULL, NULL, 7, 13, 0, 1, 0, '127.0.0.1', '2025-07-22 23:30:03', '2025-07-22 23:30:03', NULL, NULL, 6, '2025-10-21', 0),
(1887, NULL, 0, NULL, '17:00:00', '18:00:00', NULL, NULL, 8, 13, 0, 1, 0, '127.0.0.1', '2025-07-22 23:30:03', '2025-07-22 23:30:03', NULL, NULL, 7, '2025-10-21', 0),
(1888, NULL, 0, NULL, '18:00:00', '19:00:00', NULL, NULL, 6, 13, 0, 1, 0, '127.0.0.1', '2025-07-22 23:30:03', '2025-07-22 23:30:03', NULL, NULL, 8, '2025-10-21', 0),
(1889, NULL, 0, NULL, '09:00:00', '10:00:00', NULL, NULL, 9, 15, 0, 1, 0, '127.0.0.1', '2025-07-22 23:30:03', '2025-07-22 23:30:03', NULL, NULL, 9, '2025-10-21', 0),
(1890, NULL, 0, NULL, '16:00:00', '17:00:00', NULL, NULL, 1, 1, 0, 1, 0, '127.0.0.1', '2025-07-23 23:30:02', '2025-07-23 23:30:02', NULL, NULL, 1, '2025-10-22', 0),
(1891, NULL, 0, NULL, '17:00:00', '18:00:00', NULL, NULL, 1, 1, 0, 1, 0, '127.0.0.1', '2025-07-23 23:30:02', '2025-07-23 23:30:02', NULL, NULL, 2, '2025-10-22', 0),
(1892, NULL, 0, NULL, '18:00:00', '19:00:00', NULL, NULL, 2, 1, 0, 1, 0, '127.0.0.1', '2025-07-23 23:30:02', '2025-07-23 23:30:02', NULL, NULL, 3, '2025-10-22', 0),
(1893, NULL, 0, NULL, '20:00:00', '21:00:00', NULL, NULL, 2, 1, 0, 1, 0, '127.0.0.1', '2025-07-23 23:30:02', '2025-07-23 23:30:02', NULL, NULL, 4, '2025-10-22', 0),
(1894, NULL, 0, NULL, '12:00:00', '13:00:00', NULL, NULL, 6, 13, 0, 1, 0, '127.0.0.1', '2025-07-23 23:30:02', '2025-07-23 23:30:02', NULL, NULL, 5, '2025-10-22', 0),
(1895, NULL, 0, NULL, '14:00:00', '16:00:00', NULL, NULL, 7, 13, 0, 1, 0, '127.0.0.1', '2025-07-23 23:30:02', '2025-07-23 23:30:02', NULL, NULL, 6, '2025-10-22', 0),
(1896, NULL, 0, NULL, '17:00:00', '18:00:00', NULL, NULL, 8, 13, 0, 1, 0, '127.0.0.1', '2025-07-23 23:30:02', '2025-07-23 23:30:02', NULL, NULL, 7, '2025-10-22', 0),
(1897, NULL, 0, NULL, '18:00:00', '19:00:00', NULL, NULL, 6, 13, 0, 1, 0, '127.0.0.1', '2025-07-23 23:30:02', '2025-07-23 23:30:02', NULL, NULL, 8, '2025-10-22', 0),
(1898, NULL, 0, NULL, '09:00:00', '10:00:00', NULL, NULL, 9, 15, 0, 1, 0, '127.0.0.1', '2025-07-23 23:30:02', '2025-07-23 23:30:02', NULL, NULL, 9, '2025-10-22', 0),
(1899, NULL, 0, NULL, '16:00:00', '17:00:00', NULL, NULL, 1, 1, 0, 1, 0, '127.0.0.1', '2025-07-24 23:30:02', '2025-07-24 23:30:02', NULL, NULL, 1, '2025-10-23', 0),
(1900, NULL, 0, NULL, '17:00:00', '18:00:00', NULL, NULL, 1, 1, 0, 1, 0, '127.0.0.1', '2025-07-24 23:30:02', '2025-07-24 23:30:02', NULL, NULL, 2, '2025-10-23', 0),
(1901, NULL, 0, NULL, '18:00:00', '19:00:00', NULL, NULL, 2, 1, 0, 1, 0, '127.0.0.1', '2025-07-24 23:30:02', '2025-07-24 23:30:02', NULL, NULL, 3, '2025-10-23', 0),
(1902, NULL, 0, NULL, '20:00:00', '21:00:00', NULL, NULL, 2, 1, 0, 1, 0, '127.0.0.1', '2025-07-24 23:30:02', '2025-07-24 23:30:02', NULL, NULL, 4, '2025-10-23', 0),
(1903, NULL, 0, NULL, '12:00:00', '13:00:00', NULL, NULL, 6, 13, 0, 1, 0, '127.0.0.1', '2025-07-24 23:30:02', '2025-07-24 23:30:02', NULL, NULL, 5, '2025-10-23', 0),
(1904, NULL, 0, NULL, '14:00:00', '16:00:00', NULL, NULL, 7, 13, 0, 1, 0, '127.0.0.1', '2025-07-24 23:30:02', '2025-07-24 23:30:02', NULL, NULL, 6, '2025-10-23', 0),
(1905, NULL, 0, NULL, '17:00:00', '18:00:00', NULL, NULL, 8, 13, 0, 1, 0, '127.0.0.1', '2025-07-24 23:30:02', '2025-07-24 23:30:02', NULL, NULL, 7, '2025-10-23', 0),
(1906, NULL, 0, NULL, '18:00:00', '19:00:00', NULL, NULL, 6, 13, 0, 1, 0, '127.0.0.1', '2025-07-24 23:30:02', '2025-07-24 23:30:02', NULL, NULL, 8, '2025-10-23', 0),
(1907, NULL, 0, NULL, '09:00:00', '10:00:00', NULL, NULL, 9, 15, 0, 1, 0, '127.0.0.1', '2025-07-24 23:30:02', '2025-07-24 23:30:02', NULL, NULL, 9, '2025-10-23', 0),
(1908, NULL, 0, NULL, '16:00:00', '17:00:00', NULL, NULL, 1, 1, 0, 1, 0, '127.0.0.1', '2025-07-25 23:30:02', '2025-07-25 23:30:02', NULL, NULL, 1, '2025-10-24', 0),
(1909, NULL, 0, NULL, '17:00:00', '18:00:00', NULL, NULL, 1, 1, 0, 1, 0, '127.0.0.1', '2025-07-25 23:30:02', '2025-07-25 23:30:02', NULL, NULL, 2, '2025-10-24', 0),
(1910, NULL, 0, NULL, '18:00:00', '19:00:00', NULL, NULL, 2, 1, 0, 1, 0, '127.0.0.1', '2025-07-25 23:30:02', '2025-07-25 23:30:02', NULL, NULL, 3, '2025-10-24', 0),
(1911, NULL, 0, NULL, '20:00:00', '21:00:00', NULL, NULL, 2, 1, 0, 1, 0, '127.0.0.1', '2025-07-25 23:30:02', '2025-07-25 23:30:02', NULL, NULL, 4, '2025-10-24', 0),
(1912, NULL, 0, NULL, '12:00:00', '13:00:00', NULL, NULL, 6, 13, 0, 1, 0, '127.0.0.1', '2025-07-25 23:30:02', '2025-07-25 23:30:02', NULL, NULL, 5, '2025-10-24', 0),
(1913, NULL, 0, NULL, '14:00:00', '16:00:00', NULL, NULL, 7, 13, 0, 1, 0, '127.0.0.1', '2025-07-25 23:30:02', '2025-07-25 23:30:02', NULL, NULL, 6, '2025-10-24', 0),
(1914, NULL, 0, NULL, '17:00:00', '18:00:00', NULL, NULL, 8, 13, 0, 1, 0, '127.0.0.1', '2025-07-25 23:30:02', '2025-07-25 23:30:02', NULL, NULL, 7, '2025-10-24', 0),
(1915, NULL, 0, NULL, '18:00:00', '19:00:00', NULL, NULL, 6, 13, 0, 1, 0, '127.0.0.1', '2025-07-25 23:30:02', '2025-07-25 23:30:02', NULL, NULL, 8, '2025-10-24', 0),
(1916, NULL, 0, NULL, '09:00:00', '10:00:00', NULL, NULL, 9, 15, 0, 1, 0, '127.0.0.1', '2025-07-25 23:30:02', '2025-07-25 23:30:02', NULL, NULL, 9, '2025-10-24', 0),
(1917, NULL, 0, NULL, '16:00:00', '17:00:00', NULL, NULL, 1, 1, 0, 1, 0, '127.0.0.1', '2025-07-26 23:30:03', '2025-07-26 23:30:03', NULL, NULL, 1, '2025-10-25', 0),
(1918, NULL, 0, NULL, '17:00:00', '18:00:00', NULL, NULL, 1, 1, 0, 1, 0, '127.0.0.1', '2025-07-26 23:30:03', '2025-07-26 23:30:03', NULL, NULL, 2, '2025-10-25', 0),
(1919, NULL, 0, NULL, '18:00:00', '19:00:00', NULL, NULL, 2, 1, 0, 1, 0, '127.0.0.1', '2025-07-26 23:30:03', '2025-07-26 23:30:03', NULL, NULL, 3, '2025-10-25', 0),
(1920, NULL, 0, NULL, '20:00:00', '21:00:00', NULL, NULL, 2, 1, 0, 1, 0, '127.0.0.1', '2025-07-26 23:30:03', '2025-07-26 23:30:03', NULL, NULL, 4, '2025-10-25', 0),
(1921, NULL, 0, NULL, '12:00:00', '13:00:00', NULL, NULL, 6, 13, 0, 1, 0, '127.0.0.1', '2025-07-26 23:30:03', '2025-07-26 23:30:03', NULL, NULL, 5, '2025-10-25', 0),
(1922, NULL, 0, NULL, '14:00:00', '16:00:00', NULL, NULL, 7, 13, 0, 1, 0, '127.0.0.1', '2025-07-26 23:30:03', '2025-07-26 23:30:03', NULL, NULL, 6, '2025-10-25', 0),
(1923, NULL, 0, NULL, '17:00:00', '18:00:00', NULL, NULL, 8, 13, 0, 1, 0, '127.0.0.1', '2025-07-26 23:30:03', '2025-07-26 23:30:03', NULL, NULL, 7, '2025-10-25', 0),
(1924, NULL, 0, NULL, '18:00:00', '19:00:00', NULL, NULL, 6, 13, 0, 1, 0, '127.0.0.1', '2025-07-26 23:30:03', '2025-07-26 23:30:03', NULL, NULL, 8, '2025-10-25', 0),
(1925, NULL, 0, NULL, '09:00:00', '10:00:00', NULL, NULL, 9, 15, 0, 1, 0, '127.0.0.1', '2025-07-26 23:30:03', '2025-07-26 23:30:03', NULL, NULL, 9, '2025-10-25', 0),
(1926, NULL, 0, NULL, '16:00:00', '17:00:00', NULL, NULL, 1, 1, 0, 1, 0, '127.0.0.1', '2025-07-27 23:30:02', '2025-07-27 23:30:02', NULL, NULL, 1, '2025-10-26', 0),
(1927, NULL, 0, NULL, '17:00:00', '18:00:00', NULL, NULL, 1, 1, 0, 1, 0, '127.0.0.1', '2025-07-27 23:30:02', '2025-07-27 23:30:02', NULL, NULL, 2, '2025-10-26', 0),
(1928, NULL, 0, NULL, '18:00:00', '19:00:00', NULL, NULL, 2, 1, 0, 1, 0, '127.0.0.1', '2025-07-27 23:30:02', '2025-07-27 23:30:02', NULL, NULL, 3, '2025-10-26', 0),
(1929, NULL, 0, NULL, '20:00:00', '21:00:00', NULL, NULL, 2, 1, 0, 1, 0, '127.0.0.1', '2025-07-27 23:30:02', '2025-07-27 23:30:02', NULL, NULL, 4, '2025-10-26', 0),
(1930, NULL, 0, NULL, '12:00:00', '13:00:00', NULL, NULL, 6, 13, 0, 1, 0, '127.0.0.1', '2025-07-27 23:30:02', '2025-07-27 23:30:02', NULL, NULL, 5, '2025-10-26', 0),
(1931, NULL, 0, NULL, '14:00:00', '16:00:00', NULL, NULL, 7, 13, 0, 1, 0, '127.0.0.1', '2025-07-27 23:30:02', '2025-07-27 23:30:02', NULL, NULL, 6, '2025-10-26', 0),
(1932, NULL, 0, NULL, '17:00:00', '18:00:00', NULL, NULL, 8, 13, 0, 1, 0, '127.0.0.1', '2025-07-27 23:30:02', '2025-07-27 23:30:02', NULL, NULL, 7, '2025-10-26', 0),
(1933, NULL, 0, NULL, '18:00:00', '19:00:00', NULL, NULL, 6, 13, 0, 1, 0, '127.0.0.1', '2025-07-27 23:30:02', '2025-07-27 23:30:02', NULL, NULL, 8, '2025-10-26', 0),
(1934, NULL, 0, NULL, '09:00:00', '10:00:00', NULL, NULL, 9, 15, 0, 1, 0, '127.0.0.1', '2025-07-27 23:30:02', '2025-07-27 23:30:02', NULL, NULL, 9, '2025-10-26', 0),
(1935, NULL, 0, NULL, '16:00:00', '17:00:00', NULL, NULL, 1, 1, 0, 1, 0, '127.0.0.1', '2025-07-28 23:30:03', '2025-07-28 23:30:03', NULL, NULL, 1, '2025-10-27', 0),
(1936, NULL, 0, NULL, '17:00:00', '18:00:00', NULL, NULL, 1, 1, 0, 1, 0, '127.0.0.1', '2025-07-28 23:30:03', '2025-07-28 23:30:03', NULL, NULL, 2, '2025-10-27', 0),
(1937, NULL, 0, NULL, '18:00:00', '19:00:00', NULL, NULL, 2, 1, 0, 1, 0, '127.0.0.1', '2025-07-28 23:30:03', '2025-07-28 23:30:03', NULL, NULL, 3, '2025-10-27', 0),
(1938, NULL, 0, NULL, '20:00:00', '21:00:00', NULL, NULL, 2, 1, 0, 1, 0, '127.0.0.1', '2025-07-28 23:30:03', '2025-07-28 23:30:03', NULL, NULL, 4, '2025-10-27', 0),
(1939, NULL, 0, NULL, '12:00:00', '13:00:00', NULL, NULL, 6, 13, 0, 1, 0, '127.0.0.1', '2025-07-28 23:30:03', '2025-07-28 23:30:03', NULL, NULL, 5, '2025-10-27', 0),
(1940, NULL, 0, NULL, '14:00:00', '16:00:00', NULL, NULL, 7, 13, 0, 1, 0, '127.0.0.1', '2025-07-28 23:30:03', '2025-07-28 23:30:03', NULL, NULL, 6, '2025-10-27', 0),
(1941, NULL, 0, NULL, '17:00:00', '18:00:00', NULL, NULL, 8, 13, 0, 1, 0, '127.0.0.1', '2025-07-28 23:30:03', '2025-07-28 23:30:03', NULL, NULL, 7, '2025-10-27', 0),
(1942, NULL, 0, NULL, '18:00:00', '19:00:00', NULL, NULL, 6, 13, 0, 1, 0, '127.0.0.1', '2025-07-28 23:30:03', '2025-07-28 23:30:03', NULL, NULL, 8, '2025-10-27', 0),
(1943, NULL, 0, NULL, '09:00:00', '10:00:00', NULL, NULL, 9, 15, 0, 1, 0, '127.0.0.1', '2025-07-28 23:30:03', '2025-07-28 23:30:03', NULL, NULL, 9, '2025-10-27', 0),
(1944, NULL, 0, NULL, '16:00:00', '17:00:00', NULL, NULL, 1, 1, 0, 1, 0, '127.0.0.1', '2025-07-29 23:30:02', '2025-07-29 23:30:02', NULL, NULL, 1, '2025-10-28', 0),
(1945, NULL, 0, NULL, '17:00:00', '18:00:00', NULL, NULL, 1, 1, 0, 1, 0, '127.0.0.1', '2025-07-29 23:30:02', '2025-07-29 23:30:02', NULL, NULL, 2, '2025-10-28', 0),
(1946, NULL, 0, NULL, '18:00:00', '19:00:00', NULL, NULL, 2, 1, 0, 1, 0, '127.0.0.1', '2025-07-29 23:30:02', '2025-07-29 23:30:02', NULL, NULL, 3, '2025-10-28', 0),
(1947, NULL, 0, NULL, '20:00:00', '21:00:00', NULL, NULL, 2, 1, 0, 1, 0, '127.0.0.1', '2025-07-29 23:30:02', '2025-07-29 23:30:02', NULL, NULL, 4, '2025-10-28', 0),
(1948, NULL, 0, NULL, '12:00:00', '13:00:00', NULL, NULL, 6, 13, 0, 1, 0, '127.0.0.1', '2025-07-29 23:30:02', '2025-07-29 23:30:02', NULL, NULL, 5, '2025-10-28', 0),
(1949, NULL, 0, NULL, '14:00:00', '16:00:00', NULL, NULL, 7, 13, 0, 1, 0, '127.0.0.1', '2025-07-29 23:30:02', '2025-07-29 23:30:02', NULL, NULL, 6, '2025-10-28', 0),
(1950, NULL, 0, NULL, '17:00:00', '18:00:00', NULL, NULL, 8, 13, 0, 1, 0, '127.0.0.1', '2025-07-29 23:30:02', '2025-07-29 23:30:02', NULL, NULL, 7, '2025-10-28', 0),
(1951, NULL, 0, NULL, '18:00:00', '19:00:00', NULL, NULL, 6, 13, 0, 1, 0, '127.0.0.1', '2025-07-29 23:30:02', '2025-07-29 23:30:02', NULL, NULL, 8, '2025-10-28', 0),
(1952, NULL, 0, NULL, '09:00:00', '10:00:00', NULL, NULL, 9, 15, 0, 1, 0, '127.0.0.1', '2025-07-29 23:30:02', '2025-07-29 23:30:02', NULL, NULL, 9, '2025-10-28', 0),
(1953, NULL, 0, NULL, '16:00:00', '17:00:00', NULL, NULL, 1, 1, 0, 1, 0, '127.0.0.1', '2025-07-30 23:30:02', '2025-07-30 23:30:02', NULL, NULL, 1, '2025-10-29', 0),
(1954, NULL, 0, NULL, '17:00:00', '18:00:00', NULL, NULL, 1, 1, 0, 1, 0, '127.0.0.1', '2025-07-30 23:30:02', '2025-07-30 23:30:02', NULL, NULL, 2, '2025-10-29', 0),
(1955, NULL, 0, NULL, '18:00:00', '19:00:00', NULL, NULL, 2, 1, 0, 1, 0, '127.0.0.1', '2025-07-30 23:30:02', '2025-07-30 23:30:02', NULL, NULL, 3, '2025-10-29', 0),
(1956, NULL, 0, NULL, '20:00:00', '21:00:00', NULL, NULL, 2, 1, 0, 1, 0, '127.0.0.1', '2025-07-30 23:30:02', '2025-07-30 23:30:02', NULL, NULL, 4, '2025-10-29', 0),
(1957, NULL, 0, NULL, '12:00:00', '13:00:00', NULL, NULL, 6, 13, 0, 1, 0, '127.0.0.1', '2025-07-30 23:30:02', '2025-07-30 23:30:02', NULL, NULL, 5, '2025-10-29', 0),
(1958, NULL, 0, NULL, '14:00:00', '16:00:00', NULL, NULL, 7, 13, 0, 1, 0, '127.0.0.1', '2025-07-30 23:30:02', '2025-07-30 23:30:02', NULL, NULL, 6, '2025-10-29', 0),
(1959, NULL, 0, NULL, '17:00:00', '18:00:00', NULL, NULL, 8, 13, 0, 1, 0, '127.0.0.1', '2025-07-30 23:30:02', '2025-07-30 23:30:02', NULL, NULL, 7, '2025-10-29', 0),
(1960, NULL, 0, NULL, '18:00:00', '19:00:00', NULL, NULL, 6, 13, 0, 1, 0, '127.0.0.1', '2025-07-30 23:30:02', '2025-07-30 23:30:02', NULL, NULL, 8, '2025-10-29', 0),
(1961, NULL, 0, NULL, '09:00:00', '10:00:00', NULL, NULL, 9, 15, 0, 1, 0, '127.0.0.1', '2025-07-30 23:30:02', '2025-07-30 23:30:02', NULL, NULL, 9, '2025-10-29', 0),
(1962, NULL, 0, NULL, '16:00:00', '17:00:00', NULL, NULL, 1, 1, 0, 1, 0, '127.0.0.1', '2025-07-31 23:30:02', '2025-07-31 23:30:02', NULL, NULL, 1, '2025-10-30', 0),
(1963, NULL, 0, NULL, '17:00:00', '18:00:00', NULL, NULL, 1, 1, 0, 1, 0, '127.0.0.1', '2025-07-31 23:30:02', '2025-07-31 23:30:02', NULL, NULL, 2, '2025-10-30', 0),
(1964, NULL, 0, NULL, '18:00:00', '19:00:00', NULL, NULL, 2, 1, 0, 1, 0, '127.0.0.1', '2025-07-31 23:30:02', '2025-07-31 23:30:02', NULL, NULL, 3, '2025-10-30', 0),
(1965, NULL, 0, NULL, '20:00:00', '21:00:00', NULL, NULL, 2, 1, 0, 1, 0, '127.0.0.1', '2025-07-31 23:30:02', '2025-07-31 23:30:02', NULL, NULL, 4, '2025-10-30', 0),
(1966, NULL, 0, NULL, '12:00:00', '13:00:00', NULL, NULL, 6, 13, 0, 1, 0, '127.0.0.1', '2025-07-31 23:30:02', '2025-07-31 23:30:02', NULL, NULL, 5, '2025-10-30', 0),
(1967, NULL, 0, NULL, '14:00:00', '16:00:00', NULL, NULL, 7, 13, 0, 1, 0, '127.0.0.1', '2025-07-31 23:30:02', '2025-07-31 23:30:02', NULL, NULL, 6, '2025-10-30', 0),
(1968, NULL, 0, NULL, '17:00:00', '18:00:00', NULL, NULL, 8, 13, 0, 1, 0, '127.0.0.1', '2025-07-31 23:30:02', '2025-07-31 23:30:02', NULL, NULL, 7, '2025-10-30', 0),
(1969, NULL, 0, NULL, '18:00:00', '19:00:00', NULL, NULL, 6, 13, 0, 1, 0, '127.0.0.1', '2025-07-31 23:30:02', '2025-07-31 23:30:02', NULL, NULL, 8, '2025-10-30', 0),
(1970, NULL, 0, NULL, '09:00:00', '10:00:00', NULL, NULL, 9, 15, 0, 1, 0, '127.0.0.1', '2025-07-31 23:30:02', '2025-07-31 23:30:02', NULL, NULL, 9, '2025-10-30', 0),
(1971, NULL, 0, NULL, '16:00:00', '17:00:00', NULL, NULL, 1, 1, 0, 1, 0, '127.0.0.1', '2025-08-01 23:30:02', '2025-08-01 23:30:02', NULL, NULL, 1, '2025-10-31', 0),
(1972, NULL, 0, NULL, '17:00:00', '18:00:00', NULL, NULL, 1, 1, 0, 1, 0, '127.0.0.1', '2025-08-01 23:30:02', '2025-08-01 23:30:02', NULL, NULL, 2, '2025-10-31', 0),
(1973, NULL, 0, NULL, '18:00:00', '19:00:00', NULL, NULL, 2, 1, 0, 1, 0, '127.0.0.1', '2025-08-01 23:30:02', '2025-08-01 23:30:02', NULL, NULL, 3, '2025-10-31', 0),
(1974, NULL, 0, NULL, '20:00:00', '21:00:00', NULL, NULL, 2, 1, 0, 1, 0, '127.0.0.1', '2025-08-01 23:30:02', '2025-08-01 23:30:02', NULL, NULL, 4, '2025-10-31', 0),
(1975, NULL, 0, NULL, '12:00:00', '13:00:00', NULL, NULL, 6, 13, 0, 1, 0, '127.0.0.1', '2025-08-01 23:30:02', '2025-08-01 23:30:02', NULL, NULL, 5, '2025-10-31', 0),
(1976, NULL, 0, NULL, '14:00:00', '16:00:00', NULL, NULL, 7, 13, 0, 1, 0, '127.0.0.1', '2025-08-01 23:30:02', '2025-08-01 23:30:02', NULL, NULL, 6, '2025-10-31', 0),
(1977, NULL, 0, NULL, '17:00:00', '18:00:00', NULL, NULL, 8, 13, 0, 1, 0, '127.0.0.1', '2025-08-01 23:30:02', '2025-08-01 23:30:02', NULL, NULL, 7, '2025-10-31', 0),
(1978, NULL, 0, NULL, '18:00:00', '19:00:00', NULL, NULL, 6, 13, 0, 1, 0, '127.0.0.1', '2025-08-01 23:30:02', '2025-08-01 23:30:02', NULL, NULL, 8, '2025-10-31', 0),
(1979, NULL, 0, NULL, '09:00:00', '10:00:00', NULL, NULL, 9, 15, 0, 1, 0, '127.0.0.1', '2025-08-01 23:30:02', '2025-08-01 23:30:02', NULL, NULL, 9, '2025-10-31', 0),
(1980, NULL, 0, NULL, '16:00:00', '17:00:00', NULL, NULL, 1, 1, 0, 1, 0, '127.0.0.1', '2025-08-02 23:30:02', '2025-08-02 23:30:02', NULL, NULL, 1, '2025-11-01', 0),
(1981, NULL, 0, NULL, '17:00:00', '18:00:00', NULL, NULL, 1, 1, 0, 1, 0, '127.0.0.1', '2025-08-02 23:30:02', '2025-08-02 23:30:02', NULL, NULL, 2, '2025-11-01', 0),
(1982, NULL, 0, NULL, '18:00:00', '19:00:00', NULL, NULL, 2, 1, 0, 1, 0, '127.0.0.1', '2025-08-02 23:30:02', '2025-08-02 23:30:02', NULL, NULL, 3, '2025-11-01', 0),
(1983, NULL, 0, NULL, '20:00:00', '21:00:00', NULL, NULL, 2, 1, 0, 1, 0, '127.0.0.1', '2025-08-02 23:30:02', '2025-08-02 23:30:02', NULL, NULL, 4, '2025-11-01', 0),
(1984, NULL, 0, NULL, '12:00:00', '13:00:00', NULL, NULL, 6, 13, 0, 1, 0, '127.0.0.1', '2025-08-02 23:30:02', '2025-08-02 23:30:02', NULL, NULL, 5, '2025-11-01', 0),
(1985, NULL, 0, NULL, '14:00:00', '16:00:00', NULL, NULL, 7, 13, 0, 1, 0, '127.0.0.1', '2025-08-02 23:30:02', '2025-08-02 23:30:02', NULL, NULL, 6, '2025-11-01', 0),
(1986, NULL, 0, NULL, '17:00:00', '18:00:00', NULL, NULL, 8, 13, 0, 1, 0, '127.0.0.1', '2025-08-02 23:30:02', '2025-08-02 23:30:02', NULL, NULL, 7, '2025-11-01', 0),
(1987, NULL, 0, NULL, '18:00:00', '19:00:00', NULL, NULL, 6, 13, 0, 1, 0, '127.0.0.1', '2025-08-02 23:30:02', '2025-08-02 23:30:02', NULL, NULL, 8, '2025-11-01', 0),
(1988, NULL, 0, NULL, '09:00:00', '10:00:00', NULL, NULL, 9, 15, 0, 1, 0, '127.0.0.1', '2025-08-02 23:30:02', '2025-08-02 23:30:02', NULL, NULL, 9, '2025-11-01', 0),
(1989, NULL, 0, NULL, '16:00:00', '17:00:00', NULL, NULL, 1, 1, 0, 1, 0, '127.0.0.1', '2025-08-03 23:30:02', '2025-08-03 23:30:02', NULL, NULL, 1, '2025-11-02', 0),
(1990, NULL, 0, NULL, '17:00:00', '18:00:00', NULL, NULL, 1, 1, 0, 1, 0, '127.0.0.1', '2025-08-03 23:30:02', '2025-08-03 23:30:02', NULL, NULL, 2, '2025-11-02', 0),
(1991, NULL, 0, NULL, '18:00:00', '19:00:00', NULL, NULL, 2, 1, 0, 1, 0, '127.0.0.1', '2025-08-03 23:30:02', '2025-08-03 23:30:02', NULL, NULL, 3, '2025-11-02', 0),
(1992, NULL, 0, NULL, '20:00:00', '21:00:00', NULL, NULL, 2, 1, 0, 1, 0, '127.0.0.1', '2025-08-03 23:30:02', '2025-08-03 23:30:02', NULL, NULL, 4, '2025-11-02', 0),
(1993, NULL, 0, NULL, '12:00:00', '13:00:00', NULL, NULL, 6, 13, 0, 1, 0, '127.0.0.1', '2025-08-03 23:30:02', '2025-08-03 23:30:02', NULL, NULL, 5, '2025-11-02', 0),
(1994, NULL, 0, NULL, '14:00:00', '16:00:00', NULL, NULL, 7, 13, 0, 1, 0, '127.0.0.1', '2025-08-03 23:30:02', '2025-08-03 23:30:02', NULL, NULL, 6, '2025-11-02', 0),
(1995, NULL, 0, NULL, '17:00:00', '18:00:00', NULL, NULL, 8, 13, 0, 1, 0, '127.0.0.1', '2025-08-03 23:30:02', '2025-08-03 23:30:02', NULL, NULL, 7, '2025-11-02', 0),
(1996, NULL, 0, NULL, '18:00:00', '19:00:00', NULL, NULL, 6, 13, 0, 1, 0, '127.0.0.1', '2025-08-03 23:30:02', '2025-08-03 23:30:02', NULL, NULL, 8, '2025-11-02', 0),
(1997, NULL, 0, NULL, '09:00:00', '10:00:00', NULL, NULL, 9, 15, 0, 1, 0, '127.0.0.1', '2025-08-03 23:30:02', '2025-08-03 23:30:02', NULL, NULL, 9, '2025-11-02', 0),
(1998, NULL, 0, NULL, '16:00:00', '17:00:00', NULL, NULL, 1, 1, 0, 1, 0, '127.0.0.1', '2025-08-04 23:30:02', '2025-08-04 23:30:02', NULL, NULL, 1, '2025-11-03', 0),
(1999, NULL, 0, NULL, '17:00:00', '18:00:00', NULL, NULL, 1, 1, 0, 1, 0, '127.0.0.1', '2025-08-04 23:30:02', '2025-08-04 23:30:02', NULL, NULL, 2, '2025-11-03', 0),
(2000, NULL, 0, NULL, '18:00:00', '19:00:00', NULL, NULL, 2, 1, 0, 1, 0, '127.0.0.1', '2025-08-04 23:30:02', '2025-08-04 23:30:02', NULL, NULL, 3, '2025-11-03', 0),
(2001, NULL, 0, NULL, '20:00:00', '21:00:00', NULL, NULL, 2, 1, 0, 1, 0, '127.0.0.1', '2025-08-04 23:30:02', '2025-08-04 23:30:02', NULL, NULL, 4, '2025-11-03', 0),
(2002, NULL, 0, NULL, '12:00:00', '13:00:00', NULL, NULL, 6, 13, 0, 1, 0, '127.0.0.1', '2025-08-04 23:30:02', '2025-08-04 23:30:02', NULL, NULL, 5, '2025-11-03', 0),
(2003, NULL, 0, NULL, '14:00:00', '16:00:00', NULL, NULL, 7, 13, 0, 1, 0, '127.0.0.1', '2025-08-04 23:30:02', '2025-08-04 23:30:02', NULL, NULL, 6, '2025-11-03', 0),
(2004, NULL, 0, NULL, '17:00:00', '18:00:00', NULL, NULL, 8, 13, 0, 1, 0, '127.0.0.1', '2025-08-04 23:30:02', '2025-08-04 23:30:02', NULL, NULL, 7, '2025-11-03', 0),
(2005, NULL, 0, NULL, '18:00:00', '19:00:00', NULL, NULL, 6, 13, 0, 1, 0, '127.0.0.1', '2025-08-04 23:30:02', '2025-08-04 23:30:02', NULL, NULL, 8, '2025-11-03', 0),
(2006, NULL, 0, NULL, '09:00:00', '10:00:00', NULL, NULL, 9, 15, 0, 1, 0, '127.0.0.1', '2025-08-04 23:30:02', '2025-08-04 23:30:02', NULL, NULL, 9, '2025-11-03', 0),
(2007, NULL, 0, NULL, '16:00:00', '17:00:00', NULL, NULL, 1, 1, 0, 1, 0, '127.0.0.1', '2025-08-05 23:30:02', '2025-08-05 23:30:02', NULL, NULL, 1, '2025-11-04', 0),
(2008, NULL, 0, NULL, '17:00:00', '18:00:00', NULL, NULL, 1, 1, 0, 1, 0, '127.0.0.1', '2025-08-05 23:30:02', '2025-08-05 23:30:02', NULL, NULL, 2, '2025-11-04', 0),
(2009, NULL, 0, NULL, '18:00:00', '19:00:00', NULL, NULL, 2, 1, 0, 1, 0, '127.0.0.1', '2025-08-05 23:30:02', '2025-08-05 23:30:02', NULL, NULL, 3, '2025-11-04', 0),
(2010, NULL, 0, NULL, '20:00:00', '21:00:00', NULL, NULL, 2, 1, 0, 1, 0, '127.0.0.1', '2025-08-05 23:30:02', '2025-08-05 23:30:02', NULL, NULL, 4, '2025-11-04', 0),
(2011, NULL, 0, NULL, '12:00:00', '13:00:00', NULL, NULL, 6, 13, 0, 1, 0, '127.0.0.1', '2025-08-05 23:30:02', '2025-08-05 23:30:02', NULL, NULL, 5, '2025-11-04', 0),
(2012, NULL, 0, NULL, '14:00:00', '16:00:00', NULL, NULL, 7, 13, 0, 1, 0, '127.0.0.1', '2025-08-05 23:30:02', '2025-08-05 23:30:02', NULL, NULL, 6, '2025-11-04', 0),
(2013, NULL, 0, NULL, '17:00:00', '18:00:00', NULL, NULL, 8, 13, 0, 1, 0, '127.0.0.1', '2025-08-05 23:30:02', '2025-08-05 23:30:02', NULL, NULL, 7, '2025-11-04', 0),
(2014, NULL, 0, NULL, '18:00:00', '19:00:00', NULL, NULL, 6, 13, 0, 1, 0, '127.0.0.1', '2025-08-05 23:30:02', '2025-08-05 23:30:02', NULL, NULL, 8, '2025-11-04', 0),
(2015, NULL, 0, NULL, '09:00:00', '10:00:00', NULL, NULL, 9, 15, 0, 1, 0, '127.0.0.1', '2025-08-05 23:30:02', '2025-08-05 23:30:02', NULL, NULL, 9, '2025-11-04', 0),
(2016, NULL, 0, NULL, '16:00:00', '17:00:00', NULL, NULL, 1, 1, 0, 1, 0, '127.0.0.1', '2025-08-06 23:30:02', '2025-08-06 23:30:02', NULL, NULL, 1, '2025-11-05', 0),
(2017, NULL, 0, NULL, '17:00:00', '18:00:00', NULL, NULL, 1, 1, 0, 1, 0, '127.0.0.1', '2025-08-06 23:30:02', '2025-08-06 23:30:02', NULL, NULL, 2, '2025-11-05', 0),
(2018, NULL, 0, NULL, '18:00:00', '19:00:00', NULL, NULL, 2, 1, 0, 1, 0, '127.0.0.1', '2025-08-06 23:30:02', '2025-08-06 23:30:02', NULL, NULL, 3, '2025-11-05', 0),
(2019, NULL, 0, NULL, '20:00:00', '21:00:00', NULL, NULL, 2, 1, 0, 1, 0, '127.0.0.1', '2025-08-06 23:30:02', '2025-08-06 23:30:02', NULL, NULL, 4, '2025-11-05', 0),
(2020, NULL, 0, NULL, '12:00:00', '13:00:00', NULL, NULL, 6, 13, 0, 1, 0, '127.0.0.1', '2025-08-06 23:30:02', '2025-08-06 23:30:02', NULL, NULL, 5, '2025-11-05', 0),
(2021, NULL, 0, NULL, '14:00:00', '16:00:00', NULL, NULL, 7, 13, 0, 1, 0, '127.0.0.1', '2025-08-06 23:30:02', '2025-08-06 23:30:02', NULL, NULL, 6, '2025-11-05', 0),
(2022, NULL, 0, NULL, '17:00:00', '18:00:00', NULL, NULL, 8, 13, 0, 1, 0, '127.0.0.1', '2025-08-06 23:30:02', '2025-08-06 23:30:02', NULL, NULL, 7, '2025-11-05', 0),
(2023, NULL, 0, NULL, '18:00:00', '19:00:00', NULL, NULL, 6, 13, 0, 1, 0, '127.0.0.1', '2025-08-06 23:30:02', '2025-08-06 23:30:02', NULL, NULL, 8, '2025-11-05', 0),
(2024, NULL, 0, NULL, '09:00:00', '10:00:00', NULL, NULL, 9, 15, 0, 1, 0, '127.0.0.1', '2025-08-06 23:30:02', '2025-08-06 23:30:02', NULL, NULL, 9, '2025-11-05', 0),
(2025, NULL, 0, NULL, '16:00:00', '17:00:00', NULL, NULL, 1, 1, 0, 1, 0, '127.0.0.1', '2025-08-07 23:30:03', '2025-08-07 23:30:03', NULL, NULL, 1, '2025-11-06', 0),
(2026, NULL, 0, NULL, '17:00:00', '18:00:00', NULL, NULL, 1, 1, 0, 1, 0, '127.0.0.1', '2025-08-07 23:30:03', '2025-08-07 23:30:03', NULL, NULL, 2, '2025-11-06', 0),
(2027, NULL, 0, NULL, '18:00:00', '19:00:00', NULL, NULL, 2, 1, 0, 1, 0, '127.0.0.1', '2025-08-07 23:30:03', '2025-08-07 23:30:03', NULL, NULL, 3, '2025-11-06', 0),
(2028, NULL, 0, NULL, '20:00:00', '21:00:00', NULL, NULL, 2, 1, 0, 1, 0, '127.0.0.1', '2025-08-07 23:30:03', '2025-08-07 23:30:03', NULL, NULL, 4, '2025-11-06', 0),
(2029, NULL, 0, NULL, '12:00:00', '13:00:00', NULL, NULL, 6, 13, 0, 1, 0, '127.0.0.1', '2025-08-07 23:30:03', '2025-08-07 23:30:03', NULL, NULL, 5, '2025-11-06', 0),
(2030, NULL, 0, NULL, '14:00:00', '16:00:00', NULL, NULL, 7, 13, 0, 1, 0, '127.0.0.1', '2025-08-07 23:30:03', '2025-08-07 23:30:03', NULL, NULL, 6, '2025-11-06', 0),
(2031, NULL, 0, NULL, '17:00:00', '18:00:00', NULL, NULL, 8, 13, 0, 1, 0, '127.0.0.1', '2025-08-07 23:30:03', '2025-08-07 23:30:03', NULL, NULL, 7, '2025-11-06', 0),
(2032, NULL, 0, NULL, '18:00:00', '19:00:00', NULL, NULL, 6, 13, 0, 1, 0, '127.0.0.1', '2025-08-07 23:30:03', '2025-08-07 23:30:03', NULL, NULL, 8, '2025-11-06', 0),
(2033, NULL, 0, NULL, '09:00:00', '10:00:00', NULL, NULL, 9, 15, 0, 1, 0, '127.0.0.1', '2025-08-07 23:30:03', '2025-08-07 23:30:03', NULL, NULL, 9, '2025-11-06', 0),
(2034, NULL, 0, NULL, '16:00:00', '17:00:00', NULL, NULL, 1, 1, 0, 1, 0, '127.0.0.1', '2025-08-08 23:30:02', '2025-08-08 23:30:02', NULL, NULL, 1, '2025-11-07', 0),
(2035, NULL, 0, NULL, '17:00:00', '18:00:00', NULL, NULL, 1, 1, 0, 1, 0, '127.0.0.1', '2025-08-08 23:30:02', '2025-08-08 23:30:02', NULL, NULL, 2, '2025-11-07', 0),
(2036, NULL, 0, NULL, '18:00:00', '19:00:00', NULL, NULL, 2, 1, 0, 1, 0, '127.0.0.1', '2025-08-08 23:30:02', '2025-08-08 23:30:02', NULL, NULL, 3, '2025-11-07', 0),
(2037, NULL, 0, NULL, '20:00:00', '21:00:00', NULL, NULL, 2, 1, 0, 1, 0, '127.0.0.1', '2025-08-08 23:30:02', '2025-08-08 23:30:02', NULL, NULL, 4, '2025-11-07', 0),
(2038, NULL, 0, NULL, '12:00:00', '13:00:00', NULL, NULL, 6, 13, 0, 1, 0, '127.0.0.1', '2025-08-08 23:30:02', '2025-08-08 23:30:02', NULL, NULL, 5, '2025-11-07', 0),
(2039, NULL, 0, NULL, '14:00:00', '16:00:00', NULL, NULL, 7, 13, 0, 1, 0, '127.0.0.1', '2025-08-08 23:30:02', '2025-08-08 23:30:02', NULL, NULL, 6, '2025-11-07', 0),
(2040, NULL, 0, NULL, '17:00:00', '18:00:00', NULL, NULL, 8, 13, 0, 1, 0, '127.0.0.1', '2025-08-08 23:30:02', '2025-08-08 23:30:02', NULL, NULL, 7, '2025-11-07', 0),
(2041, NULL, 0, NULL, '18:00:00', '19:00:00', NULL, NULL, 6, 13, 0, 1, 0, '127.0.0.1', '2025-08-08 23:30:02', '2025-08-08 23:30:02', NULL, NULL, 8, '2025-11-07', 0),
(2042, NULL, 0, NULL, '09:00:00', '10:00:00', NULL, NULL, 9, 15, 0, 1, 0, '127.0.0.1', '2025-08-08 23:30:02', '2025-08-08 23:30:02', NULL, NULL, 9, '2025-11-07', 0),
(2043, NULL, 0, NULL, '16:00:00', '17:00:00', NULL, NULL, 1, 1, 0, 1, 0, '127.0.0.1', '2025-08-09 23:30:03', '2025-08-09 23:30:03', NULL, NULL, 1, '2025-11-08', 0),
(2044, NULL, 0, NULL, '17:00:00', '18:00:00', NULL, NULL, 1, 1, 0, 1, 0, '127.0.0.1', '2025-08-09 23:30:03', '2025-08-09 23:30:03', NULL, NULL, 2, '2025-11-08', 0),
(2045, NULL, 0, NULL, '18:00:00', '19:00:00', NULL, NULL, 2, 1, 0, 1, 0, '127.0.0.1', '2025-08-09 23:30:03', '2025-08-09 23:30:03', NULL, NULL, 3, '2025-11-08', 0),
(2046, NULL, 0, NULL, '20:00:00', '21:00:00', NULL, NULL, 2, 1, 0, 1, 0, '127.0.0.1', '2025-08-09 23:30:03', '2025-08-09 23:30:03', NULL, NULL, 4, '2025-11-08', 0),
(2047, NULL, 0, NULL, '12:00:00', '13:00:00', NULL, NULL, 6, 13, 0, 1, 0, '127.0.0.1', '2025-08-09 23:30:03', '2025-08-09 23:30:03', NULL, NULL, 5, '2025-11-08', 0),
(2048, NULL, 0, NULL, '14:00:00', '16:00:00', NULL, NULL, 7, 13, 0, 1, 0, '127.0.0.1', '2025-08-09 23:30:03', '2025-08-09 23:30:03', NULL, NULL, 6, '2025-11-08', 0),
(2049, NULL, 0, NULL, '17:00:00', '18:00:00', NULL, NULL, 8, 13, 0, 1, 0, '127.0.0.1', '2025-08-09 23:30:03', '2025-08-09 23:30:03', NULL, NULL, 7, '2025-11-08', 0),
(2050, NULL, 0, NULL, '18:00:00', '19:00:00', NULL, NULL, 6, 13, 0, 1, 0, '127.0.0.1', '2025-08-09 23:30:03', '2025-08-09 23:30:03', NULL, NULL, 8, '2025-11-08', 0),
(2051, NULL, 0, NULL, '09:00:00', '10:00:00', NULL, NULL, 9, 15, 0, 1, 0, '127.0.0.1', '2025-08-09 23:30:03', '2025-08-09 23:30:03', NULL, NULL, 9, '2025-11-08', 0),
(2052, NULL, 0, NULL, '16:00:00', '17:00:00', NULL, NULL, 1, 1, 0, 1, 0, '127.0.0.1', '2025-08-10 23:30:02', '2025-08-10 23:30:02', NULL, NULL, 1, '2025-11-09', 0),
(2053, NULL, 0, NULL, '17:00:00', '18:00:00', NULL, NULL, 1, 1, 0, 1, 0, '127.0.0.1', '2025-08-10 23:30:02', '2025-08-10 23:30:02', NULL, NULL, 2, '2025-11-09', 0),
(2054, NULL, 0, NULL, '18:00:00', '19:00:00', NULL, NULL, 2, 1, 0, 1, 0, '127.0.0.1', '2025-08-10 23:30:02', '2025-08-10 23:30:02', NULL, NULL, 3, '2025-11-09', 0),
(2055, NULL, 0, NULL, '20:00:00', '21:00:00', NULL, NULL, 2, 1, 0, 1, 0, '127.0.0.1', '2025-08-10 23:30:02', '2025-08-10 23:30:02', NULL, NULL, 4, '2025-11-09', 0),
(2056, NULL, 0, NULL, '12:00:00', '13:00:00', NULL, NULL, 6, 13, 0, 1, 0, '127.0.0.1', '2025-08-10 23:30:02', '2025-08-10 23:30:02', NULL, NULL, 5, '2025-11-09', 0),
(2057, NULL, 0, NULL, '14:00:00', '16:00:00', NULL, NULL, 7, 13, 0, 1, 0, '127.0.0.1', '2025-08-10 23:30:02', '2025-08-10 23:30:02', NULL, NULL, 6, '2025-11-09', 0),
(2058, NULL, 0, NULL, '17:00:00', '18:00:00', NULL, NULL, 8, 13, 0, 1, 0, '127.0.0.1', '2025-08-10 23:30:02', '2025-08-10 23:30:02', NULL, NULL, 7, '2025-11-09', 0),
(2059, NULL, 0, NULL, '18:00:00', '19:00:00', NULL, NULL, 6, 13, 0, 1, 0, '127.0.0.1', '2025-08-10 23:30:02', '2025-08-10 23:30:02', NULL, NULL, 8, '2025-11-09', 0),
(2060, NULL, 0, NULL, '09:00:00', '10:00:00', NULL, NULL, 9, 15, 0, 1, 0, '127.0.0.1', '2025-08-10 23:30:02', '2025-08-10 23:30:02', NULL, NULL, 9, '2025-11-09', 0),
(2061, NULL, 0, NULL, '16:00:00', '17:00:00', NULL, NULL, 1, 1, 0, 1, 0, '127.0.0.1', '2025-08-11 23:30:02', '2025-08-11 23:30:02', NULL, NULL, 1, '2025-11-10', 0),
(2062, NULL, 0, NULL, '17:00:00', '18:00:00', NULL, NULL, 1, 1, 0, 1, 0, '127.0.0.1', '2025-08-11 23:30:02', '2025-08-11 23:30:02', NULL, NULL, 2, '2025-11-10', 0),
(2063, NULL, 0, NULL, '18:00:00', '19:00:00', NULL, NULL, 2, 1, 0, 1, 0, '127.0.0.1', '2025-08-11 23:30:02', '2025-08-11 23:30:02', NULL, NULL, 3, '2025-11-10', 0),
(2064, NULL, 0, NULL, '20:00:00', '21:00:00', NULL, NULL, 2, 1, 0, 1, 0, '127.0.0.1', '2025-08-11 23:30:02', '2025-08-11 23:30:02', NULL, NULL, 4, '2025-11-10', 0),
(2065, NULL, 0, NULL, '12:00:00', '13:00:00', NULL, NULL, 6, 13, 0, 1, 0, '127.0.0.1', '2025-08-11 23:30:02', '2025-08-11 23:30:02', NULL, NULL, 5, '2025-11-10', 0),
(2066, NULL, 0, NULL, '14:00:00', '16:00:00', NULL, NULL, 7, 13, 0, 1, 0, '127.0.0.1', '2025-08-11 23:30:02', '2025-08-11 23:30:02', NULL, NULL, 6, '2025-11-10', 0),
(2067, NULL, 0, NULL, '17:00:00', '18:00:00', NULL, NULL, 8, 13, 0, 1, 0, '127.0.0.1', '2025-08-11 23:30:02', '2025-08-11 23:30:02', NULL, NULL, 7, '2025-11-10', 0),
(2068, NULL, 0, NULL, '18:00:00', '19:00:00', NULL, NULL, 6, 13, 0, 1, 0, '127.0.0.1', '2025-08-11 23:30:02', '2025-08-11 23:30:02', NULL, NULL, 8, '2025-11-10', 0),
(2069, NULL, 0, NULL, '09:00:00', '10:00:00', NULL, NULL, 9, 15, 0, 1, 0, '127.0.0.1', '2025-08-11 23:30:02', '2025-08-11 23:30:02', NULL, NULL, 9, '2025-11-10', 0),
(2070, NULL, 0, NULL, '16:00:00', '17:00:00', NULL, NULL, 1, 1, 0, 1, 0, '127.0.0.1', '2025-08-12 23:30:02', '2025-08-12 23:30:02', NULL, NULL, 1, '2025-11-11', 0),
(2071, NULL, 0, NULL, '17:00:00', '18:00:00', NULL, NULL, 1, 1, 0, 1, 0, '127.0.0.1', '2025-08-12 23:30:02', '2025-08-12 23:30:02', NULL, NULL, 2, '2025-11-11', 0),
(2072, NULL, 0, NULL, '18:00:00', '19:00:00', NULL, NULL, 2, 1, 0, 1, 0, '127.0.0.1', '2025-08-12 23:30:02', '2025-08-12 23:30:02', NULL, NULL, 3, '2025-11-11', 0),
(2073, NULL, 0, NULL, '20:00:00', '21:00:00', NULL, NULL, 2, 1, 0, 1, 0, '127.0.0.1', '2025-08-12 23:30:02', '2025-08-12 23:30:02', NULL, NULL, 4, '2025-11-11', 0),
(2074, NULL, 0, NULL, '12:00:00', '13:00:00', NULL, NULL, 6, 13, 0, 1, 0, '127.0.0.1', '2025-08-12 23:30:02', '2025-08-12 23:30:02', NULL, NULL, 5, '2025-11-11', 0),
(2075, NULL, 0, NULL, '14:00:00', '16:00:00', NULL, NULL, 7, 13, 0, 1, 0, '127.0.0.1', '2025-08-12 23:30:02', '2025-08-12 23:30:02', NULL, NULL, 6, '2025-11-11', 0),
(2076, NULL, 0, NULL, '17:00:00', '18:00:00', NULL, NULL, 8, 13, 0, 1, 0, '127.0.0.1', '2025-08-12 23:30:02', '2025-08-12 23:30:02', NULL, NULL, 7, '2025-11-11', 0),
(2077, NULL, 0, NULL, '18:00:00', '19:00:00', NULL, NULL, 6, 13, 0, 1, 0, '127.0.0.1', '2025-08-12 23:30:02', '2025-08-12 23:30:02', NULL, NULL, 8, '2025-11-11', 0),
(2078, NULL, 0, NULL, '09:00:00', '10:00:00', NULL, NULL, 9, 15, 0, 1, 0, '127.0.0.1', '2025-08-12 23:30:02', '2025-08-12 23:30:02', NULL, NULL, 9, '2025-11-11', 0),
(2079, NULL, 0, NULL, '16:00:00', '17:00:00', NULL, NULL, 1, 1, 0, 1, 0, '127.0.0.1', '2025-08-13 23:30:03', '2025-08-13 23:30:03', NULL, NULL, 1, '2025-11-12', 0),
(2080, NULL, 0, NULL, '17:00:00', '18:00:00', NULL, NULL, 1, 1, 0, 1, 0, '127.0.0.1', '2025-08-13 23:30:03', '2025-08-13 23:30:03', NULL, NULL, 2, '2025-11-12', 0),
(2081, NULL, 0, NULL, '18:00:00', '19:00:00', NULL, NULL, 2, 1, 0, 1, 0, '127.0.0.1', '2025-08-13 23:30:03', '2025-08-13 23:30:03', NULL, NULL, 3, '2025-11-12', 0),
(2082, NULL, 0, NULL, '20:00:00', '21:00:00', NULL, NULL, 2, 1, 0, 1, 0, '127.0.0.1', '2025-08-13 23:30:03', '2025-08-13 23:30:03', NULL, NULL, 4, '2025-11-12', 0),
(2083, NULL, 0, NULL, '12:00:00', '13:00:00', NULL, NULL, 6, 13, 0, 1, 0, '127.0.0.1', '2025-08-13 23:30:03', '2025-08-13 23:30:03', NULL, NULL, 5, '2025-11-12', 0),
(2084, NULL, 0, NULL, '14:00:00', '16:00:00', NULL, NULL, 7, 13, 0, 1, 0, '127.0.0.1', '2025-08-13 23:30:03', '2025-08-13 23:30:03', NULL, NULL, 6, '2025-11-12', 0),
(2085, NULL, 0, NULL, '17:00:00', '18:00:00', NULL, NULL, 8, 13, 0, 1, 0, '127.0.0.1', '2025-08-13 23:30:03', '2025-08-13 23:30:03', NULL, NULL, 7, '2025-11-12', 0),
(2086, NULL, 0, NULL, '18:00:00', '19:00:00', NULL, NULL, 6, 13, 0, 1, 0, '127.0.0.1', '2025-08-13 23:30:03', '2025-08-13 23:30:03', NULL, NULL, 8, '2025-11-12', 0),
(2087, NULL, 0, NULL, '09:00:00', '10:00:00', NULL, NULL, 9, 15, 0, 1, 0, '127.0.0.1', '2025-08-13 23:30:03', '2025-08-13 23:30:03', NULL, NULL, 9, '2025-11-12', 0),
(2088, NULL, 0, NULL, '16:00:00', '17:00:00', NULL, NULL, 1, 1, 0, 1, 0, '127.0.0.1', '2025-08-14 23:30:02', '2025-08-14 23:30:02', NULL, NULL, 1, '2025-11-13', 0),
(2089, NULL, 0, NULL, '17:00:00', '18:00:00', NULL, NULL, 1, 1, 0, 1, 0, '127.0.0.1', '2025-08-14 23:30:02', '2025-08-14 23:30:02', NULL, NULL, 2, '2025-11-13', 0),
(2090, NULL, 0, NULL, '18:00:00', '19:00:00', NULL, NULL, 2, 1, 0, 1, 0, '127.0.0.1', '2025-08-14 23:30:02', '2025-08-14 23:30:02', NULL, NULL, 3, '2025-11-13', 0),
(2091, NULL, 0, NULL, '20:00:00', '21:00:00', NULL, NULL, 2, 1, 0, 1, 0, '127.0.0.1', '2025-08-14 23:30:02', '2025-08-14 23:30:02', NULL, NULL, 4, '2025-11-13', 0),
(2092, NULL, 0, NULL, '12:00:00', '13:00:00', NULL, NULL, 6, 13, 0, 1, 0, '127.0.0.1', '2025-08-14 23:30:02', '2025-08-14 23:30:02', NULL, NULL, 5, '2025-11-13', 0),
(2093, NULL, 0, NULL, '14:00:00', '16:00:00', NULL, NULL, 7, 13, 0, 1, 0, '127.0.0.1', '2025-08-14 23:30:02', '2025-08-14 23:30:02', NULL, NULL, 6, '2025-11-13', 0),
(2094, NULL, 0, NULL, '17:00:00', '18:00:00', NULL, NULL, 8, 13, 0, 1, 0, '127.0.0.1', '2025-08-14 23:30:02', '2025-08-14 23:30:02', NULL, NULL, 7, '2025-11-13', 0),
(2095, NULL, 0, NULL, '18:00:00', '19:00:00', NULL, NULL, 6, 13, 0, 1, 0, '127.0.0.1', '2025-08-14 23:30:02', '2025-08-14 23:30:02', NULL, NULL, 8, '2025-11-13', 0),
(2096, NULL, 0, NULL, '09:00:00', '10:00:00', NULL, NULL, 9, 15, 0, 1, 0, '127.0.0.1', '2025-08-14 23:30:02', '2025-08-14 23:30:02', NULL, NULL, 9, '2025-11-13', 0),
(2097, NULL, 0, NULL, '16:00:00', '17:00:00', NULL, NULL, 1, 1, 0, 1, 0, '127.0.0.1', '2025-08-15 23:30:02', '2025-08-15 23:30:02', NULL, NULL, 1, '2025-11-14', 0),
(2098, NULL, 0, NULL, '17:00:00', '18:00:00', NULL, NULL, 1, 1, 0, 1, 0, '127.0.0.1', '2025-08-15 23:30:02', '2025-08-15 23:30:02', NULL, NULL, 2, '2025-11-14', 0),
(2099, NULL, 0, NULL, '18:00:00', '19:00:00', NULL, NULL, 2, 1, 0, 1, 0, '127.0.0.1', '2025-08-15 23:30:02', '2025-08-15 23:30:02', NULL, NULL, 3, '2025-11-14', 0),
(2100, NULL, 0, NULL, '20:00:00', '21:00:00', NULL, NULL, 2, 1, 0, 1, 0, '127.0.0.1', '2025-08-15 23:30:02', '2025-08-15 23:30:02', NULL, NULL, 4, '2025-11-14', 0),
(2101, NULL, 0, NULL, '12:00:00', '13:00:00', NULL, NULL, 6, 13, 0, 1, 0, '127.0.0.1', '2025-08-15 23:30:02', '2025-08-15 23:30:02', NULL, NULL, 5, '2025-11-14', 0),
(2102, NULL, 0, NULL, '14:00:00', '16:00:00', NULL, NULL, 7, 13, 0, 1, 0, '127.0.0.1', '2025-08-15 23:30:02', '2025-08-15 23:30:02', NULL, NULL, 6, '2025-11-14', 0),
(2103, NULL, 0, NULL, '17:00:00', '18:00:00', NULL, NULL, 8, 13, 0, 1, 0, '127.0.0.1', '2025-08-15 23:30:02', '2025-08-15 23:30:02', NULL, NULL, 7, '2025-11-14', 0),
(2104, NULL, 0, NULL, '18:00:00', '19:00:00', NULL, NULL, 6, 13, 0, 1, 0, '127.0.0.1', '2025-08-15 23:30:02', '2025-08-15 23:30:02', NULL, NULL, 8, '2025-11-14', 0),
(2105, NULL, 0, NULL, '09:00:00', '10:00:00', NULL, NULL, 9, 15, 0, 1, 0, '127.0.0.1', '2025-08-15 23:30:02', '2025-08-15 23:30:02', NULL, NULL, 9, '2025-11-14', 0),
(2106, NULL, 0, NULL, '16:00:00', '17:00:00', NULL, NULL, 1, 1, 0, 1, 0, '127.0.0.1', '2025-08-16 23:30:03', '2025-08-16 23:30:03', NULL, NULL, 1, '2025-11-15', 0),
(2107, NULL, 0, NULL, '17:00:00', '18:00:00', NULL, NULL, 1, 1, 0, 1, 0, '127.0.0.1', '2025-08-16 23:30:03', '2025-08-16 23:30:03', NULL, NULL, 2, '2025-11-15', 0),
(2108, NULL, 0, NULL, '18:00:00', '19:00:00', NULL, NULL, 2, 1, 0, 1, 0, '127.0.0.1', '2025-08-16 23:30:03', '2025-08-16 23:30:03', NULL, NULL, 3, '2025-11-15', 0),
(2109, NULL, 0, NULL, '20:00:00', '21:00:00', NULL, NULL, 2, 1, 0, 1, 0, '127.0.0.1', '2025-08-16 23:30:03', '2025-08-16 23:30:03', NULL, NULL, 4, '2025-11-15', 0),
(2110, NULL, 0, NULL, '12:00:00', '13:00:00', NULL, NULL, 6, 13, 0, 1, 0, '127.0.0.1', '2025-08-16 23:30:03', '2025-08-16 23:30:03', NULL, NULL, 5, '2025-11-15', 0),
(2111, NULL, 0, NULL, '14:00:00', '16:00:00', NULL, NULL, 7, 13, 0, 1, 0, '127.0.0.1', '2025-08-16 23:30:03', '2025-08-16 23:30:03', NULL, NULL, 6, '2025-11-15', 0),
(2112, NULL, 0, NULL, '17:00:00', '18:00:00', NULL, NULL, 8, 13, 0, 1, 0, '127.0.0.1', '2025-08-16 23:30:03', '2025-08-16 23:30:03', NULL, NULL, 7, '2025-11-15', 0),
(2113, NULL, 0, NULL, '18:00:00', '19:00:00', NULL, NULL, 6, 13, 0, 1, 0, '127.0.0.1', '2025-08-16 23:30:03', '2025-08-16 23:30:03', NULL, NULL, 8, '2025-11-15', 0),
(2114, NULL, 0, NULL, '09:00:00', '10:00:00', NULL, NULL, 9, 15, 0, 1, 0, '127.0.0.1', '2025-08-16 23:30:03', '2025-08-16 23:30:03', NULL, NULL, 9, '2025-11-15', 0),
(2115, NULL, 0, NULL, '16:00:00', '17:00:00', NULL, NULL, 1, 1, 0, 1, 0, '127.0.0.1', '2025-08-17 23:30:02', '2025-08-17 23:30:02', NULL, NULL, 1, '2025-11-16', 0),
(2116, NULL, 0, NULL, '17:00:00', '18:00:00', NULL, NULL, 1, 1, 0, 1, 0, '127.0.0.1', '2025-08-17 23:30:02', '2025-08-17 23:30:02', NULL, NULL, 2, '2025-11-16', 0),
(2117, NULL, 0, NULL, '18:00:00', '19:00:00', NULL, NULL, 2, 1, 0, 1, 0, '127.0.0.1', '2025-08-17 23:30:02', '2025-08-17 23:30:02', NULL, NULL, 3, '2025-11-16', 0),
(2118, NULL, 0, NULL, '20:00:00', '21:00:00', NULL, NULL, 2, 1, 0, 1, 0, '127.0.0.1', '2025-08-17 23:30:02', '2025-08-17 23:30:02', NULL, NULL, 4, '2025-11-16', 0),
(2119, NULL, 0, NULL, '12:00:00', '13:00:00', NULL, NULL, 6, 13, 0, 1, 0, '127.0.0.1', '2025-08-17 23:30:02', '2025-08-17 23:30:02', NULL, NULL, 5, '2025-11-16', 0),
(2120, NULL, 0, NULL, '14:00:00', '16:00:00', NULL, NULL, 7, 13, 0, 1, 0, '127.0.0.1', '2025-08-17 23:30:02', '2025-08-17 23:30:02', NULL, NULL, 6, '2025-11-16', 0),
(2121, NULL, 0, NULL, '17:00:00', '18:00:00', NULL, NULL, 8, 13, 0, 1, 0, '127.0.0.1', '2025-08-17 23:30:02', '2025-08-17 23:30:02', NULL, NULL, 7, '2025-11-16', 0),
(2122, NULL, 0, NULL, '18:00:00', '19:00:00', NULL, NULL, 6, 13, 0, 1, 0, '127.0.0.1', '2025-08-17 23:30:02', '2025-08-17 23:30:02', NULL, NULL, 8, '2025-11-16', 0),
(2123, NULL, 0, NULL, '09:00:00', '10:00:00', NULL, NULL, 9, 15, 0, 1, 0, '127.0.0.1', '2025-08-17 23:30:02', '2025-08-17 23:30:02', NULL, NULL, 9, '2025-11-16', 0),
(2124, NULL, 0, NULL, '16:00:00', '17:00:00', NULL, NULL, 1, 1, 0, 1, 0, '127.0.0.1', '2025-08-18 23:30:03', '2025-08-18 23:30:03', NULL, NULL, 1, '2025-11-17', 0);
INSERT INTO `Schedule` (`Schedule_id`, `Customer_id`, `driver_id`, `status`, `fromtime`, `Totime`, `fromdate`, `Todate`, `car_id`, `SchoolId`, `package_order_id`, `iStatus`, `isDelete`, `strIP`, `created_at`, `updated_at`, `pickup_drop_point`, `day`, `Schedulemasterid`, `Schedule_date`, `attendance`) VALUES
(2125, NULL, 0, NULL, '17:00:00', '18:00:00', NULL, NULL, 1, 1, 0, 1, 0, '127.0.0.1', '2025-08-18 23:30:03', '2025-08-18 23:30:03', NULL, NULL, 2, '2025-11-17', 0),
(2126, NULL, 0, NULL, '18:00:00', '19:00:00', NULL, NULL, 2, 1, 0, 1, 0, '127.0.0.1', '2025-08-18 23:30:03', '2025-08-18 23:30:03', NULL, NULL, 3, '2025-11-17', 0),
(2127, NULL, 0, NULL, '20:00:00', '21:00:00', NULL, NULL, 2, 1, 0, 1, 0, '127.0.0.1', '2025-08-18 23:30:03', '2025-08-18 23:30:03', NULL, NULL, 4, '2025-11-17', 0),
(2128, NULL, 0, NULL, '12:00:00', '13:00:00', NULL, NULL, 6, 13, 0, 1, 0, '127.0.0.1', '2025-08-18 23:30:03', '2025-08-18 23:30:03', NULL, NULL, 5, '2025-11-17', 0),
(2129, NULL, 0, NULL, '14:00:00', '16:00:00', NULL, NULL, 7, 13, 0, 1, 0, '127.0.0.1', '2025-08-18 23:30:03', '2025-08-18 23:30:03', NULL, NULL, 6, '2025-11-17', 0),
(2130, NULL, 0, NULL, '17:00:00', '18:00:00', NULL, NULL, 8, 13, 0, 1, 0, '127.0.0.1', '2025-08-18 23:30:03', '2025-08-18 23:30:03', NULL, NULL, 7, '2025-11-17', 0),
(2131, NULL, 0, NULL, '18:00:00', '19:00:00', NULL, NULL, 6, 13, 0, 1, 0, '127.0.0.1', '2025-08-18 23:30:03', '2025-08-18 23:30:03', NULL, NULL, 8, '2025-11-17', 0),
(2132, NULL, 0, NULL, '09:00:00', '10:00:00', NULL, NULL, 9, 15, 0, 1, 0, '127.0.0.1', '2025-08-18 23:30:03', '2025-08-18 23:30:03', NULL, NULL, 9, '2025-11-17', 0),
(2133, NULL, 0, NULL, '16:00:00', '17:00:00', NULL, NULL, 1, 1, 0, 1, 0, '127.0.0.1', '2025-08-19 23:30:03', '2025-08-19 23:30:03', NULL, NULL, 1, '2025-11-18', 0),
(2134, NULL, 0, NULL, '17:00:00', '18:00:00', NULL, NULL, 1, 1, 0, 1, 0, '127.0.0.1', '2025-08-19 23:30:03', '2025-08-19 23:30:03', NULL, NULL, 2, '2025-11-18', 0),
(2135, NULL, 0, NULL, '18:00:00', '19:00:00', NULL, NULL, 2, 1, 0, 1, 0, '127.0.0.1', '2025-08-19 23:30:03', '2025-08-19 23:30:03', NULL, NULL, 3, '2025-11-18', 0),
(2136, NULL, 0, NULL, '20:00:00', '21:00:00', NULL, NULL, 2, 1, 0, 1, 0, '127.0.0.1', '2025-08-19 23:30:03', '2025-08-19 23:30:03', NULL, NULL, 4, '2025-11-18', 0),
(2137, NULL, 0, NULL, '12:00:00', '13:00:00', NULL, NULL, 6, 13, 0, 1, 0, '127.0.0.1', '2025-08-19 23:30:03', '2025-08-19 23:30:03', NULL, NULL, 5, '2025-11-18', 0),
(2138, NULL, 0, NULL, '14:00:00', '16:00:00', NULL, NULL, 7, 13, 0, 1, 0, '127.0.0.1', '2025-08-19 23:30:03', '2025-08-19 23:30:03', NULL, NULL, 6, '2025-11-18', 0),
(2139, NULL, 0, NULL, '17:00:00', '18:00:00', NULL, NULL, 8, 13, 0, 1, 0, '127.0.0.1', '2025-08-19 23:30:03', '2025-08-19 23:30:03', NULL, NULL, 7, '2025-11-18', 0),
(2140, NULL, 0, NULL, '18:00:00', '19:00:00', NULL, NULL, 6, 13, 0, 1, 0, '127.0.0.1', '2025-08-19 23:30:03', '2025-08-19 23:30:03', NULL, NULL, 8, '2025-11-18', 0),
(2141, NULL, 0, NULL, '09:00:00', '10:00:00', NULL, NULL, 9, 15, 0, 1, 0, '127.0.0.1', '2025-08-19 23:30:03', '2025-08-19 23:30:03', NULL, NULL, 9, '2025-11-18', 0),
(2142, NULL, 0, NULL, '16:00:00', '17:00:00', NULL, NULL, 1, 1, 0, 1, 0, '127.0.0.1', '2025-08-20 23:30:02', '2025-08-20 23:30:02', NULL, NULL, 1, '2025-11-19', 0),
(2143, NULL, 0, NULL, '17:00:00', '18:00:00', NULL, NULL, 1, 1, 0, 1, 0, '127.0.0.1', '2025-08-20 23:30:02', '2025-08-20 23:30:02', NULL, NULL, 2, '2025-11-19', 0),
(2144, NULL, 0, NULL, '18:00:00', '19:00:00', NULL, NULL, 2, 1, 0, 1, 0, '127.0.0.1', '2025-08-20 23:30:02', '2025-08-20 23:30:02', NULL, NULL, 3, '2025-11-19', 0),
(2145, NULL, 0, NULL, '20:00:00', '21:00:00', NULL, NULL, 2, 1, 0, 1, 0, '127.0.0.1', '2025-08-20 23:30:02', '2025-08-20 23:30:02', NULL, NULL, 4, '2025-11-19', 0),
(2146, NULL, 0, NULL, '12:00:00', '13:00:00', NULL, NULL, 6, 13, 0, 1, 0, '127.0.0.1', '2025-08-20 23:30:02', '2025-08-20 23:30:02', NULL, NULL, 5, '2025-11-19', 0),
(2147, NULL, 0, NULL, '14:00:00', '16:00:00', NULL, NULL, 7, 13, 0, 1, 0, '127.0.0.1', '2025-08-20 23:30:02', '2025-08-20 23:30:02', NULL, NULL, 6, '2025-11-19', 0),
(2148, NULL, 0, NULL, '17:00:00', '18:00:00', NULL, NULL, 8, 13, 0, 1, 0, '127.0.0.1', '2025-08-20 23:30:02', '2025-08-20 23:30:02', NULL, NULL, 7, '2025-11-19', 0),
(2149, NULL, 0, NULL, '18:00:00', '19:00:00', NULL, NULL, 6, 13, 0, 1, 0, '127.0.0.1', '2025-08-20 23:30:02', '2025-08-20 23:30:02', NULL, NULL, 8, '2025-11-19', 0),
(2150, NULL, 0, NULL, '09:00:00', '10:00:00', NULL, NULL, 9, 15, 0, 1, 0, '127.0.0.1', '2025-08-20 23:30:02', '2025-08-20 23:30:02', NULL, NULL, 9, '2025-11-19', 0),
(2151, NULL, 0, NULL, '16:00:00', '17:00:00', NULL, NULL, 1, 1, 0, 1, 0, '127.0.0.1', '2025-08-21 23:30:03', '2025-08-21 23:30:03', NULL, NULL, 1, '2025-11-20', 0),
(2152, NULL, 0, NULL, '17:00:00', '18:00:00', NULL, NULL, 1, 1, 0, 1, 0, '127.0.0.1', '2025-08-21 23:30:03', '2025-08-21 23:30:03', NULL, NULL, 2, '2025-11-20', 0),
(2153, NULL, 0, NULL, '18:00:00', '19:00:00', NULL, NULL, 2, 1, 0, 1, 0, '127.0.0.1', '2025-08-21 23:30:03', '2025-08-21 23:30:03', NULL, NULL, 3, '2025-11-20', 0),
(2154, NULL, 0, NULL, '20:00:00', '21:00:00', NULL, NULL, 2, 1, 0, 1, 0, '127.0.0.1', '2025-08-21 23:30:03', '2025-08-21 23:30:03', NULL, NULL, 4, '2025-11-20', 0),
(2155, NULL, 0, NULL, '12:00:00', '13:00:00', NULL, NULL, 6, 13, 0, 1, 0, '127.0.0.1', '2025-08-21 23:30:03', '2025-08-21 23:30:03', NULL, NULL, 5, '2025-11-20', 0),
(2156, NULL, 0, NULL, '14:00:00', '16:00:00', NULL, NULL, 7, 13, 0, 1, 0, '127.0.0.1', '2025-08-21 23:30:03', '2025-08-21 23:30:03', NULL, NULL, 6, '2025-11-20', 0),
(2157, NULL, 0, NULL, '17:00:00', '18:00:00', NULL, NULL, 8, 13, 0, 1, 0, '127.0.0.1', '2025-08-21 23:30:03', '2025-08-21 23:30:03', NULL, NULL, 7, '2025-11-20', 0),
(2158, NULL, 0, NULL, '18:00:00', '19:00:00', NULL, NULL, 6, 13, 0, 1, 0, '127.0.0.1', '2025-08-21 23:30:03', '2025-08-21 23:30:03', NULL, NULL, 8, '2025-11-20', 0),
(2159, NULL, 0, NULL, '09:00:00', '10:00:00', NULL, NULL, 9, 15, 0, 1, 0, '127.0.0.1', '2025-08-21 23:30:03', '2025-08-21 23:30:03', NULL, NULL, 9, '2025-11-20', 0),
(2160, NULL, 0, NULL, '16:00:00', '17:00:00', NULL, NULL, 1, 1, 0, 1, 0, '127.0.0.1', '2025-08-22 23:30:03', '2025-08-22 23:30:03', NULL, NULL, 1, '2025-11-21', 0),
(2161, NULL, 0, NULL, '17:00:00', '18:00:00', NULL, NULL, 1, 1, 0, 1, 0, '127.0.0.1', '2025-08-22 23:30:03', '2025-08-22 23:30:03', NULL, NULL, 2, '2025-11-21', 0),
(2162, NULL, 0, NULL, '18:00:00', '19:00:00', NULL, NULL, 2, 1, 0, 1, 0, '127.0.0.1', '2025-08-22 23:30:03', '2025-08-22 23:30:03', NULL, NULL, 3, '2025-11-21', 0),
(2163, NULL, 0, NULL, '20:00:00', '21:00:00', NULL, NULL, 2, 1, 0, 1, 0, '127.0.0.1', '2025-08-22 23:30:03', '2025-08-22 23:30:03', NULL, NULL, 4, '2025-11-21', 0),
(2164, NULL, 0, NULL, '12:00:00', '13:00:00', NULL, NULL, 6, 13, 0, 1, 0, '127.0.0.1', '2025-08-22 23:30:03', '2025-08-22 23:30:03', NULL, NULL, 5, '2025-11-21', 0),
(2165, NULL, 0, NULL, '14:00:00', '16:00:00', NULL, NULL, 7, 13, 0, 1, 0, '127.0.0.1', '2025-08-22 23:30:03', '2025-08-22 23:30:03', NULL, NULL, 6, '2025-11-21', 0),
(2166, NULL, 0, NULL, '17:00:00', '18:00:00', NULL, NULL, 8, 13, 0, 1, 0, '127.0.0.1', '2025-08-22 23:30:03', '2025-08-22 23:30:03', NULL, NULL, 7, '2025-11-21', 0),
(2167, NULL, 0, NULL, '18:00:00', '19:00:00', NULL, NULL, 6, 13, 0, 1, 0, '127.0.0.1', '2025-08-22 23:30:03', '2025-08-22 23:30:03', NULL, NULL, 8, '2025-11-21', 0),
(2168, NULL, 0, NULL, '09:00:00', '10:00:00', NULL, NULL, 9, 15, 0, 1, 0, '127.0.0.1', '2025-08-22 23:30:03', '2025-08-22 23:30:03', NULL, NULL, 9, '2025-11-21', 0),
(2169, NULL, 0, NULL, '16:00:00', '17:00:00', NULL, NULL, 1, 1, 0, 1, 0, '127.0.0.1', '2025-08-23 23:30:02', '2025-08-23 23:30:02', NULL, NULL, 1, '2025-11-22', 0),
(2170, NULL, 0, NULL, '17:00:00', '18:00:00', NULL, NULL, 1, 1, 0, 1, 0, '127.0.0.1', '2025-08-23 23:30:02', '2025-08-23 23:30:02', NULL, NULL, 2, '2025-11-22', 0),
(2171, NULL, 0, NULL, '18:00:00', '19:00:00', NULL, NULL, 2, 1, 0, 1, 0, '127.0.0.1', '2025-08-23 23:30:02', '2025-08-23 23:30:02', NULL, NULL, 3, '2025-11-22', 0),
(2172, NULL, 0, NULL, '20:00:00', '21:00:00', NULL, NULL, 2, 1, 0, 1, 0, '127.0.0.1', '2025-08-23 23:30:02', '2025-08-23 23:30:02', NULL, NULL, 4, '2025-11-22', 0),
(2173, NULL, 0, NULL, '12:00:00', '13:00:00', NULL, NULL, 6, 13, 0, 1, 0, '127.0.0.1', '2025-08-23 23:30:02', '2025-08-23 23:30:02', NULL, NULL, 5, '2025-11-22', 0),
(2174, NULL, 0, NULL, '14:00:00', '16:00:00', NULL, NULL, 7, 13, 0, 1, 0, '127.0.0.1', '2025-08-23 23:30:02', '2025-08-23 23:30:02', NULL, NULL, 6, '2025-11-22', 0),
(2175, NULL, 0, NULL, '17:00:00', '18:00:00', NULL, NULL, 8, 13, 0, 1, 0, '127.0.0.1', '2025-08-23 23:30:02', '2025-08-23 23:30:02', NULL, NULL, 7, '2025-11-22', 0),
(2176, NULL, 0, NULL, '18:00:00', '19:00:00', NULL, NULL, 6, 13, 0, 1, 0, '127.0.0.1', '2025-08-23 23:30:02', '2025-08-23 23:30:02', NULL, NULL, 8, '2025-11-22', 0),
(2177, NULL, 0, NULL, '09:00:00', '10:00:00', NULL, NULL, 9, 15, 0, 1, 0, '127.0.0.1', '2025-08-23 23:30:02', '2025-08-23 23:30:02', NULL, NULL, 9, '2025-11-22', 0),
(2178, NULL, 0, NULL, '16:00:00', '17:00:00', NULL, NULL, 1, 1, 0, 1, 0, '127.0.0.1', '2025-08-24 23:30:02', '2025-08-24 23:30:02', NULL, NULL, 1, '2025-11-23', 0),
(2179, NULL, 0, NULL, '17:00:00', '18:00:00', NULL, NULL, 1, 1, 0, 1, 0, '127.0.0.1', '2025-08-24 23:30:02', '2025-08-24 23:30:02', NULL, NULL, 2, '2025-11-23', 0),
(2180, NULL, 0, NULL, '18:00:00', '19:00:00', NULL, NULL, 2, 1, 0, 1, 0, '127.0.0.1', '2025-08-24 23:30:02', '2025-08-24 23:30:02', NULL, NULL, 3, '2025-11-23', 0),
(2181, NULL, 0, NULL, '20:00:00', '21:00:00', NULL, NULL, 2, 1, 0, 1, 0, '127.0.0.1', '2025-08-24 23:30:02', '2025-08-24 23:30:02', NULL, NULL, 4, '2025-11-23', 0),
(2182, NULL, 0, NULL, '12:00:00', '13:00:00', NULL, NULL, 6, 13, 0, 1, 0, '127.0.0.1', '2025-08-24 23:30:02', '2025-08-24 23:30:02', NULL, NULL, 5, '2025-11-23', 0),
(2183, NULL, 0, NULL, '14:00:00', '16:00:00', NULL, NULL, 7, 13, 0, 1, 0, '127.0.0.1', '2025-08-24 23:30:02', '2025-08-24 23:30:02', NULL, NULL, 6, '2025-11-23', 0),
(2184, NULL, 0, NULL, '17:00:00', '18:00:00', NULL, NULL, 8, 13, 0, 1, 0, '127.0.0.1', '2025-08-24 23:30:02', '2025-08-24 23:30:02', NULL, NULL, 7, '2025-11-23', 0),
(2185, NULL, 0, NULL, '18:00:00', '19:00:00', NULL, NULL, 6, 13, 0, 1, 0, '127.0.0.1', '2025-08-24 23:30:02', '2025-08-24 23:30:02', NULL, NULL, 8, '2025-11-23', 0),
(2186, NULL, 0, NULL, '09:00:00', '10:00:00', NULL, NULL, 9, 15, 0, 1, 0, '127.0.0.1', '2025-08-24 23:30:02', '2025-08-24 23:30:02', NULL, NULL, 9, '2025-11-23', 0),
(2187, NULL, 0, NULL, '16:00:00', '17:00:00', NULL, NULL, 1, 1, 0, 1, 0, '127.0.0.1', '2025-08-25 23:30:02', '2025-08-25 23:30:02', NULL, NULL, 1, '2025-11-24', 0),
(2188, NULL, 0, NULL, '17:00:00', '18:00:00', NULL, NULL, 1, 1, 0, 1, 0, '127.0.0.1', '2025-08-25 23:30:02', '2025-08-25 23:30:02', NULL, NULL, 2, '2025-11-24', 0),
(2189, NULL, 0, NULL, '18:00:00', '19:00:00', NULL, NULL, 2, 1, 0, 1, 0, '127.0.0.1', '2025-08-25 23:30:02', '2025-08-25 23:30:02', NULL, NULL, 3, '2025-11-24', 0),
(2190, NULL, 0, NULL, '20:00:00', '21:00:00', NULL, NULL, 2, 1, 0, 1, 0, '127.0.0.1', '2025-08-25 23:30:02', '2025-08-25 23:30:02', NULL, NULL, 4, '2025-11-24', 0),
(2191, NULL, 0, NULL, '12:00:00', '13:00:00', NULL, NULL, 6, 13, 0, 1, 0, '127.0.0.1', '2025-08-25 23:30:02', '2025-08-25 23:30:02', NULL, NULL, 5, '2025-11-24', 0),
(2192, NULL, 0, NULL, '14:00:00', '16:00:00', NULL, NULL, 7, 13, 0, 1, 0, '127.0.0.1', '2025-08-25 23:30:02', '2025-08-25 23:30:02', NULL, NULL, 6, '2025-11-24', 0),
(2193, NULL, 0, NULL, '17:00:00', '18:00:00', NULL, NULL, 8, 13, 0, 1, 0, '127.0.0.1', '2025-08-25 23:30:02', '2025-08-25 23:30:02', NULL, NULL, 7, '2025-11-24', 0),
(2194, NULL, 0, NULL, '18:00:00', '19:00:00', NULL, NULL, 6, 13, 0, 1, 0, '127.0.0.1', '2025-08-25 23:30:02', '2025-08-25 23:30:02', NULL, NULL, 8, '2025-11-24', 0),
(2195, NULL, 0, NULL, '09:00:00', '10:00:00', NULL, NULL, 9, 15, 0, 1, 0, '127.0.0.1', '2025-08-25 23:30:02', '2025-08-25 23:30:02', NULL, NULL, 9, '2025-11-24', 0),
(2196, NULL, 0, NULL, '16:00:00', '17:00:00', NULL, NULL, 1, 1, 0, 1, 0, '127.0.0.1', '2025-08-26 23:30:02', '2025-08-26 23:30:02', NULL, NULL, 1, '2025-11-25', 0),
(2197, NULL, 0, NULL, '17:00:00', '18:00:00', NULL, NULL, 1, 1, 0, 1, 0, '127.0.0.1', '2025-08-26 23:30:02', '2025-08-26 23:30:02', NULL, NULL, 2, '2025-11-25', 0),
(2198, NULL, 0, NULL, '18:00:00', '19:00:00', NULL, NULL, 2, 1, 0, 1, 0, '127.0.0.1', '2025-08-26 23:30:02', '2025-08-26 23:30:02', NULL, NULL, 3, '2025-11-25', 0),
(2199, NULL, 0, NULL, '20:00:00', '21:00:00', NULL, NULL, 2, 1, 0, 1, 0, '127.0.0.1', '2025-08-26 23:30:02', '2025-08-26 23:30:02', NULL, NULL, 4, '2025-11-25', 0),
(2200, NULL, 0, NULL, '12:00:00', '13:00:00', NULL, NULL, 6, 13, 0, 1, 0, '127.0.0.1', '2025-08-26 23:30:02', '2025-08-26 23:30:02', NULL, NULL, 5, '2025-11-25', 0),
(2201, NULL, 0, NULL, '14:00:00', '16:00:00', NULL, NULL, 7, 13, 0, 1, 0, '127.0.0.1', '2025-08-26 23:30:02', '2025-08-26 23:30:02', NULL, NULL, 6, '2025-11-25', 0),
(2202, NULL, 0, NULL, '17:00:00', '18:00:00', NULL, NULL, 8, 13, 0, 1, 0, '127.0.0.1', '2025-08-26 23:30:02', '2025-08-26 23:30:02', NULL, NULL, 7, '2025-11-25', 0),
(2203, NULL, 0, NULL, '18:00:00', '19:00:00', NULL, NULL, 6, 13, 0, 1, 0, '127.0.0.1', '2025-08-26 23:30:02', '2025-08-26 23:30:02', NULL, NULL, 8, '2025-11-25', 0),
(2204, NULL, 0, NULL, '09:00:00', '10:00:00', NULL, NULL, 9, 15, 0, 1, 0, '127.0.0.1', '2025-08-26 23:30:02', '2025-08-26 23:30:02', NULL, NULL, 9, '2025-11-25', 0),
(2205, NULL, 0, NULL, '16:00:00', '17:00:00', NULL, NULL, 1, 1, 0, 1, 0, '127.0.0.1', '2025-08-27 23:30:02', '2025-08-27 23:30:02', NULL, NULL, 1, '2025-11-26', 0),
(2206, NULL, 0, NULL, '17:00:00', '18:00:00', NULL, NULL, 1, 1, 0, 1, 0, '127.0.0.1', '2025-08-27 23:30:02', '2025-08-27 23:30:02', NULL, NULL, 2, '2025-11-26', 0),
(2207, NULL, 0, NULL, '18:00:00', '19:00:00', NULL, NULL, 2, 1, 0, 1, 0, '127.0.0.1', '2025-08-27 23:30:02', '2025-08-27 23:30:02', NULL, NULL, 3, '2025-11-26', 0),
(2208, NULL, 0, NULL, '20:00:00', '21:00:00', NULL, NULL, 2, 1, 0, 1, 0, '127.0.0.1', '2025-08-27 23:30:02', '2025-08-27 23:30:02', NULL, NULL, 4, '2025-11-26', 0),
(2209, NULL, 0, NULL, '12:00:00', '13:00:00', NULL, NULL, 6, 13, 0, 1, 0, '127.0.0.1', '2025-08-27 23:30:02', '2025-08-27 23:30:02', NULL, NULL, 5, '2025-11-26', 0),
(2210, NULL, 0, NULL, '14:00:00', '16:00:00', NULL, NULL, 7, 13, 0, 1, 0, '127.0.0.1', '2025-08-27 23:30:02', '2025-08-27 23:30:02', NULL, NULL, 6, '2025-11-26', 0),
(2211, NULL, 0, NULL, '17:00:00', '18:00:00', NULL, NULL, 8, 13, 0, 1, 0, '127.0.0.1', '2025-08-27 23:30:02', '2025-08-27 23:30:02', NULL, NULL, 7, '2025-11-26', 0),
(2212, NULL, 0, NULL, '18:00:00', '19:00:00', NULL, NULL, 6, 13, 0, 1, 0, '127.0.0.1', '2025-08-27 23:30:02', '2025-08-27 23:30:02', NULL, NULL, 8, '2025-11-26', 0),
(2213, NULL, 0, NULL, '09:00:00', '10:00:00', NULL, NULL, 9, 15, 0, 1, 0, '127.0.0.1', '2025-08-27 23:30:02', '2025-08-27 23:30:02', NULL, NULL, 9, '2025-11-26', 0),
(2214, NULL, 0, NULL, '16:00:00', '17:00:00', NULL, NULL, 1, 1, 0, 1, 0, '127.0.0.1', '2025-08-28 23:30:02', '2025-08-28 23:30:02', NULL, NULL, 1, '2025-11-27', 0),
(2215, NULL, 0, NULL, '17:00:00', '18:00:00', NULL, NULL, 1, 1, 0, 1, 0, '127.0.0.1', '2025-08-28 23:30:02', '2025-08-28 23:30:02', NULL, NULL, 2, '2025-11-27', 0),
(2216, NULL, 0, NULL, '18:00:00', '19:00:00', NULL, NULL, 2, 1, 0, 1, 0, '127.0.0.1', '2025-08-28 23:30:02', '2025-08-28 23:30:02', NULL, NULL, 3, '2025-11-27', 0),
(2217, NULL, 0, NULL, '20:00:00', '21:00:00', NULL, NULL, 2, 1, 0, 1, 0, '127.0.0.1', '2025-08-28 23:30:02', '2025-08-28 23:30:02', NULL, NULL, 4, '2025-11-27', 0),
(2218, NULL, 0, NULL, '12:00:00', '13:00:00', NULL, NULL, 6, 13, 0, 1, 0, '127.0.0.1', '2025-08-28 23:30:02', '2025-08-28 23:30:02', NULL, NULL, 5, '2025-11-27', 0),
(2219, NULL, 0, NULL, '14:00:00', '16:00:00', NULL, NULL, 7, 13, 0, 1, 0, '127.0.0.1', '2025-08-28 23:30:02', '2025-08-28 23:30:02', NULL, NULL, 6, '2025-11-27', 0),
(2220, NULL, 0, NULL, '17:00:00', '18:00:00', NULL, NULL, 8, 13, 0, 1, 0, '127.0.0.1', '2025-08-28 23:30:02', '2025-08-28 23:30:02', NULL, NULL, 7, '2025-11-27', 0),
(2221, NULL, 0, NULL, '18:00:00', '19:00:00', NULL, NULL, 6, 13, 0, 1, 0, '127.0.0.1', '2025-08-28 23:30:02', '2025-08-28 23:30:02', NULL, NULL, 8, '2025-11-27', 0),
(2222, NULL, 0, NULL, '09:00:00', '10:00:00', NULL, NULL, 9, 15, 0, 1, 0, '127.0.0.1', '2025-08-28 23:30:02', '2025-08-28 23:30:02', NULL, NULL, 9, '2025-11-27', 0),
(2223, NULL, 0, NULL, '16:00:00', '17:00:00', NULL, NULL, 1, 1, 0, 1, 0, '127.0.0.1', '2025-08-29 23:30:02', '2025-08-29 23:30:02', NULL, NULL, 1, '2025-11-28', 0),
(2224, NULL, 0, NULL, '17:00:00', '18:00:00', NULL, NULL, 1, 1, 0, 1, 0, '127.0.0.1', '2025-08-29 23:30:02', '2025-08-29 23:30:02', NULL, NULL, 2, '2025-11-28', 0),
(2225, NULL, 0, NULL, '18:00:00', '19:00:00', NULL, NULL, 2, 1, 0, 1, 0, '127.0.0.1', '2025-08-29 23:30:02', '2025-08-29 23:30:02', NULL, NULL, 3, '2025-11-28', 0),
(2226, NULL, 0, NULL, '20:00:00', '21:00:00', NULL, NULL, 2, 1, 0, 1, 0, '127.0.0.1', '2025-08-29 23:30:02', '2025-08-29 23:30:02', NULL, NULL, 4, '2025-11-28', 0),
(2227, NULL, 0, NULL, '12:00:00', '13:00:00', NULL, NULL, 6, 13, 0, 1, 0, '127.0.0.1', '2025-08-29 23:30:02', '2025-08-29 23:30:02', NULL, NULL, 5, '2025-11-28', 0),
(2228, NULL, 0, NULL, '14:00:00', '16:00:00', NULL, NULL, 7, 13, 0, 1, 0, '127.0.0.1', '2025-08-29 23:30:02', '2025-08-29 23:30:02', NULL, NULL, 6, '2025-11-28', 0),
(2229, NULL, 0, NULL, '17:00:00', '18:00:00', NULL, NULL, 8, 13, 0, 1, 0, '127.0.0.1', '2025-08-29 23:30:02', '2025-08-29 23:30:02', NULL, NULL, 7, '2025-11-28', 0),
(2230, NULL, 0, NULL, '18:00:00', '19:00:00', NULL, NULL, 6, 13, 0, 1, 0, '127.0.0.1', '2025-08-29 23:30:02', '2025-08-29 23:30:02', NULL, NULL, 8, '2025-11-28', 0),
(2231, NULL, 0, NULL, '09:00:00', '10:00:00', NULL, NULL, 9, 15, 0, 1, 0, '127.0.0.1', '2025-08-29 23:30:02', '2025-08-29 23:30:02', NULL, NULL, 9, '2025-11-28', 0),
(2232, NULL, 0, NULL, '16:00:00', '17:00:00', NULL, NULL, 1, 1, 0, 1, 0, '127.0.0.1', '2025-08-30 23:30:02', '2025-08-30 23:30:02', NULL, NULL, 1, '2025-11-29', 0),
(2233, NULL, 0, NULL, '17:00:00', '18:00:00', NULL, NULL, 1, 1, 0, 1, 0, '127.0.0.1', '2025-08-30 23:30:02', '2025-08-30 23:30:02', NULL, NULL, 2, '2025-11-29', 0),
(2234, NULL, 0, NULL, '18:00:00', '19:00:00', NULL, NULL, 2, 1, 0, 1, 0, '127.0.0.1', '2025-08-30 23:30:02', '2025-08-30 23:30:02', NULL, NULL, 3, '2025-11-29', 0),
(2235, NULL, 0, NULL, '20:00:00', '21:00:00', NULL, NULL, 2, 1, 0, 1, 0, '127.0.0.1', '2025-08-30 23:30:02', '2025-08-30 23:30:02', NULL, NULL, 4, '2025-11-29', 0),
(2236, NULL, 0, NULL, '12:00:00', '13:00:00', NULL, NULL, 6, 13, 0, 1, 0, '127.0.0.1', '2025-08-30 23:30:02', '2025-08-30 23:30:02', NULL, NULL, 5, '2025-11-29', 0),
(2237, NULL, 0, NULL, '14:00:00', '16:00:00', NULL, NULL, 7, 13, 0, 1, 0, '127.0.0.1', '2025-08-30 23:30:02', '2025-08-30 23:30:02', NULL, NULL, 6, '2025-11-29', 0),
(2238, NULL, 0, NULL, '17:00:00', '18:00:00', NULL, NULL, 8, 13, 0, 1, 0, '127.0.0.1', '2025-08-30 23:30:02', '2025-08-30 23:30:02', NULL, NULL, 7, '2025-11-29', 0),
(2239, NULL, 0, NULL, '18:00:00', '19:00:00', NULL, NULL, 6, 13, 0, 1, 0, '127.0.0.1', '2025-08-30 23:30:02', '2025-08-30 23:30:02', NULL, NULL, 8, '2025-11-29', 0),
(2240, NULL, 0, NULL, '09:00:00', '10:00:00', NULL, NULL, 9, 15, 0, 1, 0, '127.0.0.1', '2025-08-30 23:30:02', '2025-08-30 23:30:02', NULL, NULL, 9, '2025-11-29', 0),
(2241, NULL, 0, NULL, '16:00:00', '17:00:00', NULL, NULL, 1, 1, 0, 1, 0, '127.0.0.1', '2025-08-31 23:30:02', '2025-08-31 23:30:02', NULL, NULL, 1, '2025-11-30', 0),
(2242, NULL, 0, NULL, '17:00:00', '18:00:00', NULL, NULL, 1, 1, 0, 1, 0, '127.0.0.1', '2025-08-31 23:30:02', '2025-08-31 23:30:02', NULL, NULL, 2, '2025-11-30', 0),
(2243, NULL, 0, NULL, '18:00:00', '19:00:00', NULL, NULL, 2, 1, 0, 1, 0, '127.0.0.1', '2025-08-31 23:30:02', '2025-08-31 23:30:02', NULL, NULL, 3, '2025-11-30', 0),
(2244, NULL, 0, NULL, '20:00:00', '21:00:00', NULL, NULL, 2, 1, 0, 1, 0, '127.0.0.1', '2025-08-31 23:30:02', '2025-08-31 23:30:02', NULL, NULL, 4, '2025-11-30', 0),
(2245, NULL, 0, NULL, '12:00:00', '13:00:00', NULL, NULL, 6, 13, 0, 1, 0, '127.0.0.1', '2025-08-31 23:30:02', '2025-08-31 23:30:02', NULL, NULL, 5, '2025-11-30', 0),
(2246, NULL, 0, NULL, '14:00:00', '16:00:00', NULL, NULL, 7, 13, 0, 1, 0, '127.0.0.1', '2025-08-31 23:30:02', '2025-08-31 23:30:02', NULL, NULL, 6, '2025-11-30', 0),
(2247, NULL, 0, NULL, '17:00:00', '18:00:00', NULL, NULL, 8, 13, 0, 1, 0, '127.0.0.1', '2025-08-31 23:30:02', '2025-08-31 23:30:02', NULL, NULL, 7, '2025-11-30', 0),
(2248, NULL, 0, NULL, '18:00:00', '19:00:00', NULL, NULL, 6, 13, 0, 1, 0, '127.0.0.1', '2025-08-31 23:30:02', '2025-08-31 23:30:02', NULL, NULL, 8, '2025-11-30', 0),
(2249, NULL, 0, NULL, '09:00:00', '10:00:00', NULL, NULL, 9, 15, 0, 1, 0, '127.0.0.1', '2025-08-31 23:30:02', '2025-08-31 23:30:02', NULL, NULL, 9, '2025-11-30', 0),
(2250, NULL, 0, NULL, '16:00:00', '17:00:00', NULL, NULL, 1, 1, 0, 1, 0, '127.0.0.1', '2025-09-01 23:30:02', '2025-09-01 23:30:02', NULL, NULL, 1, '2025-12-01', 0),
(2251, NULL, 0, NULL, '17:00:00', '18:00:00', NULL, NULL, 1, 1, 0, 1, 0, '127.0.0.1', '2025-09-01 23:30:02', '2025-09-01 23:30:02', NULL, NULL, 2, '2025-12-01', 0),
(2252, NULL, 0, NULL, '18:00:00', '19:00:00', NULL, NULL, 2, 1, 0, 1, 0, '127.0.0.1', '2025-09-01 23:30:02', '2025-09-01 23:30:02', NULL, NULL, 3, '2025-12-01', 0),
(2253, NULL, 0, NULL, '20:00:00', '21:00:00', NULL, NULL, 2, 1, 0, 1, 0, '127.0.0.1', '2025-09-01 23:30:02', '2025-09-01 23:30:02', NULL, NULL, 4, '2025-12-01', 0),
(2254, NULL, 0, NULL, '12:00:00', '13:00:00', NULL, NULL, 6, 13, 0, 1, 0, '127.0.0.1', '2025-09-01 23:30:02', '2025-09-01 23:30:02', NULL, NULL, 5, '2025-12-01', 0),
(2255, NULL, 0, NULL, '14:00:00', '16:00:00', NULL, NULL, 7, 13, 0, 1, 0, '127.0.0.1', '2025-09-01 23:30:02', '2025-09-01 23:30:02', NULL, NULL, 6, '2025-12-01', 0),
(2256, NULL, 0, NULL, '17:00:00', '18:00:00', NULL, NULL, 8, 13, 0, 1, 0, '127.0.0.1', '2025-09-01 23:30:02', '2025-09-01 23:30:02', NULL, NULL, 7, '2025-12-01', 0),
(2257, NULL, 0, NULL, '18:00:00', '19:00:00', NULL, NULL, 6, 13, 0, 1, 0, '127.0.0.1', '2025-09-01 23:30:02', '2025-09-01 23:30:02', NULL, NULL, 8, '2025-12-01', 0),
(2258, NULL, 0, NULL, '09:00:00', '10:00:00', NULL, NULL, 9, 15, 0, 1, 0, '127.0.0.1', '2025-09-01 23:30:02', '2025-09-01 23:30:02', NULL, NULL, 9, '2025-12-01', 0),
(2259, NULL, 0, NULL, '16:00:00', '17:00:00', NULL, NULL, 1, 1, 0, 1, 0, '127.0.0.1', '2025-09-02 23:30:02', '2025-09-02 23:30:02', NULL, NULL, 1, '2025-12-02', 0),
(2260, NULL, 0, NULL, '17:00:00', '18:00:00', NULL, NULL, 1, 1, 0, 1, 0, '127.0.0.1', '2025-09-02 23:30:02', '2025-09-02 23:30:02', NULL, NULL, 2, '2025-12-02', 0),
(2261, NULL, 0, NULL, '18:00:00', '19:00:00', NULL, NULL, 2, 1, 0, 1, 0, '127.0.0.1', '2025-09-02 23:30:02', '2025-09-02 23:30:02', NULL, NULL, 3, '2025-12-02', 0),
(2262, NULL, 0, NULL, '20:00:00', '21:00:00', NULL, NULL, 2, 1, 0, 1, 0, '127.0.0.1', '2025-09-02 23:30:02', '2025-09-02 23:30:02', NULL, NULL, 4, '2025-12-02', 0),
(2263, NULL, 0, NULL, '12:00:00', '13:00:00', NULL, NULL, 6, 13, 0, 1, 0, '127.0.0.1', '2025-09-02 23:30:02', '2025-09-02 23:30:02', NULL, NULL, 5, '2025-12-02', 0),
(2264, NULL, 0, NULL, '14:00:00', '16:00:00', NULL, NULL, 7, 13, 0, 1, 0, '127.0.0.1', '2025-09-02 23:30:02', '2025-09-02 23:30:02', NULL, NULL, 6, '2025-12-02', 0),
(2265, NULL, 0, NULL, '17:00:00', '18:00:00', NULL, NULL, 8, 13, 0, 1, 0, '127.0.0.1', '2025-09-02 23:30:02', '2025-09-02 23:30:02', NULL, NULL, 7, '2025-12-02', 0),
(2266, NULL, 0, NULL, '18:00:00', '19:00:00', NULL, NULL, 6, 13, 0, 1, 0, '127.0.0.1', '2025-09-02 23:30:02', '2025-09-02 23:30:02', NULL, NULL, 8, '2025-12-02', 0),
(2267, NULL, 0, NULL, '09:00:00', '10:00:00', NULL, NULL, 9, 15, 0, 1, 0, '127.0.0.1', '2025-09-02 23:30:02', '2025-09-02 23:30:02', NULL, NULL, 9, '2025-12-02', 0),
(2268, NULL, 0, NULL, '16:00:00', '17:00:00', NULL, NULL, 1, 1, 0, 1, 0, '127.0.0.1', '2025-09-03 23:30:03', '2025-09-03 23:30:03', NULL, NULL, 1, '2025-12-03', 0),
(2269, NULL, 0, NULL, '17:00:00', '18:00:00', NULL, NULL, 1, 1, 0, 1, 0, '127.0.0.1', '2025-09-03 23:30:03', '2025-09-03 23:30:03', NULL, NULL, 2, '2025-12-03', 0),
(2270, NULL, 0, NULL, '18:00:00', '19:00:00', NULL, NULL, 2, 1, 0, 1, 0, '127.0.0.1', '2025-09-03 23:30:03', '2025-09-03 23:30:03', NULL, NULL, 3, '2025-12-03', 0),
(2271, NULL, 0, NULL, '20:00:00', '21:00:00', NULL, NULL, 2, 1, 0, 1, 0, '127.0.0.1', '2025-09-03 23:30:03', '2025-09-03 23:30:03', NULL, NULL, 4, '2025-12-03', 0),
(2272, NULL, 0, NULL, '12:00:00', '13:00:00', NULL, NULL, 6, 13, 0, 1, 0, '127.0.0.1', '2025-09-03 23:30:03', '2025-09-03 23:30:03', NULL, NULL, 5, '2025-12-03', 0),
(2273, NULL, 0, NULL, '14:00:00', '16:00:00', NULL, NULL, 7, 13, 0, 1, 0, '127.0.0.1', '2025-09-03 23:30:03', '2025-09-03 23:30:03', NULL, NULL, 6, '2025-12-03', 0),
(2274, NULL, 0, NULL, '17:00:00', '18:00:00', NULL, NULL, 8, 13, 0, 1, 0, '127.0.0.1', '2025-09-03 23:30:03', '2025-09-03 23:30:03', NULL, NULL, 7, '2025-12-03', 0),
(2275, NULL, 0, NULL, '18:00:00', '19:00:00', NULL, NULL, 6, 13, 0, 1, 0, '127.0.0.1', '2025-09-03 23:30:03', '2025-09-03 23:30:03', NULL, NULL, 8, '2025-12-03', 0),
(2276, NULL, 0, NULL, '09:00:00', '10:00:00', NULL, NULL, 9, 15, 0, 1, 0, '127.0.0.1', '2025-09-03 23:30:03', '2025-09-03 23:30:03', NULL, NULL, 9, '2025-12-03', 0),
(2277, NULL, 0, NULL, '16:00:00', '17:00:00', NULL, NULL, 1, 1, 0, 1, 0, '127.0.0.1', '2025-09-04 23:30:02', '2025-09-04 23:30:02', NULL, NULL, 1, '2025-12-04', 0),
(2278, NULL, 0, NULL, '17:00:00', '18:00:00', NULL, NULL, 1, 1, 0, 1, 0, '127.0.0.1', '2025-09-04 23:30:02', '2025-09-04 23:30:02', NULL, NULL, 2, '2025-12-04', 0),
(2279, NULL, 0, NULL, '18:00:00', '19:00:00', NULL, NULL, 2, 1, 0, 1, 0, '127.0.0.1', '2025-09-04 23:30:02', '2025-09-04 23:30:02', NULL, NULL, 3, '2025-12-04', 0),
(2280, NULL, 0, NULL, '20:00:00', '21:00:00', NULL, NULL, 2, 1, 0, 1, 0, '127.0.0.1', '2025-09-04 23:30:02', '2025-09-04 23:30:02', NULL, NULL, 4, '2025-12-04', 0),
(2281, NULL, 0, NULL, '12:00:00', '13:00:00', NULL, NULL, 6, 13, 0, 1, 0, '127.0.0.1', '2025-09-04 23:30:02', '2025-09-04 23:30:02', NULL, NULL, 5, '2025-12-04', 0),
(2282, NULL, 0, NULL, '14:00:00', '16:00:00', NULL, NULL, 7, 13, 0, 1, 0, '127.0.0.1', '2025-09-04 23:30:02', '2025-09-04 23:30:02', NULL, NULL, 6, '2025-12-04', 0),
(2283, NULL, 0, NULL, '17:00:00', '18:00:00', NULL, NULL, 8, 13, 0, 1, 0, '127.0.0.1', '2025-09-04 23:30:02', '2025-09-04 23:30:02', NULL, NULL, 7, '2025-12-04', 0),
(2284, NULL, 0, NULL, '18:00:00', '19:00:00', NULL, NULL, 6, 13, 0, 1, 0, '127.0.0.1', '2025-09-04 23:30:02', '2025-09-04 23:30:02', NULL, NULL, 8, '2025-12-04', 0),
(2285, NULL, 0, NULL, '09:00:00', '10:00:00', NULL, NULL, 9, 15, 0, 1, 0, '127.0.0.1', '2025-09-04 23:30:02', '2025-09-04 23:30:02', NULL, NULL, 9, '2025-12-04', 0),
(2286, NULL, 0, NULL, '16:00:00', '17:00:00', NULL, NULL, 1, 1, 0, 1, 0, '127.0.0.1', '2025-09-05 23:30:03', '2025-09-05 23:30:03', NULL, NULL, 1, '2025-12-05', 0),
(2287, NULL, 0, NULL, '17:00:00', '18:00:00', NULL, NULL, 1, 1, 0, 1, 0, '127.0.0.1', '2025-09-05 23:30:03', '2025-09-05 23:30:03', NULL, NULL, 2, '2025-12-05', 0),
(2288, NULL, 0, NULL, '18:00:00', '19:00:00', NULL, NULL, 2, 1, 0, 1, 0, '127.0.0.1', '2025-09-05 23:30:03', '2025-09-05 23:30:03', NULL, NULL, 3, '2025-12-05', 0),
(2289, NULL, 0, NULL, '20:00:00', '21:00:00', NULL, NULL, 2, 1, 0, 1, 0, '127.0.0.1', '2025-09-05 23:30:03', '2025-09-05 23:30:03', NULL, NULL, 4, '2025-12-05', 0),
(2290, NULL, 0, NULL, '12:00:00', '13:00:00', NULL, NULL, 6, 13, 0, 1, 0, '127.0.0.1', '2025-09-05 23:30:03', '2025-09-05 23:30:03', NULL, NULL, 5, '2025-12-05', 0),
(2291, NULL, 0, NULL, '14:00:00', '16:00:00', NULL, NULL, 7, 13, 0, 1, 0, '127.0.0.1', '2025-09-05 23:30:03', '2025-09-05 23:30:03', NULL, NULL, 6, '2025-12-05', 0),
(2292, NULL, 0, NULL, '17:00:00', '18:00:00', NULL, NULL, 8, 13, 0, 1, 0, '127.0.0.1', '2025-09-05 23:30:03', '2025-09-05 23:30:03', NULL, NULL, 7, '2025-12-05', 0),
(2293, NULL, 0, NULL, '18:00:00', '19:00:00', NULL, NULL, 6, 13, 0, 1, 0, '127.0.0.1', '2025-09-05 23:30:03', '2025-09-05 23:30:03', NULL, NULL, 8, '2025-12-05', 0),
(2294, NULL, 0, NULL, '09:00:00', '10:00:00', NULL, NULL, 9, 15, 0, 1, 0, '127.0.0.1', '2025-09-05 23:30:03', '2025-09-05 23:30:03', NULL, NULL, 9, '2025-12-05', 0),
(2295, NULL, 0, NULL, '16:00:00', '17:00:00', NULL, NULL, 1, 1, 0, 1, 0, '127.0.0.1', '2025-09-06 23:30:02', '2025-09-06 23:30:02', NULL, NULL, 1, '2025-12-06', 0),
(2296, NULL, 0, NULL, '17:00:00', '18:00:00', NULL, NULL, 1, 1, 0, 1, 0, '127.0.0.1', '2025-09-06 23:30:02', '2025-09-06 23:30:02', NULL, NULL, 2, '2025-12-06', 0),
(2297, NULL, 0, NULL, '18:00:00', '19:00:00', NULL, NULL, 2, 1, 0, 1, 0, '127.0.0.1', '2025-09-06 23:30:02', '2025-09-06 23:30:02', NULL, NULL, 3, '2025-12-06', 0),
(2298, NULL, 0, NULL, '20:00:00', '21:00:00', NULL, NULL, 2, 1, 0, 1, 0, '127.0.0.1', '2025-09-06 23:30:02', '2025-09-06 23:30:02', NULL, NULL, 4, '2025-12-06', 0),
(2299, NULL, 0, NULL, '12:00:00', '13:00:00', NULL, NULL, 6, 13, 0, 1, 0, '127.0.0.1', '2025-09-06 23:30:02', '2025-09-06 23:30:02', NULL, NULL, 5, '2025-12-06', 0),
(2300, NULL, 0, NULL, '14:00:00', '16:00:00', NULL, NULL, 7, 13, 0, 1, 0, '127.0.0.1', '2025-09-06 23:30:02', '2025-09-06 23:30:02', NULL, NULL, 6, '2025-12-06', 0),
(2301, NULL, 0, NULL, '17:00:00', '18:00:00', NULL, NULL, 8, 13, 0, 1, 0, '127.0.0.1', '2025-09-06 23:30:02', '2025-09-06 23:30:02', NULL, NULL, 7, '2025-12-06', 0),
(2302, NULL, 0, NULL, '18:00:00', '19:00:00', NULL, NULL, 6, 13, 0, 1, 0, '127.0.0.1', '2025-09-06 23:30:02', '2025-09-06 23:30:02', NULL, NULL, 8, '2025-12-06', 0),
(2303, NULL, 0, NULL, '09:00:00', '10:00:00', NULL, NULL, 9, 15, 0, 1, 0, '127.0.0.1', '2025-09-06 23:30:02', '2025-09-06 23:30:02', NULL, NULL, 9, '2025-12-06', 0),
(2304, NULL, 0, NULL, '16:00:00', '17:00:00', NULL, NULL, 1, 1, 0, 1, 0, '127.0.0.1', '2025-09-07 23:30:02', '2025-09-07 23:30:02', NULL, NULL, 1, '2025-12-07', 0),
(2305, NULL, 0, NULL, '17:00:00', '18:00:00', NULL, NULL, 1, 1, 0, 1, 0, '127.0.0.1', '2025-09-07 23:30:02', '2025-09-07 23:30:02', NULL, NULL, 2, '2025-12-07', 0),
(2306, NULL, 0, NULL, '18:00:00', '19:00:00', NULL, NULL, 2, 1, 0, 1, 0, '127.0.0.1', '2025-09-07 23:30:02', '2025-09-07 23:30:02', NULL, NULL, 3, '2025-12-07', 0),
(2307, NULL, 0, NULL, '20:00:00', '21:00:00', NULL, NULL, 2, 1, 0, 1, 0, '127.0.0.1', '2025-09-07 23:30:02', '2025-09-07 23:30:02', NULL, NULL, 4, '2025-12-07', 0),
(2308, NULL, 0, NULL, '12:00:00', '13:00:00', NULL, NULL, 6, 13, 0, 1, 0, '127.0.0.1', '2025-09-07 23:30:02', '2025-09-07 23:30:02', NULL, NULL, 5, '2025-12-07', 0),
(2309, NULL, 0, NULL, '14:00:00', '16:00:00', NULL, NULL, 7, 13, 0, 1, 0, '127.0.0.1', '2025-09-07 23:30:02', '2025-09-07 23:30:02', NULL, NULL, 6, '2025-12-07', 0),
(2310, NULL, 0, NULL, '17:00:00', '18:00:00', NULL, NULL, 8, 13, 0, 1, 0, '127.0.0.1', '2025-09-07 23:30:02', '2025-09-07 23:30:02', NULL, NULL, 7, '2025-12-07', 0),
(2311, NULL, 0, NULL, '18:00:00', '19:00:00', NULL, NULL, 6, 13, 0, 1, 0, '127.0.0.1', '2025-09-07 23:30:02', '2025-09-07 23:30:02', NULL, NULL, 8, '2025-12-07', 0),
(2312, NULL, 0, NULL, '09:00:00', '10:00:00', NULL, NULL, 9, 15, 0, 1, 0, '127.0.0.1', '2025-09-07 23:30:02', '2025-09-07 23:30:02', NULL, NULL, 9, '2025-12-07', 0),
(2313, NULL, 0, NULL, '16:00:00', '17:00:00', NULL, NULL, 1, 1, 0, 1, 0, '127.0.0.1', '2025-09-08 23:30:02', '2025-09-08 23:30:02', NULL, NULL, 1, '2025-12-08', 0),
(2314, NULL, 0, NULL, '17:00:00', '18:00:00', NULL, NULL, 1, 1, 0, 1, 0, '127.0.0.1', '2025-09-08 23:30:02', '2025-09-08 23:30:02', NULL, NULL, 2, '2025-12-08', 0),
(2315, NULL, 0, NULL, '18:00:00', '19:00:00', NULL, NULL, 2, 1, 0, 1, 0, '127.0.0.1', '2025-09-08 23:30:02', '2025-09-08 23:30:02', NULL, NULL, 3, '2025-12-08', 0),
(2316, NULL, 0, NULL, '20:00:00', '21:00:00', NULL, NULL, 2, 1, 0, 1, 0, '127.0.0.1', '2025-09-08 23:30:02', '2025-09-08 23:30:02', NULL, NULL, 4, '2025-12-08', 0),
(2317, NULL, 0, NULL, '12:00:00', '13:00:00', NULL, NULL, 6, 13, 0, 1, 0, '127.0.0.1', '2025-09-08 23:30:02', '2025-09-08 23:30:02', NULL, NULL, 5, '2025-12-08', 0),
(2318, NULL, 0, NULL, '14:00:00', '16:00:00', NULL, NULL, 7, 13, 0, 1, 0, '127.0.0.1', '2025-09-08 23:30:02', '2025-09-08 23:30:02', NULL, NULL, 6, '2025-12-08', 0),
(2319, NULL, 0, NULL, '17:00:00', '18:00:00', NULL, NULL, 8, 13, 0, 1, 0, '127.0.0.1', '2025-09-08 23:30:02', '2025-09-08 23:30:02', NULL, NULL, 7, '2025-12-08', 0),
(2320, NULL, 0, NULL, '18:00:00', '19:00:00', NULL, NULL, 6, 13, 0, 1, 0, '127.0.0.1', '2025-09-08 23:30:02', '2025-09-08 23:30:02', NULL, NULL, 8, '2025-12-08', 0),
(2321, NULL, 0, NULL, '09:00:00', '10:00:00', NULL, NULL, 9, 15, 0, 1, 0, '127.0.0.1', '2025-09-08 23:30:02', '2025-09-08 23:30:02', NULL, NULL, 9, '2025-12-08', 0),
(2322, NULL, 0, NULL, '16:00:00', '17:00:00', NULL, NULL, 1, 1, 0, 1, 0, '127.0.0.1', '2025-09-09 23:30:02', '2025-09-09 23:30:02', NULL, NULL, 1, '2025-12-09', 0),
(2323, NULL, 0, NULL, '17:00:00', '18:00:00', NULL, NULL, 1, 1, 0, 1, 0, '127.0.0.1', '2025-09-09 23:30:02', '2025-09-09 23:30:02', NULL, NULL, 2, '2025-12-09', 0),
(2324, NULL, 0, NULL, '18:00:00', '19:00:00', NULL, NULL, 2, 1, 0, 1, 0, '127.0.0.1', '2025-09-09 23:30:02', '2025-09-09 23:30:02', NULL, NULL, 3, '2025-12-09', 0),
(2325, NULL, 0, NULL, '20:00:00', '21:00:00', NULL, NULL, 2, 1, 0, 1, 0, '127.0.0.1', '2025-09-09 23:30:02', '2025-09-09 23:30:02', NULL, NULL, 4, '2025-12-09', 0),
(2326, NULL, 0, NULL, '12:00:00', '13:00:00', NULL, NULL, 6, 13, 0, 1, 0, '127.0.0.1', '2025-09-09 23:30:02', '2025-09-09 23:30:02', NULL, NULL, 5, '2025-12-09', 0),
(2327, NULL, 0, NULL, '14:00:00', '16:00:00', NULL, NULL, 7, 13, 0, 1, 0, '127.0.0.1', '2025-09-09 23:30:02', '2025-09-09 23:30:02', NULL, NULL, 6, '2025-12-09', 0),
(2328, NULL, 0, NULL, '17:00:00', '18:00:00', NULL, NULL, 8, 13, 0, 1, 0, '127.0.0.1', '2025-09-09 23:30:02', '2025-09-09 23:30:02', NULL, NULL, 7, '2025-12-09', 0),
(2329, NULL, 0, NULL, '18:00:00', '19:00:00', NULL, NULL, 6, 13, 0, 1, 0, '127.0.0.1', '2025-09-09 23:30:02', '2025-09-09 23:30:02', NULL, NULL, 8, '2025-12-09', 0),
(2330, NULL, 0, NULL, '09:00:00', '10:00:00', NULL, NULL, 9, 15, 0, 1, 0, '127.0.0.1', '2025-09-09 23:30:02', '2025-09-09 23:30:02', NULL, NULL, 9, '2025-12-09', 0),
(2331, NULL, 0, NULL, '16:00:00', '17:00:00', NULL, NULL, 1, 1, 0, 1, 0, '127.0.0.1', '2025-09-10 23:30:02', '2025-09-10 23:30:02', NULL, NULL, 1, '2025-12-10', 0),
(2332, NULL, 0, NULL, '17:00:00', '18:00:00', NULL, NULL, 1, 1, 0, 1, 0, '127.0.0.1', '2025-09-10 23:30:02', '2025-09-10 23:30:02', NULL, NULL, 2, '2025-12-10', 0),
(2333, NULL, 0, NULL, '18:00:00', '19:00:00', NULL, NULL, 2, 1, 0, 1, 0, '127.0.0.1', '2025-09-10 23:30:02', '2025-09-10 23:30:02', NULL, NULL, 3, '2025-12-10', 0),
(2334, NULL, 0, NULL, '20:00:00', '21:00:00', NULL, NULL, 2, 1, 0, 1, 0, '127.0.0.1', '2025-09-10 23:30:02', '2025-09-10 23:30:02', NULL, NULL, 4, '2025-12-10', 0),
(2335, NULL, 0, NULL, '12:00:00', '13:00:00', NULL, NULL, 6, 13, 0, 1, 0, '127.0.0.1', '2025-09-10 23:30:02', '2025-09-10 23:30:02', NULL, NULL, 5, '2025-12-10', 0),
(2336, NULL, 0, NULL, '14:00:00', '16:00:00', NULL, NULL, 7, 13, 0, 1, 0, '127.0.0.1', '2025-09-10 23:30:02', '2025-09-10 23:30:02', NULL, NULL, 6, '2025-12-10', 0),
(2337, NULL, 0, NULL, '17:00:00', '18:00:00', NULL, NULL, 8, 13, 0, 1, 0, '127.0.0.1', '2025-09-10 23:30:02', '2025-09-10 23:30:02', NULL, NULL, 7, '2025-12-10', 0),
(2338, NULL, 0, NULL, '18:00:00', '19:00:00', NULL, NULL, 6, 13, 0, 1, 0, '127.0.0.1', '2025-09-10 23:30:02', '2025-09-10 23:30:02', NULL, NULL, 8, '2025-12-10', 0),
(2339, NULL, 0, NULL, '09:00:00', '10:00:00', NULL, NULL, 9, 15, 0, 1, 0, '127.0.0.1', '2025-09-10 23:30:02', '2025-09-10 23:30:02', NULL, NULL, 9, '2025-12-10', 0),
(2340, NULL, 0, NULL, '16:00:00', '17:00:00', NULL, NULL, 1, 1, 0, 1, 0, '127.0.0.1', '2025-09-11 23:30:02', '2025-09-11 23:30:02', NULL, NULL, 1, '2025-12-11', 0),
(2341, NULL, 0, NULL, '17:00:00', '18:00:00', NULL, NULL, 1, 1, 0, 1, 0, '127.0.0.1', '2025-09-11 23:30:02', '2025-09-11 23:30:02', NULL, NULL, 2, '2025-12-11', 0),
(2342, NULL, 0, NULL, '18:00:00', '19:00:00', NULL, NULL, 2, 1, 0, 1, 0, '127.0.0.1', '2025-09-11 23:30:02', '2025-09-11 23:30:02', NULL, NULL, 3, '2025-12-11', 0),
(2343, NULL, 0, NULL, '20:00:00', '21:00:00', NULL, NULL, 2, 1, 0, 1, 0, '127.0.0.1', '2025-09-11 23:30:02', '2025-09-11 23:30:02', NULL, NULL, 4, '2025-12-11', 0),
(2344, NULL, 0, NULL, '12:00:00', '13:00:00', NULL, NULL, 6, 13, 0, 1, 0, '127.0.0.1', '2025-09-11 23:30:02', '2025-09-11 23:30:02', NULL, NULL, 5, '2025-12-11', 0),
(2345, NULL, 0, NULL, '14:00:00', '16:00:00', NULL, NULL, 7, 13, 0, 1, 0, '127.0.0.1', '2025-09-11 23:30:02', '2025-09-11 23:30:02', NULL, NULL, 6, '2025-12-11', 0),
(2346, NULL, 0, NULL, '17:00:00', '18:00:00', NULL, NULL, 8, 13, 0, 1, 0, '127.0.0.1', '2025-09-11 23:30:02', '2025-09-11 23:30:02', NULL, NULL, 7, '2025-12-11', 0),
(2347, NULL, 0, NULL, '18:00:00', '19:00:00', NULL, NULL, 6, 13, 0, 1, 0, '127.0.0.1', '2025-09-11 23:30:02', '2025-09-11 23:30:02', NULL, NULL, 8, '2025-12-11', 0),
(2348, NULL, 0, NULL, '09:00:00', '10:00:00', NULL, NULL, 9, 15, 0, 1, 0, '127.0.0.1', '2025-09-11 23:30:02', '2025-09-11 23:30:02', NULL, NULL, 9, '2025-12-11', 0),
(2349, NULL, 0, NULL, '16:00:00', '17:00:00', NULL, NULL, 1, 1, 0, 1, 0, '127.0.0.1', '2025-09-12 23:30:03', '2025-09-12 23:30:03', NULL, NULL, 1, '2025-12-12', 0),
(2350, NULL, 0, NULL, '17:00:00', '18:00:00', NULL, NULL, 1, 1, 0, 1, 0, '127.0.0.1', '2025-09-12 23:30:03', '2025-09-12 23:30:03', NULL, NULL, 2, '2025-12-12', 0),
(2351, NULL, 0, NULL, '18:00:00', '19:00:00', NULL, NULL, 2, 1, 0, 1, 0, '127.0.0.1', '2025-09-12 23:30:03', '2025-09-12 23:30:03', NULL, NULL, 3, '2025-12-12', 0),
(2352, NULL, 0, NULL, '20:00:00', '21:00:00', NULL, NULL, 2, 1, 0, 1, 0, '127.0.0.1', '2025-09-12 23:30:03', '2025-09-12 23:30:03', NULL, NULL, 4, '2025-12-12', 0),
(2353, NULL, 0, NULL, '12:00:00', '13:00:00', NULL, NULL, 6, 13, 0, 1, 0, '127.0.0.1', '2025-09-12 23:30:03', '2025-09-12 23:30:03', NULL, NULL, 5, '2025-12-12', 0),
(2354, NULL, 0, NULL, '14:00:00', '16:00:00', NULL, NULL, 7, 13, 0, 1, 0, '127.0.0.1', '2025-09-12 23:30:03', '2025-09-12 23:30:03', NULL, NULL, 6, '2025-12-12', 0),
(2355, NULL, 0, NULL, '17:00:00', '18:00:00', NULL, NULL, 8, 13, 0, 1, 0, '127.0.0.1', '2025-09-12 23:30:03', '2025-09-12 23:30:03', NULL, NULL, 7, '2025-12-12', 0),
(2356, NULL, 0, NULL, '18:00:00', '19:00:00', NULL, NULL, 6, 13, 0, 1, 0, '127.0.0.1', '2025-09-12 23:30:03', '2025-09-12 23:30:03', NULL, NULL, 8, '2025-12-12', 0),
(2357, NULL, 0, NULL, '09:00:00', '10:00:00', NULL, NULL, 9, 15, 0, 1, 0, '127.0.0.1', '2025-09-12 23:30:03', '2025-09-12 23:30:03', NULL, NULL, 9, '2025-12-12', 0),
(2358, NULL, 0, NULL, '16:00:00', '17:00:00', NULL, NULL, 1, 1, 0, 1, 0, '127.0.0.1', '2025-09-13 23:30:02', '2025-09-13 23:30:02', NULL, NULL, 1, '2025-12-13', 0),
(2359, NULL, 0, NULL, '17:00:00', '18:00:00', NULL, NULL, 1, 1, 0, 1, 0, '127.0.0.1', '2025-09-13 23:30:02', '2025-09-13 23:30:02', NULL, NULL, 2, '2025-12-13', 0),
(2360, NULL, 0, NULL, '18:00:00', '19:00:00', NULL, NULL, 2, 1, 0, 1, 0, '127.0.0.1', '2025-09-13 23:30:02', '2025-09-13 23:30:02', NULL, NULL, 3, '2025-12-13', 0),
(2361, NULL, 0, NULL, '20:00:00', '21:00:00', NULL, NULL, 2, 1, 0, 1, 0, '127.0.0.1', '2025-09-13 23:30:02', '2025-09-13 23:30:02', NULL, NULL, 4, '2025-12-13', 0),
(2362, NULL, 0, NULL, '12:00:00', '13:00:00', NULL, NULL, 6, 13, 0, 1, 0, '127.0.0.1', '2025-09-13 23:30:02', '2025-09-13 23:30:02', NULL, NULL, 5, '2025-12-13', 0),
(2363, NULL, 0, NULL, '14:00:00', '16:00:00', NULL, NULL, 7, 13, 0, 1, 0, '127.0.0.1', '2025-09-13 23:30:02', '2025-09-13 23:30:02', NULL, NULL, 6, '2025-12-13', 0),
(2364, NULL, 0, NULL, '17:00:00', '18:00:00', NULL, NULL, 8, 13, 0, 1, 0, '127.0.0.1', '2025-09-13 23:30:02', '2025-09-13 23:30:02', NULL, NULL, 7, '2025-12-13', 0),
(2365, NULL, 0, NULL, '18:00:00', '19:00:00', NULL, NULL, 6, 13, 0, 1, 0, '127.0.0.1', '2025-09-13 23:30:02', '2025-09-13 23:30:02', NULL, NULL, 8, '2025-12-13', 0),
(2366, NULL, 0, NULL, '09:00:00', '10:00:00', NULL, NULL, 9, 15, 0, 1, 0, '127.0.0.1', '2025-09-13 23:30:02', '2025-09-13 23:30:02', NULL, NULL, 9, '2025-12-13', 0),
(2367, NULL, 0, NULL, '16:00:00', '17:00:00', NULL, NULL, 1, 1, 0, 1, 0, '127.0.0.1', '2025-09-14 23:30:02', '2025-09-14 23:30:02', NULL, NULL, 1, '2025-12-14', 0),
(2368, NULL, 0, NULL, '17:00:00', '18:00:00', NULL, NULL, 1, 1, 0, 1, 0, '127.0.0.1', '2025-09-14 23:30:02', '2025-09-14 23:30:02', NULL, NULL, 2, '2025-12-14', 0),
(2369, NULL, 0, NULL, '18:00:00', '19:00:00', NULL, NULL, 2, 1, 0, 1, 0, '127.0.0.1', '2025-09-14 23:30:02', '2025-09-14 23:30:02', NULL, NULL, 3, '2025-12-14', 0),
(2370, NULL, 0, NULL, '20:00:00', '21:00:00', NULL, NULL, 2, 1, 0, 1, 0, '127.0.0.1', '2025-09-14 23:30:02', '2025-09-14 23:30:02', NULL, NULL, 4, '2025-12-14', 0),
(2371, NULL, 0, NULL, '12:00:00', '13:00:00', NULL, NULL, 6, 13, 0, 1, 0, '127.0.0.1', '2025-09-14 23:30:02', '2025-09-14 23:30:02', NULL, NULL, 5, '2025-12-14', 0),
(2372, NULL, 0, NULL, '14:00:00', '16:00:00', NULL, NULL, 7, 13, 0, 1, 0, '127.0.0.1', '2025-09-14 23:30:02', '2025-09-14 23:30:02', NULL, NULL, 6, '2025-12-14', 0),
(2373, NULL, 0, NULL, '17:00:00', '18:00:00', NULL, NULL, 8, 13, 0, 1, 0, '127.0.0.1', '2025-09-14 23:30:02', '2025-09-14 23:30:02', NULL, NULL, 7, '2025-12-14', 0),
(2374, NULL, 0, NULL, '18:00:00', '19:00:00', NULL, NULL, 6, 13, 0, 1, 0, '127.0.0.1', '2025-09-14 23:30:02', '2025-09-14 23:30:02', NULL, NULL, 8, '2025-12-14', 0),
(2375, NULL, 0, NULL, '09:00:00', '10:00:00', NULL, NULL, 9, 15, 0, 1, 0, '127.0.0.1', '2025-09-14 23:30:02', '2025-09-14 23:30:02', NULL, NULL, 9, '2025-12-14', 0),
(2376, NULL, 0, NULL, '16:00:00', '17:00:00', NULL, NULL, 1, 1, 0, 1, 0, '127.0.0.1', '2025-09-15 23:30:02', '2025-09-15 23:30:02', NULL, NULL, 1, '2025-12-15', 0),
(2377, NULL, 0, NULL, '17:00:00', '18:00:00', NULL, NULL, 1, 1, 0, 1, 0, '127.0.0.1', '2025-09-15 23:30:02', '2025-09-15 23:30:02', NULL, NULL, 2, '2025-12-15', 0),
(2378, NULL, 0, NULL, '18:00:00', '19:00:00', NULL, NULL, 2, 1, 0, 1, 0, '127.0.0.1', '2025-09-15 23:30:02', '2025-09-15 23:30:02', NULL, NULL, 3, '2025-12-15', 0),
(2379, NULL, 0, NULL, '20:00:00', '21:00:00', NULL, NULL, 2, 1, 0, 1, 0, '127.0.0.1', '2025-09-15 23:30:02', '2025-09-15 23:30:02', NULL, NULL, 4, '2025-12-15', 0),
(2380, NULL, 0, NULL, '12:00:00', '13:00:00', NULL, NULL, 6, 13, 0, 1, 0, '127.0.0.1', '2025-09-15 23:30:02', '2025-09-15 23:30:02', NULL, NULL, 5, '2025-12-15', 0),
(2381, NULL, 0, NULL, '14:00:00', '16:00:00', NULL, NULL, 7, 13, 0, 1, 0, '127.0.0.1', '2025-09-15 23:30:02', '2025-09-15 23:30:02', NULL, NULL, 6, '2025-12-15', 0),
(2382, NULL, 0, NULL, '17:00:00', '18:00:00', NULL, NULL, 8, 13, 0, 1, 0, '127.0.0.1', '2025-09-15 23:30:02', '2025-09-15 23:30:02', NULL, NULL, 7, '2025-12-15', 0),
(2383, NULL, 0, NULL, '18:00:00', '19:00:00', NULL, NULL, 6, 13, 0, 1, 0, '127.0.0.1', '2025-09-15 23:30:02', '2025-09-15 23:30:02', NULL, NULL, 8, '2025-12-15', 0),
(2384, NULL, 0, NULL, '09:00:00', '10:00:00', NULL, NULL, 9, 15, 0, 1, 0, '127.0.0.1', '2025-09-15 23:30:02', '2025-09-15 23:30:02', NULL, NULL, 9, '2025-12-15', 0),
(2385, NULL, 0, NULL, '16:00:00', '17:00:00', NULL, NULL, 1, 1, 0, 1, 0, '127.0.0.1', '2025-09-16 23:30:02', '2025-09-16 23:30:02', NULL, NULL, 1, '2025-12-16', 0),
(2386, NULL, 0, NULL, '17:00:00', '18:00:00', NULL, NULL, 1, 1, 0, 1, 0, '127.0.0.1', '2025-09-16 23:30:02', '2025-09-16 23:30:02', NULL, NULL, 2, '2025-12-16', 0),
(2387, NULL, 0, NULL, '18:00:00', '19:00:00', NULL, NULL, 2, 1, 0, 1, 0, '127.0.0.1', '2025-09-16 23:30:02', '2025-09-16 23:30:02', NULL, NULL, 3, '2025-12-16', 0),
(2388, NULL, 0, NULL, '20:00:00', '21:00:00', NULL, NULL, 2, 1, 0, 1, 0, '127.0.0.1', '2025-09-16 23:30:02', '2025-09-16 23:30:02', NULL, NULL, 4, '2025-12-16', 0),
(2389, NULL, 0, NULL, '12:00:00', '13:00:00', NULL, NULL, 6, 13, 0, 1, 0, '127.0.0.1', '2025-09-16 23:30:02', '2025-09-16 23:30:02', NULL, NULL, 5, '2025-12-16', 0),
(2390, NULL, 0, NULL, '14:00:00', '16:00:00', NULL, NULL, 7, 13, 0, 1, 0, '127.0.0.1', '2025-09-16 23:30:02', '2025-09-16 23:30:02', NULL, NULL, 6, '2025-12-16', 0),
(2391, NULL, 0, NULL, '17:00:00', '18:00:00', NULL, NULL, 8, 13, 0, 1, 0, '127.0.0.1', '2025-09-16 23:30:02', '2025-09-16 23:30:02', NULL, NULL, 7, '2025-12-16', 0),
(2392, NULL, 0, NULL, '18:00:00', '19:00:00', NULL, NULL, 6, 13, 0, 1, 0, '127.0.0.1', '2025-09-16 23:30:02', '2025-09-16 23:30:02', NULL, NULL, 8, '2025-12-16', 0),
(2393, NULL, 0, NULL, '09:00:00', '10:00:00', NULL, NULL, 9, 15, 0, 1, 0, '127.0.0.1', '2025-09-16 23:30:02', '2025-09-16 23:30:02', NULL, NULL, 9, '2025-12-16', 0),
(2394, NULL, 0, NULL, '16:00:00', '17:00:00', NULL, NULL, 1, 1, 0, 1, 0, '127.0.0.1', '2025-09-17 23:30:02', '2025-09-17 23:30:02', NULL, NULL, 1, '2025-12-17', 0),
(2395, NULL, 0, NULL, '17:00:00', '18:00:00', NULL, NULL, 1, 1, 0, 1, 0, '127.0.0.1', '2025-09-17 23:30:02', '2025-09-17 23:30:02', NULL, NULL, 2, '2025-12-17', 0),
(2396, NULL, 0, NULL, '18:00:00', '19:00:00', NULL, NULL, 2, 1, 0, 1, 0, '127.0.0.1', '2025-09-17 23:30:02', '2025-09-17 23:30:02', NULL, NULL, 3, '2025-12-17', 0),
(2397, NULL, 0, NULL, '20:00:00', '21:00:00', NULL, NULL, 2, 1, 0, 1, 0, '127.0.0.1', '2025-09-17 23:30:02', '2025-09-17 23:30:02', NULL, NULL, 4, '2025-12-17', 0),
(2398, NULL, 0, NULL, '12:00:00', '13:00:00', NULL, NULL, 6, 13, 0, 1, 0, '127.0.0.1', '2025-09-17 23:30:02', '2025-09-17 23:30:02', NULL, NULL, 5, '2025-12-17', 0),
(2399, NULL, 0, NULL, '14:00:00', '16:00:00', NULL, NULL, 7, 13, 0, 1, 0, '127.0.0.1', '2025-09-17 23:30:02', '2025-09-17 23:30:02', NULL, NULL, 6, '2025-12-17', 0),
(2400, NULL, 0, NULL, '17:00:00', '18:00:00', NULL, NULL, 8, 13, 0, 1, 0, '127.0.0.1', '2025-09-17 23:30:02', '2025-09-17 23:30:02', NULL, NULL, 7, '2025-12-17', 0),
(2401, NULL, 0, NULL, '18:00:00', '19:00:00', NULL, NULL, 6, 13, 0, 1, 0, '127.0.0.1', '2025-09-17 23:30:02', '2025-09-17 23:30:02', NULL, NULL, 8, '2025-12-17', 0),
(2402, NULL, 0, NULL, '09:00:00', '10:00:00', NULL, NULL, 9, 15, 0, 1, 0, '127.0.0.1', '2025-09-17 23:30:02', '2025-09-17 23:30:02', NULL, NULL, 9, '2025-12-17', 0),
(2403, NULL, 0, NULL, '16:00:00', '17:00:00', NULL, NULL, 1, 1, 0, 1, 0, '127.0.0.1', '2025-09-18 23:30:02', '2025-09-18 23:30:02', NULL, NULL, 1, '2025-12-18', 0),
(2404, NULL, 0, NULL, '17:00:00', '18:00:00', NULL, NULL, 1, 1, 0, 1, 0, '127.0.0.1', '2025-09-18 23:30:02', '2025-09-18 23:30:02', NULL, NULL, 2, '2025-12-18', 0),
(2405, NULL, 0, NULL, '18:00:00', '19:00:00', NULL, NULL, 2, 1, 0, 1, 0, '127.0.0.1', '2025-09-18 23:30:02', '2025-09-18 23:30:02', NULL, NULL, 3, '2025-12-18', 0),
(2406, NULL, 0, NULL, '20:00:00', '21:00:00', NULL, NULL, 2, 1, 0, 1, 0, '127.0.0.1', '2025-09-18 23:30:02', '2025-09-18 23:30:02', NULL, NULL, 4, '2025-12-18', 0),
(2407, NULL, 0, NULL, '12:00:00', '13:00:00', NULL, NULL, 6, 13, 0, 1, 0, '127.0.0.1', '2025-09-18 23:30:02', '2025-09-18 23:30:02', NULL, NULL, 5, '2025-12-18', 0),
(2408, NULL, 0, NULL, '14:00:00', '16:00:00', NULL, NULL, 7, 13, 0, 1, 0, '127.0.0.1', '2025-09-18 23:30:02', '2025-09-18 23:30:02', NULL, NULL, 6, '2025-12-18', 0),
(2409, NULL, 0, NULL, '17:00:00', '18:00:00', NULL, NULL, 8, 13, 0, 1, 0, '127.0.0.1', '2025-09-18 23:30:02', '2025-09-18 23:30:02', NULL, NULL, 7, '2025-12-18', 0),
(2410, NULL, 0, NULL, '18:00:00', '19:00:00', NULL, NULL, 6, 13, 0, 1, 0, '127.0.0.1', '2025-09-18 23:30:02', '2025-09-18 23:30:02', NULL, NULL, 8, '2025-12-18', 0),
(2411, NULL, 0, NULL, '09:00:00', '10:00:00', NULL, NULL, 9, 15, 0, 1, 0, '127.0.0.1', '2025-09-18 23:30:02', '2025-09-18 23:30:02', NULL, NULL, 9, '2025-12-18', 0),
(2412, NULL, 0, NULL, '16:00:00', '17:00:00', NULL, NULL, 1, 1, 0, 1, 0, '127.0.0.1', '2025-09-19 23:30:03', '2025-09-19 23:30:03', NULL, NULL, 1, '2025-12-19', 0),
(2413, NULL, 0, NULL, '17:00:00', '18:00:00', NULL, NULL, 1, 1, 0, 1, 0, '127.0.0.1', '2025-09-19 23:30:03', '2025-09-19 23:30:03', NULL, NULL, 2, '2025-12-19', 0),
(2414, NULL, 0, NULL, '18:00:00', '19:00:00', NULL, NULL, 2, 1, 0, 1, 0, '127.0.0.1', '2025-09-19 23:30:03', '2025-09-19 23:30:03', NULL, NULL, 3, '2025-12-19', 0),
(2415, NULL, 0, NULL, '20:00:00', '21:00:00', NULL, NULL, 2, 1, 0, 1, 0, '127.0.0.1', '2025-09-19 23:30:03', '2025-09-19 23:30:03', NULL, NULL, 4, '2025-12-19', 0),
(2416, NULL, 0, NULL, '12:00:00', '13:00:00', NULL, NULL, 6, 13, 0, 1, 0, '127.0.0.1', '2025-09-19 23:30:03', '2025-09-19 23:30:03', NULL, NULL, 5, '2025-12-19', 0),
(2417, NULL, 0, NULL, '14:00:00', '16:00:00', NULL, NULL, 7, 13, 0, 1, 0, '127.0.0.1', '2025-09-19 23:30:03', '2025-09-19 23:30:03', NULL, NULL, 6, '2025-12-19', 0),
(2418, NULL, 0, NULL, '17:00:00', '18:00:00', NULL, NULL, 8, 13, 0, 1, 0, '127.0.0.1', '2025-09-19 23:30:03', '2025-09-19 23:30:03', NULL, NULL, 7, '2025-12-19', 0),
(2419, NULL, 0, NULL, '18:00:00', '19:00:00', NULL, NULL, 6, 13, 0, 1, 0, '127.0.0.1', '2025-09-19 23:30:03', '2025-09-19 23:30:03', NULL, NULL, 8, '2025-12-19', 0),
(2420, NULL, 0, NULL, '09:00:00', '10:00:00', NULL, NULL, 9, 15, 0, 1, 0, '127.0.0.1', '2025-09-19 23:30:03', '2025-09-19 23:30:03', NULL, NULL, 9, '2025-12-19', 0),
(2421, NULL, 0, NULL, '16:00:00', '17:00:00', NULL, NULL, 1, 1, 0, 1, 0, '127.0.0.1', '2025-09-20 23:30:02', '2025-09-20 23:30:02', NULL, NULL, 1, '2025-12-20', 0),
(2422, NULL, 0, NULL, '17:00:00', '18:00:00', NULL, NULL, 1, 1, 0, 1, 0, '127.0.0.1', '2025-09-20 23:30:02', '2025-09-20 23:30:02', NULL, NULL, 2, '2025-12-20', 0),
(2423, NULL, 0, NULL, '18:00:00', '19:00:00', NULL, NULL, 2, 1, 0, 1, 0, '127.0.0.1', '2025-09-20 23:30:02', '2025-09-20 23:30:02', NULL, NULL, 3, '2025-12-20', 0),
(2424, NULL, 0, NULL, '20:00:00', '21:00:00', NULL, NULL, 2, 1, 0, 1, 0, '127.0.0.1', '2025-09-20 23:30:02', '2025-09-20 23:30:02', NULL, NULL, 4, '2025-12-20', 0),
(2425, NULL, 0, NULL, '12:00:00', '13:00:00', NULL, NULL, 6, 13, 0, 1, 0, '127.0.0.1', '2025-09-20 23:30:02', '2025-09-20 23:30:02', NULL, NULL, 5, '2025-12-20', 0),
(2426, NULL, 0, NULL, '14:00:00', '16:00:00', NULL, NULL, 7, 13, 0, 1, 0, '127.0.0.1', '2025-09-20 23:30:02', '2025-09-20 23:30:02', NULL, NULL, 6, '2025-12-20', 0),
(2427, NULL, 0, NULL, '17:00:00', '18:00:00', NULL, NULL, 8, 13, 0, 1, 0, '127.0.0.1', '2025-09-20 23:30:02', '2025-09-20 23:30:02', NULL, NULL, 7, '2025-12-20', 0);
INSERT INTO `Schedule` (`Schedule_id`, `Customer_id`, `driver_id`, `status`, `fromtime`, `Totime`, `fromdate`, `Todate`, `car_id`, `SchoolId`, `package_order_id`, `iStatus`, `isDelete`, `strIP`, `created_at`, `updated_at`, `pickup_drop_point`, `day`, `Schedulemasterid`, `Schedule_date`, `attendance`) VALUES
(2428, NULL, 0, NULL, '18:00:00', '19:00:00', NULL, NULL, 6, 13, 0, 1, 0, '127.0.0.1', '2025-09-20 23:30:02', '2025-09-20 23:30:02', NULL, NULL, 8, '2025-12-20', 0),
(2429, NULL, 0, NULL, '09:00:00', '10:00:00', NULL, NULL, 9, 15, 0, 1, 0, '127.0.0.1', '2025-09-20 23:30:02', '2025-09-20 23:30:02', NULL, NULL, 9, '2025-12-20', 0),
(2430, NULL, 0, NULL, '16:00:00', '17:00:00', NULL, NULL, 1, 1, 0, 1, 0, '127.0.0.1', '2025-09-21 23:30:02', '2025-09-21 23:30:02', NULL, NULL, 1, '2025-12-21', 0),
(2431, NULL, 0, NULL, '17:00:00', '18:00:00', NULL, NULL, 1, 1, 0, 1, 0, '127.0.0.1', '2025-09-21 23:30:02', '2025-09-21 23:30:02', NULL, NULL, 2, '2025-12-21', 0),
(2432, NULL, 0, NULL, '18:00:00', '19:00:00', NULL, NULL, 2, 1, 0, 1, 0, '127.0.0.1', '2025-09-21 23:30:02', '2025-09-21 23:30:02', NULL, NULL, 3, '2025-12-21', 0),
(2433, NULL, 0, NULL, '20:00:00', '21:00:00', NULL, NULL, 2, 1, 0, 1, 0, '127.0.0.1', '2025-09-21 23:30:02', '2025-09-21 23:30:02', NULL, NULL, 4, '2025-12-21', 0),
(2434, NULL, 0, NULL, '12:00:00', '13:00:00', NULL, NULL, 6, 13, 0, 1, 0, '127.0.0.1', '2025-09-21 23:30:02', '2025-09-21 23:30:02', NULL, NULL, 5, '2025-12-21', 0),
(2435, NULL, 0, NULL, '14:00:00', '16:00:00', NULL, NULL, 7, 13, 0, 1, 0, '127.0.0.1', '2025-09-21 23:30:02', '2025-09-21 23:30:02', NULL, NULL, 6, '2025-12-21', 0),
(2436, NULL, 0, NULL, '17:00:00', '18:00:00', NULL, NULL, 8, 13, 0, 1, 0, '127.0.0.1', '2025-09-21 23:30:02', '2025-09-21 23:30:02', NULL, NULL, 7, '2025-12-21', 0),
(2437, NULL, 0, NULL, '18:00:00', '19:00:00', NULL, NULL, 6, 13, 0, 1, 0, '127.0.0.1', '2025-09-21 23:30:02', '2025-09-21 23:30:02', NULL, NULL, 8, '2025-12-21', 0),
(2438, NULL, 0, NULL, '09:00:00', '10:00:00', NULL, NULL, 9, 15, 0, 1, 0, '127.0.0.1', '2025-09-21 23:30:02', '2025-09-21 23:30:02', NULL, NULL, 9, '2025-12-21', 0),
(2439, NULL, 0, NULL, '16:00:00', '17:00:00', NULL, NULL, 1, 1, 0, 1, 0, '127.0.0.1', '2025-09-22 23:30:03', '2025-09-22 23:30:03', NULL, NULL, 1, '2025-12-22', 0),
(2440, NULL, 0, NULL, '17:00:00', '18:00:00', NULL, NULL, 1, 1, 0, 1, 0, '127.0.0.1', '2025-09-22 23:30:03', '2025-09-22 23:30:03', NULL, NULL, 2, '2025-12-22', 0),
(2441, NULL, 0, NULL, '18:00:00', '19:00:00', NULL, NULL, 2, 1, 0, 1, 0, '127.0.0.1', '2025-09-22 23:30:03', '2025-09-22 23:30:03', NULL, NULL, 3, '2025-12-22', 0),
(2442, NULL, 0, NULL, '20:00:00', '21:00:00', NULL, NULL, 2, 1, 0, 1, 0, '127.0.0.1', '2025-09-22 23:30:03', '2025-09-22 23:30:03', NULL, NULL, 4, '2025-12-22', 0),
(2443, NULL, 0, NULL, '12:00:00', '13:00:00', NULL, NULL, 6, 13, 0, 1, 0, '127.0.0.1', '2025-09-22 23:30:03', '2025-09-22 23:30:03', NULL, NULL, 5, '2025-12-22', 0),
(2444, NULL, 0, NULL, '14:00:00', '16:00:00', NULL, NULL, 7, 13, 0, 1, 0, '127.0.0.1', '2025-09-22 23:30:03', '2025-09-22 23:30:03', NULL, NULL, 6, '2025-12-22', 0),
(2445, NULL, 0, NULL, '17:00:00', '18:00:00', NULL, NULL, 8, 13, 0, 1, 0, '127.0.0.1', '2025-09-22 23:30:03', '2025-09-22 23:30:03', NULL, NULL, 7, '2025-12-22', 0),
(2446, NULL, 0, NULL, '18:00:00', '19:00:00', NULL, NULL, 6, 13, 0, 1, 0, '127.0.0.1', '2025-09-22 23:30:03', '2025-09-22 23:30:03', NULL, NULL, 8, '2025-12-22', 0),
(2447, NULL, 0, NULL, '09:00:00', '10:00:00', NULL, NULL, 9, 15, 0, 1, 0, '127.0.0.1', '2025-09-22 23:30:03', '2025-09-22 23:30:03', NULL, NULL, 9, '2025-12-22', 0),
(2448, NULL, 0, NULL, '16:00:00', '17:00:00', NULL, NULL, 1, 1, 0, 1, 0, '127.0.0.1', '2025-09-23 23:30:02', '2025-09-23 23:30:02', NULL, NULL, 1, '2025-12-23', 0),
(2449, NULL, 0, NULL, '17:00:00', '18:00:00', NULL, NULL, 1, 1, 0, 1, 0, '127.0.0.1', '2025-09-23 23:30:02', '2025-09-23 23:30:02', NULL, NULL, 2, '2025-12-23', 0),
(2450, NULL, 0, NULL, '18:00:00', '19:00:00', NULL, NULL, 2, 1, 0, 1, 0, '127.0.0.1', '2025-09-23 23:30:02', '2025-09-23 23:30:02', NULL, NULL, 3, '2025-12-23', 0),
(2451, NULL, 0, NULL, '20:00:00', '21:00:00', NULL, NULL, 2, 1, 0, 1, 0, '127.0.0.1', '2025-09-23 23:30:02', '2025-09-23 23:30:02', NULL, NULL, 4, '2025-12-23', 0),
(2452, NULL, 0, NULL, '12:00:00', '13:00:00', NULL, NULL, 6, 13, 0, 1, 0, '127.0.0.1', '2025-09-23 23:30:02', '2025-09-23 23:30:02', NULL, NULL, 5, '2025-12-23', 0),
(2453, NULL, 0, NULL, '14:00:00', '16:00:00', NULL, NULL, 7, 13, 0, 1, 0, '127.0.0.1', '2025-09-23 23:30:02', '2025-09-23 23:30:02', NULL, NULL, 6, '2025-12-23', 0),
(2454, NULL, 0, NULL, '17:00:00', '18:00:00', NULL, NULL, 8, 13, 0, 1, 0, '127.0.0.1', '2025-09-23 23:30:02', '2025-09-23 23:30:02', NULL, NULL, 7, '2025-12-23', 0),
(2455, NULL, 0, NULL, '18:00:00', '19:00:00', NULL, NULL, 6, 13, 0, 1, 0, '127.0.0.1', '2025-09-23 23:30:02', '2025-09-23 23:30:02', NULL, NULL, 8, '2025-12-23', 0),
(2456, NULL, 0, NULL, '09:00:00', '10:00:00', NULL, NULL, 9, 15, 0, 1, 0, '127.0.0.1', '2025-09-23 23:30:02', '2025-09-23 23:30:02', NULL, NULL, 9, '2025-12-23', 0),
(2457, NULL, 0, NULL, '16:00:00', '17:00:00', NULL, NULL, 1, 1, 0, 1, 0, '127.0.0.1', '2025-09-24 23:30:02', '2025-09-24 23:30:02', NULL, NULL, 1, '2025-12-24', 0),
(2458, NULL, 0, NULL, '17:00:00', '18:00:00', NULL, NULL, 1, 1, 0, 1, 0, '127.0.0.1', '2025-09-24 23:30:02', '2025-09-24 23:30:02', NULL, NULL, 2, '2025-12-24', 0),
(2459, NULL, 0, NULL, '18:00:00', '19:00:00', NULL, NULL, 2, 1, 0, 1, 0, '127.0.0.1', '2025-09-24 23:30:02', '2025-09-24 23:30:02', NULL, NULL, 3, '2025-12-24', 0),
(2460, NULL, 0, NULL, '20:00:00', '21:00:00', NULL, NULL, 2, 1, 0, 1, 0, '127.0.0.1', '2025-09-24 23:30:02', '2025-09-24 23:30:02', NULL, NULL, 4, '2025-12-24', 0),
(2461, NULL, 0, NULL, '12:00:00', '13:00:00', NULL, NULL, 6, 13, 0, 1, 0, '127.0.0.1', '2025-09-24 23:30:02', '2025-09-24 23:30:02', NULL, NULL, 5, '2025-12-24', 0),
(2462, NULL, 0, NULL, '14:00:00', '16:00:00', NULL, NULL, 7, 13, 0, 1, 0, '127.0.0.1', '2025-09-24 23:30:02', '2025-09-24 23:30:02', NULL, NULL, 6, '2025-12-24', 0),
(2463, NULL, 0, NULL, '17:00:00', '18:00:00', NULL, NULL, 8, 13, 0, 1, 0, '127.0.0.1', '2025-09-24 23:30:02', '2025-09-24 23:30:02', NULL, NULL, 7, '2025-12-24', 0),
(2464, NULL, 0, NULL, '18:00:00', '19:00:00', NULL, NULL, 6, 13, 0, 1, 0, '127.0.0.1', '2025-09-24 23:30:02', '2025-09-24 23:30:02', NULL, NULL, 8, '2025-12-24', 0),
(2465, NULL, 0, NULL, '09:00:00', '10:00:00', NULL, NULL, 9, 15, 0, 1, 0, '127.0.0.1', '2025-09-24 23:30:02', '2025-09-24 23:30:02', NULL, NULL, 9, '2025-12-24', 0),
(2466, NULL, 0, NULL, '16:00:00', '17:00:00', NULL, NULL, 1, 1, 0, 1, 0, '127.0.0.1', '2025-09-25 23:30:02', '2025-09-25 23:30:02', NULL, NULL, 1, '2025-12-25', 0),
(2467, NULL, 0, NULL, '17:00:00', '18:00:00', NULL, NULL, 1, 1, 0, 1, 0, '127.0.0.1', '2025-09-25 23:30:02', '2025-09-25 23:30:02', NULL, NULL, 2, '2025-12-25', 0),
(2468, NULL, 0, NULL, '18:00:00', '19:00:00', NULL, NULL, 2, 1, 0, 1, 0, '127.0.0.1', '2025-09-25 23:30:02', '2025-09-25 23:30:02', NULL, NULL, 3, '2025-12-25', 0),
(2469, NULL, 0, NULL, '20:00:00', '21:00:00', NULL, NULL, 2, 1, 0, 1, 0, '127.0.0.1', '2025-09-25 23:30:02', '2025-09-25 23:30:02', NULL, NULL, 4, '2025-12-25', 0),
(2470, NULL, 0, NULL, '12:00:00', '13:00:00', NULL, NULL, 6, 13, 0, 1, 0, '127.0.0.1', '2025-09-25 23:30:02', '2025-09-25 23:30:02', NULL, NULL, 5, '2025-12-25', 0),
(2471, NULL, 0, NULL, '14:00:00', '16:00:00', NULL, NULL, 7, 13, 0, 1, 0, '127.0.0.1', '2025-09-25 23:30:02', '2025-09-25 23:30:02', NULL, NULL, 6, '2025-12-25', 0),
(2472, NULL, 0, NULL, '17:00:00', '18:00:00', NULL, NULL, 8, 13, 0, 1, 0, '127.0.0.1', '2025-09-25 23:30:02', '2025-09-25 23:30:02', NULL, NULL, 7, '2025-12-25', 0),
(2473, NULL, 0, NULL, '18:00:00', '19:00:00', NULL, NULL, 6, 13, 0, 1, 0, '127.0.0.1', '2025-09-25 23:30:02', '2025-09-25 23:30:02', NULL, NULL, 8, '2025-12-25', 0),
(2474, NULL, 0, NULL, '09:00:00', '10:00:00', NULL, NULL, 9, 15, 0, 1, 0, '127.0.0.1', '2025-09-25 23:30:02', '2025-09-25 23:30:02', NULL, NULL, 9, '2025-12-25', 0),
(2475, NULL, 0, NULL, '16:00:00', '17:00:00', NULL, NULL, 1, 1, 0, 1, 0, '127.0.0.1', '2025-09-26 23:30:02', '2025-09-26 23:30:02', NULL, NULL, 1, '2025-12-26', 0),
(2476, NULL, 0, NULL, '17:00:00', '18:00:00', NULL, NULL, 1, 1, 0, 1, 0, '127.0.0.1', '2025-09-26 23:30:02', '2025-09-26 23:30:02', NULL, NULL, 2, '2025-12-26', 0),
(2477, NULL, 0, NULL, '18:00:00', '19:00:00', NULL, NULL, 2, 1, 0, 1, 0, '127.0.0.1', '2025-09-26 23:30:02', '2025-09-26 23:30:02', NULL, NULL, 3, '2025-12-26', 0),
(2478, NULL, 0, NULL, '20:00:00', '21:00:00', NULL, NULL, 2, 1, 0, 1, 0, '127.0.0.1', '2025-09-26 23:30:02', '2025-09-26 23:30:02', NULL, NULL, 4, '2025-12-26', 0),
(2479, NULL, 0, NULL, '12:00:00', '13:00:00', NULL, NULL, 6, 13, 0, 1, 0, '127.0.0.1', '2025-09-26 23:30:02', '2025-09-26 23:30:02', NULL, NULL, 5, '2025-12-26', 0),
(2480, NULL, 0, NULL, '14:00:00', '16:00:00', NULL, NULL, 7, 13, 0, 1, 0, '127.0.0.1', '2025-09-26 23:30:02', '2025-09-26 23:30:02', NULL, NULL, 6, '2025-12-26', 0),
(2481, NULL, 0, NULL, '17:00:00', '18:00:00', NULL, NULL, 8, 13, 0, 1, 0, '127.0.0.1', '2025-09-26 23:30:02', '2025-09-26 23:30:02', NULL, NULL, 7, '2025-12-26', 0),
(2482, NULL, 0, NULL, '18:00:00', '19:00:00', NULL, NULL, 6, 13, 0, 1, 0, '127.0.0.1', '2025-09-26 23:30:02', '2025-09-26 23:30:02', NULL, NULL, 8, '2025-12-26', 0),
(2483, NULL, 0, NULL, '09:00:00', '10:00:00', NULL, NULL, 9, 15, 0, 1, 0, '127.0.0.1', '2025-09-26 23:30:02', '2025-09-26 23:30:02', NULL, NULL, 9, '2025-12-26', 0),
(2484, NULL, 0, NULL, '16:00:00', '17:00:00', NULL, NULL, 1, 1, 0, 1, 0, '127.0.0.1', '2025-09-27 23:30:02', '2025-09-27 23:30:02', NULL, NULL, 1, '2025-12-27', 0),
(2485, NULL, 0, NULL, '17:00:00', '18:00:00', NULL, NULL, 1, 1, 0, 1, 0, '127.0.0.1', '2025-09-27 23:30:02', '2025-09-27 23:30:02', NULL, NULL, 2, '2025-12-27', 0),
(2486, NULL, 0, NULL, '18:00:00', '19:00:00', NULL, NULL, 2, 1, 0, 1, 0, '127.0.0.1', '2025-09-27 23:30:02', '2025-09-27 23:30:02', NULL, NULL, 3, '2025-12-27', 0),
(2487, NULL, 0, NULL, '20:00:00', '21:00:00', NULL, NULL, 2, 1, 0, 1, 0, '127.0.0.1', '2025-09-27 23:30:02', '2025-09-27 23:30:02', NULL, NULL, 4, '2025-12-27', 0),
(2488, NULL, 0, NULL, '12:00:00', '13:00:00', NULL, NULL, 6, 13, 0, 1, 0, '127.0.0.1', '2025-09-27 23:30:02', '2025-09-27 23:30:02', NULL, NULL, 5, '2025-12-27', 0),
(2489, NULL, 0, NULL, '14:00:00', '16:00:00', NULL, NULL, 7, 13, 0, 1, 0, '127.0.0.1', '2025-09-27 23:30:02', '2025-09-27 23:30:02', NULL, NULL, 6, '2025-12-27', 0),
(2490, NULL, 0, NULL, '17:00:00', '18:00:00', NULL, NULL, 8, 13, 0, 1, 0, '127.0.0.1', '2025-09-27 23:30:02', '2025-09-27 23:30:02', NULL, NULL, 7, '2025-12-27', 0),
(2491, NULL, 0, NULL, '18:00:00', '19:00:00', NULL, NULL, 6, 13, 0, 1, 0, '127.0.0.1', '2025-09-27 23:30:02', '2025-09-27 23:30:02', NULL, NULL, 8, '2025-12-27', 0),
(2492, NULL, 0, NULL, '09:00:00', '10:00:00', NULL, NULL, 9, 15, 0, 1, 0, '127.0.0.1', '2025-09-27 23:30:02', '2025-09-27 23:30:02', NULL, NULL, 9, '2025-12-27', 0),
(2493, NULL, 0, NULL, '16:00:00', '17:00:00', NULL, NULL, 1, 1, 0, 1, 0, '127.0.0.1', '2025-09-28 23:30:02', '2025-09-28 23:30:02', NULL, NULL, 1, '2025-12-28', 0),
(2494, NULL, 0, NULL, '17:00:00', '18:00:00', NULL, NULL, 1, 1, 0, 1, 0, '127.0.0.1', '2025-09-28 23:30:02', '2025-09-28 23:30:02', NULL, NULL, 2, '2025-12-28', 0),
(2495, NULL, 0, NULL, '18:00:00', '19:00:00', NULL, NULL, 2, 1, 0, 1, 0, '127.0.0.1', '2025-09-28 23:30:02', '2025-09-28 23:30:02', NULL, NULL, 3, '2025-12-28', 0),
(2496, NULL, 0, NULL, '20:00:00', '21:00:00', NULL, NULL, 2, 1, 0, 1, 0, '127.0.0.1', '2025-09-28 23:30:02', '2025-09-28 23:30:02', NULL, NULL, 4, '2025-12-28', 0),
(2497, NULL, 0, NULL, '12:00:00', '13:00:00', NULL, NULL, 6, 13, 0, 1, 0, '127.0.0.1', '2025-09-28 23:30:02', '2025-09-28 23:30:02', NULL, NULL, 5, '2025-12-28', 0),
(2498, NULL, 0, NULL, '14:00:00', '16:00:00', NULL, NULL, 7, 13, 0, 1, 0, '127.0.0.1', '2025-09-28 23:30:02', '2025-09-28 23:30:02', NULL, NULL, 6, '2025-12-28', 0),
(2499, NULL, 0, NULL, '17:00:00', '18:00:00', NULL, NULL, 8, 13, 0, 1, 0, '127.0.0.1', '2025-09-28 23:30:02', '2025-09-28 23:30:02', NULL, NULL, 7, '2025-12-28', 0),
(2500, NULL, 0, NULL, '18:00:00', '19:00:00', NULL, NULL, 6, 13, 0, 1, 0, '127.0.0.1', '2025-09-28 23:30:02', '2025-09-28 23:30:02', NULL, NULL, 8, '2025-12-28', 0),
(2501, NULL, 0, NULL, '09:00:00', '10:00:00', NULL, NULL, 9, 15, 0, 1, 0, '127.0.0.1', '2025-09-28 23:30:02', '2025-09-28 23:30:02', NULL, NULL, 9, '2025-12-28', 0),
(2502, NULL, 0, NULL, '16:00:00', '17:00:00', NULL, NULL, 1, 1, 0, 1, 0, '127.0.0.1', '2025-09-29 23:30:02', '2025-09-29 23:30:02', NULL, NULL, 1, '2025-12-29', 0),
(2503, NULL, 0, NULL, '17:00:00', '18:00:00', NULL, NULL, 1, 1, 0, 1, 0, '127.0.0.1', '2025-09-29 23:30:02', '2025-09-29 23:30:02', NULL, NULL, 2, '2025-12-29', 0),
(2504, NULL, 0, NULL, '18:00:00', '19:00:00', NULL, NULL, 2, 1, 0, 1, 0, '127.0.0.1', '2025-09-29 23:30:02', '2025-09-29 23:30:02', NULL, NULL, 3, '2025-12-29', 0),
(2505, NULL, 0, NULL, '20:00:00', '21:00:00', NULL, NULL, 2, 1, 0, 1, 0, '127.0.0.1', '2025-09-29 23:30:02', '2025-09-29 23:30:02', NULL, NULL, 4, '2025-12-29', 0),
(2506, NULL, 0, NULL, '12:00:00', '13:00:00', NULL, NULL, 6, 13, 0, 1, 0, '127.0.0.1', '2025-09-29 23:30:02', '2025-09-29 23:30:02', NULL, NULL, 5, '2025-12-29', 0),
(2507, NULL, 0, NULL, '14:00:00', '16:00:00', NULL, NULL, 7, 13, 0, 1, 0, '127.0.0.1', '2025-09-29 23:30:02', '2025-09-29 23:30:02', NULL, NULL, 6, '2025-12-29', 0),
(2508, NULL, 0, NULL, '17:00:00', '18:00:00', NULL, NULL, 8, 13, 0, 1, 0, '127.0.0.1', '2025-09-29 23:30:02', '2025-09-29 23:30:02', NULL, NULL, 7, '2025-12-29', 0),
(2509, NULL, 0, NULL, '18:00:00', '19:00:00', NULL, NULL, 6, 13, 0, 1, 0, '127.0.0.1', '2025-09-29 23:30:02', '2025-09-29 23:30:02', NULL, NULL, 8, '2025-12-29', 0),
(2510, NULL, 0, NULL, '09:00:00', '10:00:00', NULL, NULL, 9, 15, 0, 1, 0, '127.0.0.1', '2025-09-29 23:30:02', '2025-09-29 23:30:02', NULL, NULL, 9, '2025-12-29', 0),
(2511, NULL, 0, NULL, '16:00:00', '17:00:00', NULL, NULL, 1, 1, 0, 1, 0, '127.0.0.1', '2025-09-30 23:30:03', '2025-09-30 23:30:03', NULL, NULL, 1, '2025-12-30', 0),
(2512, NULL, 0, NULL, '17:00:00', '18:00:00', NULL, NULL, 1, 1, 0, 1, 0, '127.0.0.1', '2025-09-30 23:30:03', '2025-09-30 23:30:03', NULL, NULL, 2, '2025-12-30', 0),
(2513, NULL, 0, NULL, '18:00:00', '19:00:00', NULL, NULL, 2, 1, 0, 1, 0, '127.0.0.1', '2025-09-30 23:30:03', '2025-09-30 23:30:03', NULL, NULL, 3, '2025-12-30', 0),
(2514, NULL, 0, NULL, '20:00:00', '21:00:00', NULL, NULL, 2, 1, 0, 1, 0, '127.0.0.1', '2025-09-30 23:30:03', '2025-09-30 23:30:03', NULL, NULL, 4, '2025-12-30', 0),
(2515, NULL, 0, NULL, '12:00:00', '13:00:00', NULL, NULL, 6, 13, 0, 1, 0, '127.0.0.1', '2025-09-30 23:30:03', '2025-09-30 23:30:03', NULL, NULL, 5, '2025-12-30', 0),
(2516, NULL, 0, NULL, '14:00:00', '16:00:00', NULL, NULL, 7, 13, 0, 1, 0, '127.0.0.1', '2025-09-30 23:30:03', '2025-09-30 23:30:03', NULL, NULL, 6, '2025-12-30', 0),
(2517, NULL, 0, NULL, '17:00:00', '18:00:00', NULL, NULL, 8, 13, 0, 1, 0, '127.0.0.1', '2025-09-30 23:30:03', '2025-09-30 23:30:03', NULL, NULL, 7, '2025-12-30', 0),
(2518, NULL, 0, NULL, '18:00:00', '19:00:00', NULL, NULL, 6, 13, 0, 1, 0, '127.0.0.1', '2025-09-30 23:30:03', '2025-09-30 23:30:03', NULL, NULL, 8, '2025-12-30', 0),
(2519, NULL, 0, NULL, '09:00:00', '10:00:00', NULL, NULL, 9, 15, 0, 1, 0, '127.0.0.1', '2025-09-30 23:30:03', '2025-09-30 23:30:03', NULL, NULL, 9, '2025-12-30', 0),
(2520, NULL, 0, NULL, '16:00:00', '17:00:00', NULL, NULL, 1, 1, 0, 1, 0, '127.0.0.1', '2025-10-01 23:30:02', '2025-10-01 23:30:02', NULL, NULL, 1, '2025-12-31', 0),
(2521, NULL, 0, NULL, '17:00:00', '18:00:00', NULL, NULL, 1, 1, 0, 1, 0, '127.0.0.1', '2025-10-01 23:30:02', '2025-10-01 23:30:02', NULL, NULL, 2, '2025-12-31', 0),
(2522, NULL, 0, NULL, '18:00:00', '19:00:00', NULL, NULL, 2, 1, 0, 1, 0, '127.0.0.1', '2025-10-01 23:30:02', '2025-10-01 23:30:02', NULL, NULL, 3, '2025-12-31', 0),
(2523, NULL, 0, NULL, '20:00:00', '21:00:00', NULL, NULL, 2, 1, 0, 1, 0, '127.0.0.1', '2025-10-01 23:30:02', '2025-10-01 23:30:02', NULL, NULL, 4, '2025-12-31', 0),
(2524, NULL, 0, NULL, '12:00:00', '13:00:00', NULL, NULL, 6, 13, 0, 1, 0, '127.0.0.1', '2025-10-01 23:30:02', '2025-10-01 23:30:02', NULL, NULL, 5, '2025-12-31', 0),
(2525, NULL, 0, NULL, '14:00:00', '16:00:00', NULL, NULL, 7, 13, 0, 1, 0, '127.0.0.1', '2025-10-01 23:30:02', '2025-10-01 23:30:02', NULL, NULL, 6, '2025-12-31', 0),
(2526, NULL, 0, NULL, '17:00:00', '18:00:00', NULL, NULL, 8, 13, 0, 1, 0, '127.0.0.1', '2025-10-01 23:30:02', '2025-10-01 23:30:02', NULL, NULL, 7, '2025-12-31', 0),
(2527, NULL, 0, NULL, '18:00:00', '19:00:00', NULL, NULL, 6, 13, 0, 1, 0, '127.0.0.1', '2025-10-01 23:30:02', '2025-10-01 23:30:02', NULL, NULL, 8, '2025-12-31', 0),
(2528, NULL, 0, NULL, '09:00:00', '10:00:00', NULL, NULL, 9, 15, 0, 1, 0, '127.0.0.1', '2025-10-01 23:30:02', '2025-10-01 23:30:02', NULL, NULL, 9, '2025-12-31', 0),
(2529, NULL, 0, NULL, '16:00:00', '17:00:00', NULL, NULL, 1, 1, 0, 1, 0, '127.0.0.1', '2025-10-02 23:30:03', '2025-10-02 23:30:03', NULL, NULL, 1, '2026-01-01', 0),
(2530, NULL, 0, NULL, '17:00:00', '18:00:00', NULL, NULL, 1, 1, 0, 1, 0, '127.0.0.1', '2025-10-02 23:30:03', '2025-10-02 23:30:03', NULL, NULL, 2, '2026-01-01', 0),
(2531, NULL, 0, NULL, '18:00:00', '19:00:00', NULL, NULL, 2, 1, 0, 1, 0, '127.0.0.1', '2025-10-02 23:30:03', '2025-10-02 23:30:03', NULL, NULL, 3, '2026-01-01', 0),
(2532, NULL, 0, NULL, '20:00:00', '21:00:00', NULL, NULL, 2, 1, 0, 1, 0, '127.0.0.1', '2025-10-02 23:30:03', '2025-10-02 23:30:03', NULL, NULL, 4, '2026-01-01', 0),
(2533, NULL, 0, NULL, '12:00:00', '13:00:00', NULL, NULL, 6, 13, 0, 1, 0, '127.0.0.1', '2025-10-02 23:30:03', '2025-10-02 23:30:03', NULL, NULL, 5, '2026-01-01', 0),
(2534, NULL, 0, NULL, '14:00:00', '16:00:00', NULL, NULL, 7, 13, 0, 1, 0, '127.0.0.1', '2025-10-02 23:30:03', '2025-10-02 23:30:03', NULL, NULL, 6, '2026-01-01', 0),
(2535, NULL, 0, NULL, '17:00:00', '18:00:00', NULL, NULL, 8, 13, 0, 1, 0, '127.0.0.1', '2025-10-02 23:30:03', '2025-10-02 23:30:03', NULL, NULL, 7, '2026-01-01', 0),
(2536, NULL, 0, NULL, '18:00:00', '19:00:00', NULL, NULL, 6, 13, 0, 1, 0, '127.0.0.1', '2025-10-02 23:30:03', '2025-10-02 23:30:03', NULL, NULL, 8, '2026-01-01', 0),
(2537, NULL, 0, NULL, '09:00:00', '10:00:00', NULL, NULL, 9, 15, 0, 1, 0, '127.0.0.1', '2025-10-02 23:30:03', '2025-10-02 23:30:03', NULL, NULL, 9, '2026-01-01', 0),
(2538, NULL, 0, NULL, '16:00:00', '17:00:00', NULL, NULL, 1, 1, 0, 1, 0, '127.0.0.1', '2025-10-03 23:30:03', '2025-10-03 23:30:03', NULL, NULL, 1, '2026-01-02', 0),
(2539, NULL, 0, NULL, '17:00:00', '18:00:00', NULL, NULL, 1, 1, 0, 1, 0, '127.0.0.1', '2025-10-03 23:30:03', '2025-10-03 23:30:03', NULL, NULL, 2, '2026-01-02', 0),
(2540, NULL, 0, NULL, '18:00:00', '19:00:00', NULL, NULL, 2, 1, 0, 1, 0, '127.0.0.1', '2025-10-03 23:30:03', '2025-10-03 23:30:03', NULL, NULL, 3, '2026-01-02', 0),
(2541, NULL, 0, NULL, '20:00:00', '21:00:00', NULL, NULL, 2, 1, 0, 1, 0, '127.0.0.1', '2025-10-03 23:30:03', '2025-10-03 23:30:03', NULL, NULL, 4, '2026-01-02', 0),
(2542, NULL, 0, NULL, '12:00:00', '13:00:00', NULL, NULL, 6, 13, 0, 1, 0, '127.0.0.1', '2025-10-03 23:30:03', '2025-10-03 23:30:03', NULL, NULL, 5, '2026-01-02', 0),
(2543, NULL, 0, NULL, '14:00:00', '16:00:00', NULL, NULL, 7, 13, 0, 1, 0, '127.0.0.1', '2025-10-03 23:30:03', '2025-10-03 23:30:03', NULL, NULL, 6, '2026-01-02', 0),
(2544, NULL, 0, NULL, '17:00:00', '18:00:00', NULL, NULL, 8, 13, 0, 1, 0, '127.0.0.1', '2025-10-03 23:30:03', '2025-10-03 23:30:03', NULL, NULL, 7, '2026-01-02', 0),
(2545, NULL, 0, NULL, '18:00:00', '19:00:00', NULL, NULL, 6, 13, 0, 1, 0, '127.0.0.1', '2025-10-03 23:30:03', '2025-10-03 23:30:03', NULL, NULL, 8, '2026-01-02', 0),
(2546, NULL, 0, NULL, '09:00:00', '10:00:00', NULL, NULL, 9, 15, 0, 1, 0, '127.0.0.1', '2025-10-03 23:30:03', '2025-10-03 23:30:03', NULL, NULL, 9, '2026-01-02', 0),
(2547, NULL, 0, NULL, '16:00:00', '17:00:00', NULL, NULL, 1, 1, 0, 1, 0, '127.0.0.1', '2025-10-04 23:30:03', '2025-10-04 23:30:03', NULL, NULL, 1, '2026-01-03', 0),
(2548, NULL, 0, NULL, '17:00:00', '18:00:00', NULL, NULL, 1, 1, 0, 1, 0, '127.0.0.1', '2025-10-04 23:30:03', '2025-10-04 23:30:03', NULL, NULL, 2, '2026-01-03', 0),
(2549, NULL, 0, NULL, '18:00:00', '19:00:00', NULL, NULL, 2, 1, 0, 1, 0, '127.0.0.1', '2025-10-04 23:30:03', '2025-10-04 23:30:03', NULL, NULL, 3, '2026-01-03', 0),
(2550, NULL, 0, NULL, '20:00:00', '21:00:00', NULL, NULL, 2, 1, 0, 1, 0, '127.0.0.1', '2025-10-04 23:30:03', '2025-10-04 23:30:03', NULL, NULL, 4, '2026-01-03', 0),
(2551, NULL, 0, NULL, '12:00:00', '13:00:00', NULL, NULL, 6, 13, 0, 1, 0, '127.0.0.1', '2025-10-04 23:30:03', '2025-10-04 23:30:03', NULL, NULL, 5, '2026-01-03', 0),
(2552, NULL, 0, NULL, '14:00:00', '16:00:00', NULL, NULL, 7, 13, 0, 1, 0, '127.0.0.1', '2025-10-04 23:30:03', '2025-10-04 23:30:03', NULL, NULL, 6, '2026-01-03', 0),
(2553, NULL, 0, NULL, '17:00:00', '18:00:00', NULL, NULL, 8, 13, 0, 1, 0, '127.0.0.1', '2025-10-04 23:30:03', '2025-10-04 23:30:03', NULL, NULL, 7, '2026-01-03', 0),
(2554, NULL, 0, NULL, '18:00:00', '19:00:00', NULL, NULL, 6, 13, 0, 1, 0, '127.0.0.1', '2025-10-04 23:30:03', '2025-10-04 23:30:03', NULL, NULL, 8, '2026-01-03', 0),
(2555, NULL, 0, NULL, '09:00:00', '10:00:00', NULL, NULL, 9, 15, 0, 1, 0, '127.0.0.1', '2025-10-04 23:30:03', '2025-10-04 23:30:03', NULL, NULL, 9, '2026-01-03', 0),
(2556, NULL, 0, NULL, '16:00:00', '17:00:00', NULL, NULL, 1, 1, 0, 1, 0, '127.0.0.1', '2025-10-05 23:30:02', '2025-10-05 23:30:02', NULL, NULL, 1, '2026-01-04', 0),
(2557, NULL, 0, NULL, '17:00:00', '18:00:00', NULL, NULL, 1, 1, 0, 1, 0, '127.0.0.1', '2025-10-05 23:30:02', '2025-10-05 23:30:02', NULL, NULL, 2, '2026-01-04', 0),
(2558, NULL, 0, NULL, '18:00:00', '19:00:00', NULL, NULL, 2, 1, 0, 1, 0, '127.0.0.1', '2025-10-05 23:30:02', '2025-10-05 23:30:02', NULL, NULL, 3, '2026-01-04', 0),
(2559, NULL, 0, NULL, '20:00:00', '21:00:00', NULL, NULL, 2, 1, 0, 1, 0, '127.0.0.1', '2025-10-05 23:30:02', '2025-10-05 23:30:02', NULL, NULL, 4, '2026-01-04', 0),
(2560, NULL, 0, NULL, '12:00:00', '13:00:00', NULL, NULL, 6, 13, 0, 1, 0, '127.0.0.1', '2025-10-05 23:30:02', '2025-10-05 23:30:02', NULL, NULL, 5, '2026-01-04', 0),
(2561, NULL, 0, NULL, '14:00:00', '16:00:00', NULL, NULL, 7, 13, 0, 1, 0, '127.0.0.1', '2025-10-05 23:30:02', '2025-10-05 23:30:02', NULL, NULL, 6, '2026-01-04', 0),
(2562, NULL, 0, NULL, '17:00:00', '18:00:00', NULL, NULL, 8, 13, 0, 1, 0, '127.0.0.1', '2025-10-05 23:30:02', '2025-10-05 23:30:02', NULL, NULL, 7, '2026-01-04', 0),
(2563, NULL, 0, NULL, '18:00:00', '19:00:00', NULL, NULL, 6, 13, 0, 1, 0, '127.0.0.1', '2025-10-05 23:30:02', '2025-10-05 23:30:02', NULL, NULL, 8, '2026-01-04', 0),
(2564, NULL, 0, NULL, '09:00:00', '10:00:00', NULL, NULL, 9, 15, 0, 1, 0, '127.0.0.1', '2025-10-05 23:30:02', '2025-10-05 23:30:02', NULL, NULL, 9, '2026-01-04', 0),
(2565, NULL, 0, NULL, '16:00:00', '17:00:00', NULL, NULL, 1, 1, 0, 1, 0, '127.0.0.1', '2025-10-06 23:30:02', '2025-10-06 23:30:02', NULL, NULL, 1, '2026-01-05', 0),
(2566, NULL, 0, NULL, '17:00:00', '18:00:00', NULL, NULL, 1, 1, 0, 1, 0, '127.0.0.1', '2025-10-06 23:30:02', '2025-10-06 23:30:02', NULL, NULL, 2, '2026-01-05', 0),
(2567, NULL, 0, NULL, '18:00:00', '19:00:00', NULL, NULL, 2, 1, 0, 1, 0, '127.0.0.1', '2025-10-06 23:30:02', '2025-10-06 23:30:02', NULL, NULL, 3, '2026-01-05', 0),
(2568, NULL, 0, NULL, '20:00:00', '21:00:00', NULL, NULL, 2, 1, 0, 1, 0, '127.0.0.1', '2025-10-06 23:30:02', '2025-10-06 23:30:02', NULL, NULL, 4, '2026-01-05', 0),
(2569, NULL, 0, NULL, '12:00:00', '13:00:00', NULL, NULL, 6, 13, 0, 1, 0, '127.0.0.1', '2025-10-06 23:30:02', '2025-10-06 23:30:02', NULL, NULL, 5, '2026-01-05', 0),
(2570, NULL, 0, NULL, '14:00:00', '16:00:00', NULL, NULL, 7, 13, 0, 1, 0, '127.0.0.1', '2025-10-06 23:30:02', '2025-10-06 23:30:02', NULL, NULL, 6, '2026-01-05', 0),
(2571, NULL, 0, NULL, '17:00:00', '18:00:00', NULL, NULL, 8, 13, 0, 1, 0, '127.0.0.1', '2025-10-06 23:30:02', '2025-10-06 23:30:02', NULL, NULL, 7, '2026-01-05', 0),
(2572, NULL, 0, NULL, '18:00:00', '19:00:00', NULL, NULL, 6, 13, 0, 1, 0, '127.0.0.1', '2025-10-06 23:30:02', '2025-10-06 23:30:02', NULL, NULL, 8, '2026-01-05', 0),
(2573, NULL, 0, NULL, '09:00:00', '10:00:00', NULL, NULL, 9, 15, 0, 1, 0, '127.0.0.1', '2025-10-06 23:30:02', '2025-10-06 23:30:02', NULL, NULL, 9, '2026-01-05', 0);

-- --------------------------------------------------------

--
-- Table structure for table `sendemaildetails`
--

CREATE TABLE `sendemaildetails` (
  `id` int(11) NOT NULL,
  `strSubject` varchar(50) COLLATE utf8_unicode_ci DEFAULT NULL,
  `strTitle` varchar(50) COLLATE utf8_unicode_ci DEFAULT NULL,
  `strFromMail` varchar(250) COLLATE utf8_unicode_ci DEFAULT NULL,
  `ToMail` varchar(250) COLLATE utf8_unicode_ci DEFAULT NULL,
  `strCC` varchar(250) COLLATE utf8_unicode_ci DEFAULT NULL,
  `strBCC` varchar(250) COLLATE utf8_unicode_ci DEFAULT NULL
) ENGINE=InnoDB DEFAULT CHARSET=utf8 COLLATE=utf8_unicode_ci;

--
-- Dumping data for table `sendemaildetails`
--

INSERT INTO `sendemaildetails` (`id`, `strSubject`, `strTitle`, `strFromMail`, `ToMail`, `strCC`, `strBCC`) VALUES
(4, 'Contact Inquiry', 'Wardrobe Fashion', 'no-reply@thewardrobefashion.in', NULL, '', ''),
(8, 'Forget Password', 'Wardrobe Fashion', 'no-reply@thewardrobefashion.in', NULL, NULL, NULL),
(9, 'DrivingSchool', 'DrivingSchool', 'info@getdemo.in', NULL, NULL, NULL),
(10, 'Dispatch Order', 'Wardrobe Fashion', 'no-reply@thewardrobefashion.in', NULL, NULL, NULL);

-- --------------------------------------------------------

--
-- Table structure for table ` session`
--

CREATE TABLE ` session` (
  `session_id` int(11) NOT NULL,
  `Customer_id` int(11) DEFAULT NULL,
  `SchoolId` int(11) DEFAULT NULL,
  `Driver_id` int(11) DEFAULT NULL,
  `booking_id` int(11) DEFAULT NULL,
  `start_datetime` datetime DEFAULT NULL,
  `end_datetime` datetime DEFAULT NULL,
  `created_at` timestamp NULL DEFAULT NULL,
  `updated_at` timestamp NULL DEFAULT NULL,
  `strIP` varchar(45) DEFAULT NULL,
  `iStatus` int(11) DEFAULT '1',
  `isDelete` int(11) DEFAULT '0'
) ENGINE=InnoDB DEFAULT CHARSET=utf8mb4;

-- --------------------------------------------------------

--
-- Table structure for table `state-masters`
--

CREATE TABLE `state-masters` (
  `stateId` int(11) NOT NULL,
  `stateName` varchar(255) COLLATE utf8mb4_unicode_ci NOT NULL,
  `iStatus` int(11) DEFAULT '1',
  `isDelete` tinyint(1) DEFAULT '0',
  `created_at` timestamp NULL DEFAULT NULL,
  `updated_at` timestamp NULL DEFAULT NULL,
  `strIP` varchar(255) COLLATE utf8mb4_unicode_ci DEFAULT NULL
) ENGINE=InnoDB DEFAULT CHARSET=utf8mb4 COLLATE=utf8mb4_unicode_ci;

--
-- Dumping data for table `state-masters`
--

INSERT INTO `state-masters` (`stateId`, `stateName`, `iStatus`, `isDelete`, `created_at`, `updated_at`, `strIP`) VALUES
(1, 'Maharashtra', 0, 0, '2024-06-27 10:48:11', '2024-12-04 11:25:24', NULL),
(3, 'Karnataka', 1, 0, '2024-06-27 10:48:11', '2024-06-27 10:48:11', NULL),
(5, 'Gujarat', 1, 0, '2024-06-27 10:48:11', '2024-06-27 10:48:11', NULL),
(6, 'Telangana', 1, 0, '2024-06-27 10:48:11', '2024-06-27 10:48:11', NULL),
(7, 'Tamil Nadu', 1, 0, '2024-06-27 10:48:11', '2024-06-27 10:48:11', NULL),
(8, 'Rajasthan', 1, 0, '2024-06-27 10:48:11', '2024-06-27 10:48:11', NULL),
(9, 'Uttar Pradesh', 1, 0, '2024-06-27 10:48:11', '2024-06-27 10:48:11', NULL),
(10, 'Bihar', 1, 0, '2024-06-27 10:48:11', '2024-06-27 10:48:11', NULL),
(11, 'Madhya Pradesh', 1, 0, '2024-06-27 10:48:11', '2024-06-27 10:48:11', NULL),
(12, 'Andhra Pradesh', 1, 0, '2024-06-27 10:48:11', '2024-06-27 10:48:11', NULL),
(13, 'Punjab', 1, 0, '2024-06-27 10:48:11', '2024-06-27 10:48:11', NULL),
(14, 'Haryana', 0, 0, '2024-06-27 10:48:11', '2024-09-20 06:34:20', NULL),
(15, 'Jammu and Kashmir', 1, 0, '2024-06-27 10:48:11', '2024-06-27 10:48:11', NULL),
(16, 'Jharkhand', 1, 0, '2024-06-27 10:48:11', '2024-06-27 10:48:11', NULL),
(17, 'Chhattisgarh', 1, 0, '2024-06-27 10:48:11', '2024-06-27 10:48:11', NULL),
(18, 'Assam', 0, 0, '2024-06-27 10:48:11', '2024-09-17 05:05:29', NULL),
(19, 'Chandigarh', 1, 0, '2024-06-27 10:48:11', '2024-06-27 10:48:11', NULL),
(20, 'Odisha', 1, 0, '2024-06-27 10:48:11', '2024-06-27 10:48:11', NULL),
(21, 'Kerala', 1, 0, '2024-06-27 10:48:11', '2024-06-27 10:48:11', NULL),
(22, 'Uttarakhand', 1, 0, '2024-06-27 10:48:11', '2024-06-27 10:48:11', NULL),
(23, 'Puducherry', 1, 0, '2024-06-27 10:48:11', '2024-06-27 10:48:11', NULL),
(24, 'Tripura', 1, 0, '2024-06-27 10:48:11', '2024-06-27 10:48:11', NULL),
(25, 'Karnatka', 1, 0, '2024-06-27 10:48:11', '2024-06-27 10:48:11', NULL),
(26, 'Mizoram', 1, 0, '2024-06-27 10:48:11', '2024-06-27 10:48:11', NULL),
(27, 'Meghalaya', 1, 0, '2024-06-27 10:48:11', '2024-06-27 10:48:11', NULL),
(28, 'Manipur', 1, 0, '2024-06-27 10:48:11', '2024-06-27 10:48:11', NULL),
(29, 'Himachal Pradesh', 1, 0, '2024-06-27 10:48:11', '2024-06-27 10:48:11', NULL),
(30, 'Nagaland', 1, 0, '2024-06-27 10:48:11', '2024-06-27 10:48:11', NULL),
(31, 'Goa', 1, 0, '2024-06-27 10:48:11', '2024-06-27 10:48:11', NULL),
(33, 'Arunachal Pradesh', 1, 0, '2024-06-27 10:48:11', '2024-06-27 10:48:11', NULL),
(34, 'Dadra and Nagar Haveli', 1, 0, '2024-06-27 10:48:11', '2024-06-27 10:48:11', NULL),
(48, 'test new', 1, 0, '2024-12-03 11:03:21', '2024-12-03 11:04:34', '127.0.0.1');

-- --------------------------------------------------------

--
-- Table structure for table `TestPaper`
--

CREATE TABLE `TestPaper` (
  `TestPaper_id` int(11) NOT NULL,
  `TestPaper_name` varchar(45) DEFAULT NULL,
  `language` int(11) DEFAULT '0',
  `iStatus` int(11) DEFAULT '1',
  `isDelete` int(11) DEFAULT '0',
  `strIP` text,
  `created_at` datetime DEFAULT NULL,
  `updated_at` datetime DEFAULT NULL
) ENGINE=InnoDB DEFAULT CHARSET=utf8mb4;

--
-- Dumping data for table `TestPaper`
--

INSERT INTO `TestPaper` (`TestPaper_id`, `TestPaper_name`, `language`, `iStatus`, `isDelete`, `strIP`, `created_at`, `updated_at`) VALUES
(1, 'Test 1', 1, 1, 0, '103.1.100.226', '2025-03-10 10:36:10', '2025-03-10 10:36:10'),
(2, 'Test 2', 2, 1, 0, '103.1.100.226', '2025-03-10 10:39:13', '2025-03-10 10:39:13'),
(3, 'Test 3', 3, 1, 0, '103.1.100.226', '2025-03-10 10:40:14', '2025-03-10 10:40:14'),
(4, 'Test 2', 1, 1, 0, '103.1.100.226', '2025-03-10 11:12:09', '2025-03-10 11:12:09');

-- --------------------------------------------------------

--
-- Table structure for table `test_question`
--

CREATE TABLE `test_question` (
  `test_question_id` int(11) NOT NULL,
  `question` varchar(255) DEFAULT NULL,
  `option_1` varchar(255) DEFAULT NULL,
  `option_2` varchar(255) DEFAULT NULL,
  `option_3` varchar(255) DEFAULT NULL,
  `answer` varchar(255) DEFAULT NULL,
  `image` varchar(255) DEFAULT NULL,
  `iStatus` int(11) DEFAULT '1',
  `isDelete` int(11) DEFAULT '0',
  `strIP` varchar(45) DEFAULT NULL,
  `created_at` timestamp NULL DEFAULT NULL,
  `updated_at` timestamp NULL DEFAULT NULL,
  `language` int(11) DEFAULT NULL COMMENT '1 = Hindi, 2= English, 3= Gujarati',
  `TestPaper_id` int(11) NOT NULL DEFAULT '0'
) ENGINE=InnoDB DEFAULT CHARSET=utf8mb4;

--
-- Dumping data for table `test_question`
--

INSERT INTO `test_question` (`test_question_id`, `question`, `option_1`, `option_2`, `option_3`, `answer`, `image`, `iStatus`, `isDelete`, `strIP`, `created_at`, `updated_at`, `language`, `TestPaper_id`) VALUES
(1, '  \r\n ( \r\n ?', '=    ', '=    ', ' +  + ', 'B', '1741415485_08032025120125.jpg', 1, 0, '103.1.100.226', '2025-03-08 06:31:25', '2025-03-08 06:31:25', 1, 1),
(2, '    (   ?', '  =   ', '   2   ?', '+ <  =  ', 'B', '1741415665_08032025120425.jpg', 1, 0, '103.1.100.226', '2025-03-08 06:34:25', '2025-03-08 06:34:25', 1, 1),
(3, '  \r\n ( \r\n ?', '  -     ', '      ', '     ', 'C', '1741415826_08032025120706.jpg', 1, 0, '103.1.100.226', '2025-03-08 06:37:06', '2025-03-08 06:37:06', 1, 1),
(4, '  \r\n ( \r\n ?', '=    ', '+ <   - =  ', '=    ', 'B', '1741415936_08032025120856.jpg', 1, 0, '103.1.100.226', '2025-03-08 06:38:56', '2025-03-08 06:38:56', 1, 1),
(5, '   (  ?', ' ', ' U  ', '  -   ', 'A', '1741416033_08032025121033.jpg', 1, 0, '103.1.100.226', '2025-03-08 06:40:33', '2025-03-10 09:16:35', 1, 1),
(6, '    (   ?', '     ', '    ', '       ', 'A', '1741416256_08032025121416.png', 1, 0, '103.1.100.226', '2025-03-08 06:44:16', '2025-03-08 06:44:16', 1, 0),
(7, '                   (  ', '+    -', '   +    -', '              -      -', 'C', '', 1, 0, '103.1.100.226', '2025-03-08 06:47:30', '2025-03-08 06:47:30', 1, 0),
(8, '    ( +  ?', ' ', '  2', '   ', 'A', '', 1, 0, '103.1.100.226', '2025-03-08 06:48:38', '2025-03-08 06:48:38', 1, 0),
(9, '  \r\n     \r\n   \r\n  \r\n\r\n\r\n   \r\n   \r\n(  -?', '              ', '        -', '        <  -', 'C', '', 1, 0, '103.1.100.226', '2025-03-08 06:50:23', '2025-03-08 06:50:23', 1, 0),
(10, '  \r\n ( \r\n ?', '=  ', '=    ?', '+ <  - -', 'A', '', 1, 0, '103.1.100.226', '2025-03-08 06:51:12', '2025-03-08 06:51:12', 1, 0),
(11, '  \r\n\r\n \r\n\r\n  \r\nBC   \r\n   (\r\n -', '           + ', '        -  + ', ' BC      G   24 H- -     -  +  ', 'C', '', 1, 0, '103.1.100.226', '2025-03-08 06:51:53', '2025-03-08 06:51:53', 1, 0),
(12, '  \r\n ( \r\n ?', ' -', '  ', '  - ', 'A', '', 1, 0, '103.1.100.226', '2025-03-08 06:52:32', '2025-03-08 06:52:32', 1, 0),
(13, '  \r\n   \r\n  ', ' 2 + ', '  + ', '+  -   -', 'C', '', 1, 0, '103.1.100.226', '2025-03-08 06:53:09', '2025-03-08 06:53:09', 1, 0),
(14, ' \r\n \r\n  ?', '   ', ' 1 L ', '   ', 'B', '1741417435_08032025123355.jpg', 1, 0, '103.1.100.226', '2025-03-08 07:03:55', '2025-03-08 07:03:55', 3, 3),
(17, ' \r\n \r\n  ?', '     ', ' O ', '    ', 'B', '1741417880_08032025124120.jpg', 1, 0, '103.1.100.226', '2025-03-08 07:11:20', '2025-03-08 07:11:20', 3, 3),
(18, ' \r\n \r\n  ?', '>  Q 3  ', '   Q  ', '9  Q  ', 'C', '1741418002_08032025124322.jpg', 1, 0, '103.1.100.226', '2025-03-08 07:13:22', '2025-03-08 07:13:22', 3, 3),
(19, ' \r\n \r\n  ?', '   ', '        ', '    ', 'B', '1741418073_08032025124433.jpg', 1, 0, '103.1.100.226', '2025-03-08 07:14:33', '2025-03-08 07:14:33', 3, 3),
(20, '      ?', ' B', 'k 3', '     ', 'A', '1741418153_08032025124553.jpg', 1, 0, '103.1.100.226', '2025-03-08 07:15:53', '2025-03-08 07:15:53', 3, 3),
(21, ' \r\n \r\n  ?', '>  B   ', '>  B   ', '   ', 'A', '1741418391_08032025124951.jpg', 1, 0, '103.1.100.226', '2025-03-08 07:19:51', '2025-03-08 07:19:51', 3, 3),
(22, '\r\n3  F\r\n J \r\n  ', ' ,     ', '      ', '       ', 'B', '1741418451_08032025125051.png', 1, 0, '103.1.100.226', '2025-03-08 07:20:51', '2025-03-08 07:20:51', 3, 3),
(23, '\r\n \r\n \r\n\r\n?', '  ', '  ', ' B', 'C', '1741418510_08032025125150.jpg', 1, 0, '103.1.100.226', '2025-03-08 07:21:50', '2025-03-08 07:21:50', 3, 3),
(24, '\r\n \r\n \r\n\r\n?', '  3  ', '   ', '  ', 'B', '1741418565_08032025125245.jpg', 1, 0, '103.1.100.226', '2025-03-08 07:22:45', '2025-03-08 07:22:45', 3, 3),
(25, ' 3 \r\n\r\n\r\nk\r\n \r\n \r\n   ', '   ', '       k       ', ' >  c ', 'B', '', 1, 0, '103.1.100.226', '2025-03-08 07:24:25', '2025-03-08 07:24:25', 3, 3),
(26, ' M\r\n@  \r\n \r\n  \r\n  ', ' R       F e  ', '   ', '     ', 'A', '', 1, 0, '103.1.100.226', '2025-03-08 07:24:55', '2025-03-08 07:24:55', 3, 0),
(27, '  3        ', '>  3    B ', '>  3    B ', '>  3    B ', 'A', '', 1, 0, '103.1.100.226', '2025-03-08 07:26:37', '2025-03-08 07:26:37', 3, 0),
(28, 'The following\r\nsign represents', 'Intends to go straight', 'Intends to stop the vehicle', 'Intends to turn right', 'B', '1741419001_08032025130001.png', 1, 0, '103.1.100.226', '2025-03-08 07:30:01', '2025-03-08 07:30:01', 2, 2),
(29, 'The following\r\nsign represents', 'Requested to stop the vehicle from behind', 'Allow to pass the vehicle from behind', 'Request to stop the vehicle from front', 'B', '1741419117_08032025130157.png', 1, 0, '103.1.100.226', '2025-03-08 07:31:57', '2025-03-08 07:31:57', 2, 2),
(30, 'The following\r\nsign represents', 'Guarded railway crossing', 'Unguarded railway crossing', 'Unguarded railway crossing 200 mtrs. Ahead', 'A', '1741419193_08032025130313.png', 1, 0, '103.1.100.226', '2025-03-08 07:33:13', '2025-03-08 07:33:13', 2, 2),
(31, 'The following\r\nsign represents', 'Cross road ahead', 'Major road ahead', 'First aid', 'B', '1741419247_08032025130407.png', 1, 0, '103.1.100.226', '2025-03-08 07:34:07', '2025-03-08 07:34:07', 2, 2),
(32, 'The following\r\nsign represents', 'Hospital', 'Resting place', 'First aid', 'B', '1741419312_08032025130512.png', 1, 0, '103.1.100.226', '2025-03-08 07:35:12', '2025-03-08 07:35:12', 2, 2),
(33, 'Minimum age\r\nrequired to\r\nprocure a\r\ncommercial\r\ndriving licence', '18 years', '21 Years', '20 Years', 'C', '', 1, 0, '103.1.100.226', '2025-03-08 09:41:34', '2025-03-08 09:41:34', 2, 2),
(34, 'While parking\r\nthe vehicle', 'Vehicle should be engaged in gear', 'Parking brake should be applied', 'Only hazard (parking) light should be applied', 'B', '', 1, 0, '103.1.100.226', '2025-03-08 09:42:13', '2025-03-08 09:42:13', 2, 2),
(35, 'Validity of\r\nvehicle\r\ninsurance is', '6 months', '1 Year', '2 years', 'B', '', 1, 0, '103.1.100.226', '2025-03-08 09:42:45', '2025-03-08 09:42:45', 2, 2),
(36, 'The colour scheme of number plate for private vehicle is', 'Black background with yellow letter', 'Yellow background with Black letter', 'White background with Black letter', 'C', '', 1, 0, '103.1.100.226', '2025-03-08 09:44:29', '2025-03-08 09:44:29', 2, 2),
(37, 'Which traffic\r\nlight should lit\r\nafter Green at\r\nJunction', 'Red', 'Blue', 'Yellow', 'C', '', 1, 0, '103.1.100.226', '2025-03-08 09:45:16', '2025-03-08 09:45:16', 2, 2),
(38, 'Where it is not\r\nsafe to reverse\r\nyour car, you\r\nshould', 'Go ahead to find suitable place to reverse the car', 'Use all rear view mirrors properly', 'Turn on the reverse horn and reverse', 'A', '', 1, 0, '103.1.100.226', '2025-03-08 09:45:56', '2025-03-08 09:45:56', 2, 2),
(39, 'How driver can\r\nprevent fatigue\r\nwhile driving?', 'By drinking alcohol', 'By resting during the journey at every two hours.', 'By listening to the music', 'B', '', 1, 0, '103.1.100.226', '2025-03-08 09:46:24', '2025-03-08 09:46:24', 2, 2);

-- --------------------------------------------------------

--
-- Table structure for table `users`
--

CREATE TABLE `users` (
  `id` bigint(20) UNSIGNED NOT NULL,
  `first_name` varchar(255) COLLATE utf8mb4_unicode_ci NOT NULL,
  `last_name` varchar(255) COLLATE utf8mb4_unicode_ci DEFAULT NULL,
  `email` varchar(255) COLLATE utf8mb4_unicode_ci NOT NULL,
  `mobile_number` varchar(255) COLLATE utf8mb4_unicode_ci DEFAULT NULL,
  `photo` varchar(255) COLLATE utf8mb4_unicode_ci DEFAULT NULL,
  `password` varchar(255) COLLATE utf8mb4_unicode_ci NOT NULL,
  `address` text COLLATE utf8mb4_unicode_ci,
  `role_id` int(11) NOT NULL DEFAULT '2' COMMENT '1=Admin, 2=TA/TP',
  `role_name` varchar(255) COLLATE utf8mb4_unicode_ci DEFAULT NULL,
  `status` tinyint(4) NOT NULL DEFAULT '1',
  `created_at` timestamp NULL DEFAULT NULL,
  `updated_at` timestamp NULL DEFAULT NULL,
  `strIP` varchar(255) COLLATE utf8mb4_unicode_ci DEFAULT NULL,
  `last_login` timestamp NULL DEFAULT NULL
) ENGINE=InnoDB DEFAULT CHARSET=utf8mb4 COLLATE=utf8mb4_unicode_ci;

--
-- Dumping data for table `users`
--

INSERT INTO `users` (`id`, `first_name`, `last_name`, `email`, `mobile_number`, `photo`, `password`, `address`, `role_id`, `role_name`, `status`, `created_at`, `updated_at`, `strIP`, `last_login`) VALUES
(1, 'Super', 'Admin', 'admin@admin.com', '9028187696', NULL, '$2y$12$G4FMXATQod29.VCYMfdi3OlJBlXuK561PUcaE771dvaHWN5OAuxP2', 'Narol', 1, NULL, 1, '2022-09-12 04:33:06', '2025-04-02 08:32:23', NULL, '2025-04-02 08:32:23'),
(2, 'Mihir', 'Rathod', 'mihirrathod97@gmail.com', '9725123569', NULL, '$2y$12$6RpC3n.eczWgLPJVRda.NebqBwXpMd113lt63FTn3HHGTG5NvmqVi', 'A-1 , Anubhav Flat , bhairavnath cross road , Maninagar , Ahmedabad', 3, 'Support team', 1, '2024-08-22 13:35:38', '2024-08-22 13:37:08', '103.1.100.226', NULL),
(3, 'shubham', 'shivastava', 'shubham@gmail.com', '976543211', NULL, '$2y$12$TbnK4P3C0WfgQ.nxbuh3yulVH6Y5wVHSkhlmORV.NJ8I3xyysrGKe', 'bangaluru', 4, 'marketing', 1, '2024-09-06 15:54:11', '2024-09-06 15:54:31', '42.105.173.11', '2024-09-06 15:54:31');

--
-- Indexes for dumped tables
--

--
-- Indexes for table `Batch-Schedule-master`
--
ALTER TABLE `Batch-Schedule-master`
  ADD PRIMARY KEY (`Schedule_master_id`);

--
-- Indexes for table `Bookings`
--
ALTER TABLE `Bookings`
  ADD PRIMARY KEY (`booking_id`);

--
-- Indexes for table `booking_payment_history`
--
ALTER TABLE `booking_payment_history`
  ADD PRIMARY KEY (`booking_payment_id`);

--
-- Indexes for table `cache`
--
ALTER TABLE `cache`
  ADD PRIMARY KEY (`key`);

--
-- Indexes for table `Car`
--
ALTER TABLE `Car`
  ADD PRIMARY KEY (`car_id`);

--
-- Indexes for table `card_payment`
--
ALTER TABLE `card_payment`
  ADD PRIMARY KEY (`id`);

--
-- Indexes for table `Cartype`
--
ALTER TABLE `Cartype`
  ADD PRIMARY KEY (`cartype_id`);

--
-- Indexes for table `company_profit`
--
ALTER TABLE `company_profit`
  ADD PRIMARY KEY (`id`);

--
-- Indexes for table `Customer`
--
ALTER TABLE `Customer`
  ADD PRIMARY KEY (`Customer_id`);

--
-- Indexes for table `Customer_ledger`
--
ALTER TABLE `Customer_ledger`
  ADD PRIMARY KEY (`customerledger_id`);

--
-- Indexes for table `Driver`
--
ALTER TABLE `Driver`
  ADD PRIMARY KEY (`Driver_id`);

--
-- Indexes for table `drivingschool`
--
ALTER TABLE `drivingschool`
  ADD PRIMARY KEY (`SchoolId`),
  ADD UNIQUE KEY `mobile_number` (`mobile_number`);

--
-- Indexes for table `Feedback`
--
ALTER TABLE `Feedback`
  ADD PRIMARY KEY (`feedback_id`);

--
-- Indexes for table `FuelType`
--
ALTER TABLE `FuelType`
  ADD PRIMARY KEY (`fueltype_id`);

--
-- Indexes for table `package_order`
--
ALTER TABLE `package_order`
  ADD PRIMARY KEY (`package_order_id`);

--
-- Indexes for table `PayToSchool`
--
ALTER TABLE `PayToSchool`
  ADD PRIMARY KEY (`PayToSchool_id`);

--
-- Indexes for table `Plan`
--
ALTER TABLE `Plan`
  ADD PRIMARY KEY (`PlanId`);

--
-- Indexes for table `Schedule`
--
ALTER TABLE `Schedule`
  ADD PRIMARY KEY (`Schedule_id`);

--
-- Indexes for table `sendemaildetails`
--
ALTER TABLE `sendemaildetails`
  ADD PRIMARY KEY (`id`);

--
-- Indexes for table ` session`
--
ALTER TABLE ` session`
  ADD PRIMARY KEY (`session_id`);

--
-- Indexes for table `state-masters`
--
ALTER TABLE `state-masters`
  ADD PRIMARY KEY (`stateId`);

--
-- Indexes for table `TestPaper`
--
ALTER TABLE `TestPaper`
  ADD PRIMARY KEY (`TestPaper_id`);

--
-- Indexes for table `test_question`
--
ALTER TABLE `test_question`
  ADD PRIMARY KEY (`test_question_id`);

--
-- Indexes for table `users`
--
ALTER TABLE `users`
  ADD PRIMARY KEY (`id`),
  ADD UNIQUE KEY `users_email_unique` (`email`);

--
-- AUTO_INCREMENT for dumped tables
--

--
-- AUTO_INCREMENT for table `Batch-Schedule-master`
--
ALTER TABLE `Batch-Schedule-master`
  MODIFY `Schedule_master_id` int(11) NOT NULL AUTO_INCREMENT, AUTO_INCREMENT=10;

--
-- AUTO_INCREMENT for table `Bookings`
--
ALTER TABLE `Bookings`
  MODIFY `booking_id` int(11) NOT NULL AUTO_INCREMENT;

--
-- AUTO_INCREMENT for table `booking_payment_history`
--
ALTER TABLE `booking_payment_history`
  MODIFY `booking_payment_id` int(11) NOT NULL AUTO_INCREMENT;

--
-- AUTO_INCREMENT for table `Car`
--
ALTER TABLE `Car`
  MODIFY `car_id` int(11) NOT NULL AUTO_INCREMENT, AUTO_INCREMENT=10;

--
-- AUTO_INCREMENT for table `card_payment`
--
ALTER TABLE `card_payment`
  MODIFY `id` int(11) NOT NULL AUTO_INCREMENT, AUTO_INCREMENT=22;

--
-- AUTO_INCREMENT for table `Cartype`
--
ALTER TABLE `Cartype`
  MODIFY `cartype_id` int(11) NOT NULL AUTO_INCREMENT, AUTO_INCREMENT=5;

--
-- AUTO_INCREMENT for table `company_profit`
--
ALTER TABLE `company_profit`
  MODIFY `id` int(11) NOT NULL AUTO_INCREMENT, AUTO_INCREMENT=9;

--
-- AUTO_INCREMENT for table `Customer`
--
ALTER TABLE `Customer`
  MODIFY `Customer_id` int(11) NOT NULL AUTO_INCREMENT, AUTO_INCREMENT=18;

--
-- AUTO_INCREMENT for table `Customer_ledger`
--
ALTER TABLE `Customer_ledger`
  MODIFY `customerledger_id` int(11) NOT NULL AUTO_INCREMENT;

--
-- AUTO_INCREMENT for table `Driver`
--
ALTER TABLE `Driver`
  MODIFY `Driver_id` int(11) NOT NULL AUTO_INCREMENT;

--
-- AUTO_INCREMENT for table `drivingschool`
--
ALTER TABLE `drivingschool`
  MODIFY `SchoolId` int(11) NOT NULL AUTO_INCREMENT, AUTO_INCREMENT=21;

--
-- AUTO_INCREMENT for table `Feedback`
--
ALTER TABLE `Feedback`
  MODIFY `feedback_id` int(11) NOT NULL AUTO_INCREMENT;

--
-- AUTO_INCREMENT for table `FuelType`
--
ALTER TABLE `FuelType`
  MODIFY `fueltype_id` int(11) NOT NULL AUTO_INCREMENT, AUTO_INCREMENT=5;

--
-- AUTO_INCREMENT for table `package_order`
--
ALTER TABLE `package_order`
  MODIFY `package_order_id` int(11) NOT NULL AUTO_INCREMENT, AUTO_INCREMENT=17;

--
-- AUTO_INCREMENT for table `PayToSchool`
--
ALTER TABLE `PayToSchool`
  MODIFY `PayToSchool_id` int(11) NOT NULL AUTO_INCREMENT, AUTO_INCREMENT=2;

--
-- AUTO_INCREMENT for table `Plan`
--
ALTER TABLE `Plan`
  MODIFY `PlanId` int(11) NOT NULL AUTO_INCREMENT, AUTO_INCREMENT=15;

--
-- AUTO_INCREMENT for table `Schedule`
--
ALTER TABLE `Schedule`
  MODIFY `Schedule_id` int(11) NOT NULL AUTO_INCREMENT, AUTO_INCREMENT=2574;

--
-- AUTO_INCREMENT for table `sendemaildetails`
--
ALTER TABLE `sendemaildetails`
  MODIFY `id` int(11) NOT NULL AUTO_INCREMENT, AUTO_INCREMENT=11;

--
-- AUTO_INCREMENT for table ` session`
--
ALTER TABLE ` session`
  MODIFY `session_id` int(11) NOT NULL AUTO_INCREMENT;

--
-- AUTO_INCREMENT for table `state-masters`
--
ALTER TABLE `state-masters`
  MODIFY `stateId` int(11) NOT NULL AUTO_INCREMENT, AUTO_INCREMENT=49;

--
-- AUTO_INCREMENT for table `TestPaper`
--
ALTER TABLE `TestPaper`
  MODIFY `TestPaper_id` int(11) NOT NULL AUTO_INCREMENT, AUTO_INCREMENT=5;

--
-- AUTO_INCREMENT for table `test_question`
--
ALTER TABLE `test_question`
  MODIFY `test_question_id` int(11) NOT NULL AUTO_INCREMENT, AUTO_INCREMENT=40;

--
-- AUTO_INCREMENT for table `users`
--
ALTER TABLE `users`
  MODIFY `id` bigint(20) UNSIGNED NOT NULL AUTO_INCREMENT, AUTO_INCREMENT=4;
COMMIT;

/*!40101 SET CHARACTER_SET_CLIENT=@OLD_CHARACTER_SET_CLIENT */;
/*!40101 SET CHARACTER_SET_RESULTS=@OLD_CHARACTER_SET_RESULTS */;
/*!40101 SET COLLATION_CONNECTION=@OLD_COLLATION_CONNECTION */;
